cup_inclination,cup_anteversion,total,d_inc_low,d_inc_high,d_av_low,d_av_high,category
44.43773663803545,4.600158937595044,1,0,0,1,0,MIXED
48.00360956645166,24.40564716391214,0,0,0,0,0,SAFE
26.391718490769307,1.978204931376819,2,1,0,1,0,UNSAFE
43.02272322533828,11.837574076564177,0,0,0,0,0,SAFE
41.86559073996569,6.4695607242642,0,0,0,0,0,SAFE
49.03518379890263,22.777919354289484,0,0,0,0,0,SAFE
42.52824558048973,26.27241206968033,1,0,0,0,1,MIXED
45.74007473801637,6.407075371167618,0,0,0,0,0,SAFE
44.95000627265999,5.411173991710012,0,0,0,0,0,SAFE
49.02760241045818,14.500740890137472,0,0,0,0,0,SAFE
40.52110109163792,8.190704555960586,0,0,0,0,0,SAFE
51.780330709392246,13.45470517931198,1,0,1,0,0,MIXED
38.573377422695145,11.478664495117705,0,0,0,0,0,SAFE
46.25847348442679,18.654440643640783,0,0,0,0,0,SAFE
45.301860892767905,19.308210030078826,0,0,0,0,0,SAFE
59.13318080696369,10.935849836153844,1,0,1,0,0,MIXED
37.902058167427704,6.862272717521222,0,0,0,0,0,SAFE
46.927835380603966,26.289722927208917,1,0,0,0,1,MIXED
41.088420338761,6.598435230374719,0,0,0,0,0,SAFE
35.404150274470084,21.50592787824701,0,0,0,0,0,SAFE
47.946033369627536,20.43154268305195,0,0,0,0,0,SAFE
36.675922341690445,17.321613230667197,0,0,0,0,0,SAFE
42.933486473125825,17.18688596729013,0,0,0,0,0,SAFE
48.97143022358552,17.23595548774682,0,0,0,0,0,SAFE
47.431308504575156,15.675790694888915,0,0,0,0,0,SAFE
44.312955189519876,21.312882258385404,0,0,0,0,0,SAFE
30.34275344115467,11.803287836426986,0,0,0,0,0,SAFE
38.23701876565764,8.61122151756658,0,0,0,0,0,SAFE
39.79886199018653,29.949413112343958,1,0,0,0,1,MIXED
35.07335107445405,24.68278354591481,0,0,0,0,0,SAFE
28.537041827073562,11.651149700142252,1,1,0,0,0,MIXED
43.30202452084004,20.862223313592782,0,0,0,0,0,SAFE
47.68981263834284,22.933472351999253,0,0,0,0,0,SAFE
39.2101994220125,10.376482073354328,0,0,0,0,0,SAFE
48.86380705005723,13.086956751183852,0,0,0,0,0,SAFE
31.794509413296623,3.667127859965193,1,0,0,1,0,MIXED
34.64438171198711,19.97160744053764,0,0,0,0,0,SAFE
43.139405888564525,21.90485354067768,0,0,0,0,0,SAFE
38.58197882930773,16.58539691076714,0,0,0,0,0,SAFE
47.004723151738695,11.906534602797617,0,0,0,0,0,SAFE
45.65420190045929,8.380740589333488,0,0,0,0,0,SAFE
39.09556922747942,11.182621060016709,0,0,0,0,0,SAFE
32.433282835287685,19.869724807855818,0,0,0,0,0,SAFE
38.24478127837821,15.124941187276875,0,0,0,0,0,SAFE
45.845973271247274,19.465311760299443,0,0,0,0,0,SAFE
47.32308087178229,14.015145154905763,0,0,0,0,0,SAFE
38.61361350364677,14.202817890936009,0,0,0,0,0,SAFE
28.50132452833576,0.5288752757691277,2,1,0,1,0,UNSAFE
31.41840310116478,5.027531723985183,0,0,0,0,0,SAFE
45.19819381378749,5.945209446399392,0,0,0,0,0,SAFE
38.97469956768488,27.992282977860654,1,0,0,0,1,MIXED
39.14988823150859,22.375155684670865,0,0,0,0,0,SAFE
34.531058559920986,12.9456244213237,0,0,0,0,0,SAFE
34.39982356071535,11.609669240994375,0,0,0,0,0,SAFE
48.72246509965916,-2.2732042319234864,1,0,0,1,0,MIXED
45.47538914836686,17.37735602332278,0,0,0,0,0,SAFE
37.246800354425645,0.5394214561154538,1,0,0,1,0,MIXED
42.577036061710956,9.705072909361975,0,0,0,0,0,SAFE
43.86140969083763,15.218521455234429,0,0,0,0,0,SAFE
54.81423113056732,12.606443725269758,1,0,1,0,0,MIXED
33.81202005902508,16.792756349563163,0,0,0,0,0,SAFE
43.759973471774124,28.591875752404366,1,0,0,0,1,MIXED
48.68088996731663,18.568710591495094,0,0,0,0,0,SAFE
53.706423129756494,3.112369456771491,2,0,1,1,0,UNSAFE
36.88198773800202,5.73424058594475,0,0,0,0,0,SAFE
38.881521574753855,1.233138524436912,1,0,0,1,0,MIXED
47.08120757451523,12.777773029012266,0,0,0,0,0,SAFE
30.233549643978737,4.844209187924584,1,0,0,1,0,MIXED
44.508110779601566,23.381265678943812,0,0,0,0,0,SAFE
57.97384713353429,44.1386246600733,2,0,1,0,1,UNSAFE
45.31527546620797,5.104618799681358,0,0,0,0,0,SAFE
24.943629754149526,17.677114623438356,1,1,0,0,0,MIXED
35.49647123751739,10.846427398203147,0,0,0,0,0,SAFE
37.10322560752154,13.592091135836148,0,0,0,0,0,SAFE
50.52784184630115,16.570485674453447,1,0,1,0,0,MIXED
40.730921303690494,4.643462471741884,1,0,0,1,0,MIXED
28.602536442365142,10.136920909266692,1,1,0,0,0,MIXED
41.569739593453434,32.67929913579883,1,0,0,0,1,MIXED
43.04219617178309,24.827395110230576,0,0,0,0,0,SAFE
38.00563521168678,3.150562335829754,1,0,0,1,0,MIXED
34.27906590214103,7.7477393546424675,0,0,0,0,0,SAFE
59.02775785948131,6.786133207756139,1,0,1,0,0,MIXED
48.70791362989076,5.970728219129736,0,0,0,0,0,SAFE
49.45258410299395,18.849509661058633,0,0,0,0,0,SAFE
40.74689681873528,14.59237473864566,0,0,0,0,0,SAFE
36.76169843656488,19.460722014820806,0,0,0,0,0,SAFE
38.36013215727376,2.743942362327518,1,0,0,1,0,MIXED
31.776499405443047,16.725879177221195,0,0,0,0,0,SAFE
54.63273005128348,16.599916135734382,1,0,1,0,0,MIXED
41.05089339112094,17.85826139602543,0,0,0,0,0,SAFE
52.4480139336546,17.193825013638563,1,0,1,0,0,MIXED
38.7125821533301,26.06288710059889,1,0,0,0,1,MIXED
45.43005150769291,30.357559919959918,1,0,0,0,1,MIXED
43.46587549777525,2.755309682794998,1,0,0,1,0,MIXED
31.054726406034682,31.509279322312494,1,0,0,0,1,MIXED
55.78932576626637,13.204807867173994,1,0,1,0,0,MIXED
38.9345014309121,29.614442922422022,1,0,0,0,1,MIXED
33.1436345436521,6.052729810441736,0,0,0,0,0,SAFE
47.146614357512355,11.053948771404105,0,0,0,0,0,SAFE
41.95902506623943,13.365571014754874,0,0,0,0,0,SAFE
44.70059639039147,29.074818613137168,1,0,0,0,1,MIXED
42.724679255213964,21.43938793276858,0,0,0,0,0,SAFE
25.59862319175182,14.51281598069882,1,1,0,0,0,MIXED
35.25415783765703,2.81186939576372,1,0,0,1,0,MIXED
34.974781064569996,11.65876559299188,0,0,0,0,0,SAFE
49.32722033884811,1.7360728226043598,1,0,0,1,0,MIXED
42.24505194075534,10.158305666664216,0,0,0,0,0,SAFE
39.378615245104314,25.02757825304604,1,0,0,0,1,MIXED
46.30492349603141,28.373981074427437,1,0,0,0,1,MIXED
40.7639545660008,8.04057388329297,0,0,0,0,0,SAFE
40.20912946495601,17.424967912712216,0,0,0,0,0,SAFE
43.412586867629685,4.156119277666335,1,0,0,1,0,MIXED
42.723918253022994,17.28228330138905,0,0,0,0,0,SAFE
62.13979230027137,33.768446112816704,2,0,1,0,1,UNSAFE
35.17405319552944,12.126166384508238,0,0,0,0,0,SAFE
30.292463985303975,9.092929860365135,0,0,0,0,0,SAFE
44.52484002872272,27.058536208882337,1,0,0,0,1,MIXED
36.16732929805113,8.458535599322035,0,0,0,0,0,SAFE
24.82168776209076,13.373340794550924,1,1,0,0,0,MIXED
33.5006847051235,9.705605726339263,0,0,0,0,0,SAFE
34.9851137746593,14.057374457474431,0,0,0,0,0,SAFE
27.93817286914695,0.32954754609009385,2,1,0,1,0,UNSAFE
59.033976896226385,2.1257741872596903,2,0,1,1,0,UNSAFE
33.225715372362885,33.36913528321314,1,0,0,0,1,MIXED
65.24053735392326,3.2843337117465836,2,0,1,1,0,UNSAFE
39.054008345695756,18.415555509405095,0,0,0,0,0,SAFE
55.82958115524474,5.131429215717626,1,0,1,0,0,MIXED
40.03777723246312,22.77337576061744,0,0,0,0,0,SAFE
45.47812859573295,11.238439287699007,0,0,0,0,0,SAFE
40.929416283871674,1.2510419163001814,1,0,0,1,0,MIXED
40.094610048202675,12.336125099910449,0,0,0,0,0,SAFE
43.85735911701005,9.44672781180984,0,0,0,0,0,SAFE
45.772308180361115,25.127158178198286,1,0,0,0,1,MIXED
43.24343462134773,18.517564083992035,0,0,0,0,0,SAFE
42.42524278062294,15.000843930914142,0,0,0,0,0,SAFE
36.22753573165722,18.16494261673308,0,0,0,0,0,SAFE
41.22170721269208,35.93168308930595,1,0,0,0,1,MIXED
54.58683921980194,18.85846552556501,1,0,1,0,0,MIXED
35.89554232244186,3.8758852801658215,1,0,0,1,0,MIXED
51.52914362471092,17.627492251471384,1,0,1,0,0,MIXED
45.841147227132886,-2.445859869741927,1,0,0,1,0,MIXED
49.41950785246544,19.54420338214363,0,0,0,0,0,SAFE
33.116554524684176,10.28475192550051,0,0,0,0,0,SAFE
44.10973763485216,15.524667983562436,0,0,0,0,0,SAFE
39.66263051357156,13.965117319340392,0,0,0,0,0,SAFE
39.984180974344916,16.525625121024685,0,0,0,0,0,SAFE
53.77193578394525,-10.0,2,0,1,1,0,UNSAFE
40.10519788392253,16.76512421372447,0,0,0,0,0,SAFE
44.3679519174968,11.280854186787101,0,0,0,0,0,SAFE
27.94622574017134,18.279954837141098,1,1,0,0,0,MIXED
55.818801713313476,-0.33861404916137694,2,0,1,1,0,UNSAFE
48.910624109585505,11.714747768771062,0,0,0,0,0,SAFE
41.50940523336922,4.471014892960509,1,0,0,1,0,MIXED
39.32435062115299,28.000445946989586,1,0,0,0,1,MIXED
46.66124193590166,32.323116054099444,1,0,0,0,1,MIXED
51.41929511182155,19.390866789295764,1,0,1,0,0,MIXED
55.95147620934234,19.38993158738299,1,0,1,0,0,MIXED
48.62390541437647,12.034290464652916,0,0,0,0,0,SAFE
42.53236652687364,8.025761766997231,0,0,0,0,0,SAFE
49.91667147675882,3.2169637688513433,1,0,0,1,0,MIXED
48.25880273934129,13.093489424948405,0,0,0,0,0,SAFE
51.369976747738555,22.5086898873126,1,0,1,0,0,MIXED
56.56516926117441,22.30774691138645,1,0,1,0,0,MIXED
29.423677954774075,14.330468271017992,1,1,0,0,0,MIXED
32.623942459241476,9.817201576337254,0,0,0,0,0,SAFE
54.08982746621378,21.375338108976962,1,0,1,0,0,MIXED
36.40855657137003,4.8628263355960115,1,0,0,1,0,MIXED
42.262256743010084,2.834398506188723,1,0,0,1,0,MIXED
36.63087778082735,18.120094715512437,0,0,0,0,0,SAFE
51.24249628885357,21.087614722244396,1,0,1,0,0,MIXED
23.6696839312152,18.043667290302597,1,1,0,0,0,MIXED
42.576268585860625,19.138902853726933,0,0,0,0,0,SAFE
54.929677453209656,-5.632382768047428,2,0,1,1,0,UNSAFE
37.27117259847115,20.909063227933547,0,0,0,0,0,SAFE
29.34724480436846,29.75949048053509,2,1,0,0,1,UNSAFE
44.94685290160527,23.465839858434038,0,0,0,0,0,SAFE
37.432450707825645,23.137636899662105,0,0,0,0,0,SAFE
50.54777244791231,17.328780201371682,1,0,1,0,0,MIXED
43.87520714158957,17.70343239281726,0,0,0,0,0,SAFE
35.09323788208495,13.524713197596471,0,0,0,0,0,SAFE
40.77981974038113,18.83393864353495,0,0,0,0,0,SAFE
49.998593975282354,4.414639180215907,1,0,0,1,0,MIXED
40.99992775744338,29.81455547658973,1,0,0,0,1,MIXED
36.051294169499485,6.777499827096797,0,0,0,0,0,SAFE
43.61844953464955,23.4438519048532,0,0,0,0,0,SAFE
42.091408444485275,28.289605904369893,1,0,0,0,1,MIXED
48.85435186053221,23.418200668900617,0,0,0,0,0,SAFE
46.432932010592744,38.276531003460846,1,0,0,0,1,MIXED
40.35870648907164,-5.035222920665138,1,0,0,1,0,MIXED
54.834034892137126,10.423005690431744,1,0,1,0,0,MIXED
42.863043554744266,28.095506848605268,1,0,0,0,1,MIXED
29.181923671528597,2.483527858938606,2,1,0,1,0,UNSAFE
29.18977650304917,7.058637099745761,1,1,0,0,0,MIXED
45.517092848135945,20.24187842812771,0,0,0,0,0,SAFE
44.21019343462843,0.872341161076335,1,0,0,1,0,MIXED
23.519172506938848,15.543535853903823,1,1,0,0,0,MIXED
38.22579173089331,19.593857717166117,0,0,0,0,0,SAFE
47.61562900977016,16.38241432058682,0,0,0,0,0,SAFE
48.08106468300683,17.292113741150686,0,0,0,0,0,SAFE
46.24051764481173,7.953267371301176,0,0,0,0,0,SAFE
40.56310868934833,16.96776096656957,0,0,0,0,0,SAFE
48.56422780333935,11.06258827775428,0,0,0,0,0,SAFE
46.169338045856904,12.34161208084621,0,0,0,0,0,SAFE
41.05966266137496,23.29519042024073,0,0,0,0,0,SAFE
26.05551703156675,2.0352767192523906,2,1,0,1,0,UNSAFE
30.142516820457434,-8.336161198483047,1,0,0,1,0,MIXED
36.573884478758586,22.494338997277403,0,0,0,0,0,SAFE
39.7209274689394,16.977900819418522,0,0,0,0,0,SAFE
50.713739973686344,28.276861322676915,2,0,1,0,1,UNSAFE
41.44689652219088,28.535858895693973,1,0,0,0,1,MIXED
42.737013267472875,6.626017761725379,0,0,0,0,0,SAFE
37.24479718241012,0.19463487434983762,1,0,0,1,0,MIXED
34.89492917013078,11.419833119255708,0,0,0,0,0,SAFE
48.428680155028815,32.20769831165984,1,0,0,0,1,MIXED
30.94254787698368,18.928274682599188,0,0,0,0,0,SAFE
33.675648486739725,19.74697088463202,0,0,0,0,0,SAFE
40.95130679449819,-3.3090582584753037,1,0,0,1,0,MIXED
49.42637593254788,8.94999287191269,0,0,0,0,0,SAFE
37.72879809301156,4.3024758871031015,1,0,0,1,0,MIXED
36.76573378649955,19.278904406949174,0,0,0,0,0,SAFE
40.486045272508754,18.28662002282481,0,0,0,0,0,SAFE
44.89537483143075,28.20661655528167,1,0,0,0,1,MIXED
39.25771079308497,0.2314218315426828,1,0,0,1,0,MIXED
50.537779332575866,11.685118279027453,1,0,1,0,0,MIXED
50.916739556619014,18.833771131824705,1,0,1,0,0,MIXED
40.95089975837324,18.48775894046295,0,0,0,0,0,SAFE
57.608100481010396,35.76980529053753,2,0,1,0,1,UNSAFE
42.55504908106223,16.60190593317075,0,0,0,0,0,SAFE
50.60992125973108,6.543389672326528,1,0,1,0,0,MIXED
44.664562980946044,14.741371520461437,0,0,0,0,0,SAFE
44.51126569166043,6.666311940505942,0,0,0,0,0,SAFE
29.28346005352825,-5.729834359912918,2,1,0,1,0,UNSAFE
33.060927096083134,10.413247150606669,0,0,0,0,0,SAFE
39.654467306809906,34.372311624295165,1,0,0,0,1,MIXED
50.84794695925839,5.379088836583728,1,0,1,0,0,MIXED
44.78166761960765,10.929217636496748,0,0,0,0,0,SAFE
39.72508929567924,16.85325649415382,0,0,0,0,0,SAFE
46.95336893580315,11.607415161159846,0,0,0,0,0,SAFE
50.51081226187487,3.5806177385759597,2,0,1,1,0,UNSAFE
42.05071249889815,40.97673726595832,1,0,0,0,1,MIXED
43.7846379410022,29.332145066061727,1,0,0,0,1,MIXED
42.73216142538566,20.807770953297968,0,0,0,0,0,SAFE
41.54573444485847,13.295924188357956,0,0,0,0,0,SAFE
35.764140826196645,19.30301358957553,0,0,0,0,0,SAFE
35.18770248651386,21.655852363134294,0,0,0,0,0,SAFE
50.682296035567276,18.6653140723723,1,0,1,0,0,MIXED
39.71001013155446,19.53965579308696,0,0,0,0,0,SAFE
39.5306155556287,24.35547125465149,0,0,0,0,0,SAFE
27.34875132627901,11.643926318813538,1,1,0,0,0,MIXED
26.073504039008018,0.049391697727950046,2,1,0,1,0,UNSAFE
52.910897838511275,23.95184981971686,1,0,1,0,0,MIXED
36.244158133721676,-0.025034560408968787,1,0,0,1,0,MIXED
18.28376929726679,9.565044920673653,1,1,0,0,0,MIXED
61.36332009797922,19.348842714636476,1,0,1,0,0,MIXED
37.52342171160409,19.650802095003062,0,0,0,0,0,SAFE
29.512333176044457,12.026766373023646,1,1,0,0,0,MIXED
42.79581978412591,14.138993481789514,0,0,0,0,0,SAFE
48.32644897352064,18.446452262360523,0,0,0,0,0,SAFE
47.34660814486398,8.116277177692407,0,0,0,0,0,SAFE
49.18252326728438,31.289369476239916,1,0,0,0,1,MIXED
34.2388038427887,6.123043442854403,0,0,0,0,0,SAFE
52.68627469056186,13.086560133049398,1,0,1,0,0,MIXED
53.230571136532454,10.574642881078162,1,0,1,0,0,MIXED
53.64036461016569,16.31485816805452,1,0,1,0,0,MIXED
44.06583058658156,30.64718021669904,1,0,0,0,1,MIXED
39.10583618044663,5.588779040750417,0,0,0,0,0,SAFE
38.41148633577316,19.523339506431387,0,0,0,0,0,SAFE
29.473927422555885,21.374709026511216,1,1,0,0,0,MIXED
37.68982945905805,26.478126607335636,1,0,0,0,1,MIXED
22.845917560796227,7.134342248958313,1,1,0,0,0,MIXED
28.508254790127182,6.737705336360474,1,1,0,0,0,MIXED
43.98132720887155,13.207733745502452,0,0,0,0,0,SAFE
39.97297944841588,13.408151286199391,0,0,0,0,0,SAFE
43.62710592495955,4.914639580568922,1,0,0,1,0,MIXED
47.65479712719241,21.62665970385484,0,0,0,0,0,SAFE
45.08030350124881,20.56533442751263,0,0,0,0,0,SAFE
44.37134400646928,35.350733027310675,1,0,0,0,1,MIXED
41.303246631579924,11.929167816654232,0,0,0,0,0,SAFE
35.971779357140974,4.677373294221631,1,0,0,1,0,MIXED
32.0442256991914,6.112026867690815,0,0,0,0,0,SAFE
41.43455694678343,18.342951284977143,0,0,0,0,0,SAFE
42.409136468417294,7.344647225702871,0,0,0,0,0,SAFE
49.20147651215971,22.394126723009474,0,0,0,0,0,SAFE
40.72281354062386,8.47083855335288,0,0,0,0,0,SAFE
46.387423366638394,16.879735874861044,0,0,0,0,0,SAFE
30.41498192467962,14.320197440155951,0,0,0,0,0,SAFE
44.09628649659505,6.003052135122463,0,0,0,0,0,SAFE
43.518747142699546,0.4517751474221079,1,0,0,1,0,MIXED
52.689488800097365,27.479499850594316,2,0,1,0,1,UNSAFE
39.97986132557628,18.63454337839073,0,0,0,0,0,SAFE
22.720624273601,3.4365233973466722,2,1,0,1,0,UNSAFE
39.64976863878296,4.278669785731408,1,0,0,1,0,MIXED
47.71517186104527,34.97296530747994,1,0,0,0,1,MIXED
32.587082244565586,6.625365959148073,0,0,0,0,0,SAFE
43.88358694647944,31.11116148499621,1,0,0,0,1,MIXED
32.22100549968077,17.49036122306942,0,0,0,0,0,SAFE
56.57039080650487,-1.517591481792671,2,0,1,1,0,UNSAFE
31.751446345233344,10.763933935391616,0,0,0,0,0,SAFE
37.83529269715671,23.126012877536446,0,0,0,0,0,SAFE
43.9332777585667,-2.749620596421284,1,0,0,1,0,MIXED
46.123283223206485,9.224611126443495,0,0,0,0,0,SAFE
52.19557773552991,8.724124635630803,1,0,1,0,0,MIXED
36.90707773518211,20.411316108045312,0,0,0,0,0,SAFE
48.103411858695495,19.480993639362037,0,0,0,0,0,SAFE
28.515221460921534,20.38034439928251,1,1,0,0,0,MIXED
33.725535586604806,17.352761115882636,0,0,0,0,0,SAFE
30.610124516807517,19.463221475430636,0,0,0,0,0,SAFE
35.54720876554102,2.173653497394783,1,0,0,1,0,MIXED
47.7105610918592,17.416445216767514,0,0,0,0,0,SAFE
37.088185588856824,29.51178849021064,1,0,0,0,1,MIXED
38.47478062744206,15.321076739709346,0,0,0,0,0,SAFE
44.15130758142881,8.803340658713864,0,0,0,0,0,SAFE
45.76909034719944,9.665476528352755,0,0,0,0,0,SAFE
38.706893422270326,28.62642639803341,1,0,0,0,1,MIXED
33.67531157990054,-9.127803309294901,1,0,0,1,0,MIXED
54.88749596009515,40.493279526070026,2,0,1,0,1,UNSAFE
38.75784587640535,-4.368380406201851,1,0,0,1,0,MIXED
39.51612819043245,12.137770501593309,0,0,0,0,0,SAFE
40.48060927182194,3.8661195807815183,1,0,0,1,0,MIXED
46.63648913981182,20.24507375286086,0,0,0,0,0,SAFE
30.044755041445548,21.99196731694888,0,0,0,0,0,SAFE
58.42147985556713,16.7196033243706,1,0,1,0,0,MIXED
39.30139870345195,13.579967855924787,0,0,0,0,0,SAFE
46.92205413574849,-2.306716055072183,1,0,0,1,0,MIXED
43.31512562381842,11.095360505371898,0,0,0,0,0,SAFE
56.78260010364836,13.258272661950421,1,0,1,0,0,MIXED
55.34310088895616,3.9625930221799273,2,0,1,1,0,UNSAFE
46.69807333442234,18.194002637912288,0,0,0,0,0,SAFE
35.04762201708174,16.773961146369405,0,0,0,0,0,SAFE
51.700150694652805,11.762082957133993,1,0,1,0,0,MIXED
28.464298806641892,14.82437173522554,1,1,0,0,0,MIXED
34.7806152416599,11.576590613361176,0,0,0,0,0,SAFE
41.34729784251903,-2.056522160155172,1,0,0,1,0,MIXED
29.074733285434576,19.82066835525525,1,1,0,0,0,MIXED
37.81825043064256,-10.0,1,0,0,1,0,MIXED
48.27875229286508,17.723697552742397,0,0,0,0,0,SAFE
36.28900140770813,1.831697889417585,1,0,0,1,0,MIXED
48.6864631705147,18.493506225604296,0,0,0,0,0,SAFE
61.06081826147259,19.201885987249373,1,0,1,0,0,MIXED
45.10162513009612,13.330720698914348,0,0,0,0,0,SAFE
48.53420693760633,21.250852012481538,0,0,0,0,0,SAFE
52.01380006852156,9.786770813627152,1,0,1,0,0,MIXED
38.5167402164483,10.208968290880199,0,0,0,0,0,SAFE
48.326413769431916,29.98374440296732,1,0,0,0,1,MIXED
38.3292760548056,10.752262722069087,0,0,0,0,0,SAFE
44.512617790958394,12.542384999870986,0,0,0,0,0,SAFE
49.61642922511912,-7.517772906190466,1,0,0,1,0,MIXED
35.38635962466484,7.175836660385542,0,0,0,0,0,SAFE
23.43715190091084,5.363615556311959,1,1,0,0,0,MIXED
34.67875107323259,12.988953454811696,0,0,0,0,0,SAFE
50.90372713328211,12.549393488092976,1,0,1,0,0,MIXED
33.75349023783077,14.43045458786471,0,0,0,0,0,SAFE
50.3933889715308,5.240411838850951,1,0,1,0,0,MIXED
34.71540092862841,20.585489592742235,0,0,0,0,0,SAFE
40.227711074153596,21.474846907094744,0,0,0,0,0,SAFE
41.89082566563763,22.01663648089567,0,0,0,0,0,SAFE
33.71937508767488,14.879153492117325,0,0,0,0,0,SAFE
40.31447988509475,2.8410907589586927,1,0,0,1,0,MIXED
29.492176417050494,21.857490352746616,1,1,0,0,0,MIXED
39.19238094225618,4.777197183526704,1,0,0,1,0,MIXED
41.230568504613345,26.280188573493028,1,0,0,0,1,MIXED
23.754097237024617,0.0336131009667362,2,1,0,1,0,UNSAFE
34.61690846483786,29.61178866720329,1,0,0,0,1,MIXED
44.26069586335437,22.673172404612266,0,0,0,0,0,SAFE
32.87871264699015,3.8046412472947377,1,0,0,1,0,MIXED
45.582509733781684,15.582743309354466,0,0,0,0,0,SAFE
46.389910550913015,13.123290090715479,0,0,0,0,0,SAFE
44.22514981163702,16.58119084905109,0,0,0,0,0,SAFE
48.2221391126794,23.070082819444707,0,0,0,0,0,SAFE
29.041024044865843,-7.472685553408557,2,1,0,1,0,UNSAFE
50.013963181212056,26.877250932619365,2,0,1,0,1,UNSAFE
33.8350158438933,-3.5983540654562844,1,0,0,1,0,MIXED
42.792278568057604,24.308382263505294,0,0,0,0,0,SAFE
56.38075617947452,20.16297572101451,1,0,1,0,0,MIXED
39.02626642731444,6.068693784151373,0,0,0,0,0,SAFE
42.09161033336524,12.007352961147436,0,0,0,0,0,SAFE
33.87945675416947,35.48755650863286,1,0,0,0,1,MIXED
56.281347216577046,26.360486835554283,2,0,1,0,1,UNSAFE
34.63319681752698,23.55019324297279,0,0,0,0,0,SAFE
47.11701127598322,19.42545624204053,0,0,0,0,0,SAFE
51.99732213635022,21.353711428612776,1,0,1,0,0,MIXED
47.920113890434685,21.3690628337221,0,0,0,0,0,SAFE
44.72633126401685,-2.8361112971418336,1,0,0,1,0,MIXED
42.668968619284456,9.438080411508748,0,0,0,0,0,SAFE
31.761272338879834,31.81816619300824,1,0,0,0,1,MIXED
55.831962727085624,28.592206002956118,2,0,1,0,1,UNSAFE
44.041707334847,28.506251209526567,1,0,0,0,1,MIXED
42.09642544481461,17.027972768977794,0,0,0,0,0,SAFE
33.252229036304136,18.9699130449884,0,0,0,0,0,SAFE
42.48308742739534,1.9734788316553562,1,0,0,1,0,MIXED
41.590423105467224,14.202704361431916,0,0,0,0,0,SAFE
56.38048933315712,23.942133285134094,1,0,1,0,0,MIXED
42.09156351273173,17.48787309801083,0,0,0,0,0,SAFE
42.35369902483358,12.970860152044523,0,0,0,0,0,SAFE
33.3405824208937,13.489481223930706,0,0,0,0,0,SAFE
36.03121394677989,2.4968446107685356,1,0,0,1,0,MIXED
46.089774516380274,18.912646599332348,0,0,0,0,0,SAFE
27.706339909055377,13.773153625048728,1,1,0,0,0,MIXED
49.96561108719939,25.59223738896321,1,0,0,0,1,MIXED
50.20669474308191,15.389132069014599,1,0,1,0,0,MIXED
35.23963737624679,4.163011726419395,1,0,0,1,0,MIXED
44.75683923800286,18.79280034365163,0,0,0,0,0,SAFE
52.298648892840525,25.999796503420836,2,0,1,0,1,UNSAFE
40.94217074775062,2.557941211391306,1,0,0,1,0,MIXED
39.447147223912815,17.172311948105246,0,0,0,0,0,SAFE
40.38333403688477,9.221058919223442,0,0,0,0,0,SAFE
44.02307851975919,9.960422585893895,0,0,0,0,0,SAFE
36.97547133019701,18.114528343034394,0,0,0,0,0,SAFE
38.78405935896636,17.441043889783522,0,0,0,0,0,SAFE
44.18563218281698,3.6057099890842537,1,0,0,1,0,MIXED
38.150071009076704,29.377769399164624,1,0,0,0,1,MIXED
32.7033638981257,-6.166544489705309,1,0,0,1,0,MIXED
27.105238774059906,15.291099465766692,1,1,0,0,0,MIXED
42.24733822426159,13.82389144574879,0,0,0,0,0,SAFE
51.713518631428016,-10.0,2,0,1,1,0,UNSAFE
45.16747099544659,30.614382018035734,1,0,0,0,1,MIXED
32.97775388086629,11.20193488210105,0,0,0,0,0,SAFE
35.97686466217103,6.056539539224712,0,0,0,0,0,SAFE
39.38990395981568,29.274852836845046,1,0,0,0,1,MIXED
56.699093403900164,11.640607749598523,1,0,1,0,0,MIXED
57.24048171251576,15.355764769846248,1,0,1,0,0,MIXED
56.02952821360865,14.067013503465082,1,0,1,0,0,MIXED
43.04846260836916,18.654744726428344,0,0,0,0,0,SAFE
67.43082943494028,23.51285574844789,1,0,1,0,0,MIXED
36.34188376038829,24.68997870275858,0,0,0,0,0,SAFE
39.10533970332527,10.102498170987909,0,0,0,0,0,SAFE
49.26881087913689,15.310855877711528,0,0,0,0,0,SAFE
44.22860731609445,15.139852218652925,0,0,0,0,0,SAFE
44.69266501284348,19.24965897436149,0,0,0,0,0,SAFE
26.50426453835668,21.665726686095336,1,1,0,0,0,MIXED
34.143844641357596,0.577008644405888,1,0,0,1,0,MIXED
41.53271004913054,15.839810033144543,0,0,0,0,0,SAFE
36.45195068342176,23.310318576679744,0,0,0,0,0,SAFE
31.262598669032744,10.93056251227441,0,0,0,0,0,SAFE
37.32100692053599,14.534127296606606,0,0,0,0,0,SAFE
44.23091427717791,4.921070503764554,1,0,0,1,0,MIXED
47.79426141964983,15.630023683346998,0,0,0,0,0,SAFE
26.864429973504716,-4.58591440397031,2,1,0,1,0,UNSAFE
41.90144565656551,12.790326822136459,0,0,0,0,0,SAFE
41.172639091402935,14.72017543469782,0,0,0,0,0,SAFE
43.80447871608145,24.476496098482997,0,0,0,0,0,SAFE
33.11116079265953,3.280284070992053,1,0,0,1,0,MIXED
33.25340913690094,17.889166671687068,0,0,0,0,0,SAFE
51.959579029171564,10.686605617604895,1,0,1,0,0,MIXED
21.986401246722764,-2.0399286261037552,2,1,0,1,0,UNSAFE
35.33570621763191,9.422711125047853,0,0,0,0,0,SAFE
38.732890981962186,15.385811229809171,0,0,0,0,0,SAFE
39.50602935342042,25.493396105434073,1,0,0,0,1,MIXED
36.59186155454905,6.376820405244569,0,0,0,0,0,SAFE
45.83100430816369,-0.3564206992611929,1,0,0,1,0,MIXED
45.11753364256002,16.02553183726267,0,0,0,0,0,SAFE
40.82046008065466,30.882761071492624,1,0,0,0,1,MIXED
37.02234043764226,35.60298170524078,1,0,0,0,1,MIXED
40.196548406175204,2.229835550297718,1,0,0,1,0,MIXED
42.5593566479586,4.237547996812319,1,0,0,1,0,MIXED
35.985953217491996,18.970333000154913,0,0,0,0,0,SAFE
46.444656709201,8.778322997457419,0,0,0,0,0,SAFE
49.899241160371204,26.57507758021134,1,0,0,0,1,MIXED
53.490414052506324,20.294134071257222,1,0,1,0,0,MIXED
52.90742969668559,-3.8079842797405767,2,0,1,1,0,UNSAFE
39.4567476109723,6.329947436765737,0,0,0,0,0,SAFE
42.953806889019134,9.285507808032627,0,0,0,0,0,SAFE
40.67073726440214,33.821748802040496,1,0,0,0,1,MIXED
40.642241628636974,19.137923171902138,0,0,0,0,0,SAFE
40.14184536060612,15.757132879568337,0,0,0,0,0,SAFE
42.048133443488574,19.483240659731596,0,0,0,0,0,SAFE
51.322460284377414,31.473939976033293,2,0,1,0,1,UNSAFE
44.47696065527334,20.895468860356022,0,0,0,0,0,SAFE
32.793083926515465,14.121232575843795,0,0,0,0,0,SAFE
49.522315719068715,23.659686384171533,0,0,0,0,0,SAFE
43.692877862360405,23.863939595679525,0,0,0,0,0,SAFE
45.92613367195055,27.003062582593216,1,0,0,0,1,MIXED
44.31487325565689,11.443016844289653,0,0,0,0,0,SAFE
44.68673005546419,-10.0,1,0,0,1,0,MIXED
45.0630858910804,-10.0,1,0,0,1,0,MIXED
28.212292740756656,19.517686009409843,1,1,0,0,0,MIXED
45.820234698134364,3.375712198600695,1,0,0,1,0,MIXED
36.303183664968486,28.705409886141318,1,0,0,0,1,MIXED
38.12775894741859,37.429203124029854,1,0,0,0,1,MIXED
41.98464117458923,19.08036176881267,0,0,0,0,0,SAFE
54.93499518798886,16.310271161934196,1,0,1,0,0,MIXED
33.98124815447359,13.902725483057099,0,0,0,0,0,SAFE
41.71511411047927,1.3525834779843464,1,0,0,1,0,MIXED
39.95334342927341,7.578079060025633,0,0,0,0,0,SAFE
49.39486205749947,15.346118741852557,0,0,0,0,0,SAFE
39.73763400681944,13.938180693774237,0,0,0,0,0,SAFE
43.78497614724933,21.1681419968978,0,0,0,0,0,SAFE
34.00230217064495,4.584123673787282,1,0,0,1,0,MIXED
50.837433723220244,10.876631277952693,1,0,1,0,0,MIXED
30.665263259225007,19.438127093831046,0,0,0,0,0,SAFE
45.706958448261496,-0.3071525725670643,1,0,0,1,0,MIXED
43.83585372370885,22.355830924283737,0,0,0,0,0,SAFE
44.995091613650104,21.319814837613954,0,0,0,0,0,SAFE
30.765847215274007,18.310401549961956,0,0,0,0,0,SAFE
39.57904192423643,10.172098412753552,0,0,0,0,0,SAFE
48.96444487535781,29.792745106742302,1,0,0,0,1,MIXED
56.35496043680287,28.14807871505905,2,0,1,0,1,UNSAFE
41.12212654695853,18.52720163026343,0,0,0,0,0,SAFE
48.13458297427395,16.21177949299462,0,0,0,0,0,SAFE
43.046113503292354,23.23753131876182,0,0,0,0,0,SAFE
41.525738831792545,7.707130636263385,0,0,0,0,0,SAFE
38.68421547331313,21.339103777337424,0,0,0,0,0,SAFE
42.023946329599646,18.402099768683378,0,0,0,0,0,SAFE
47.36063393761752,11.251585371023904,0,0,0,0,0,SAFE
48.04998530903845,18.788426034583946,0,0,0,0,0,SAFE
32.12149530470817,29.423047911862444,1,0,0,0,1,MIXED
37.99404204994467,-1.5509534318518376,1,0,0,1,0,MIXED
33.63965032330958,4.78954839321678,1,0,0,1,0,MIXED
42.417386549260264,12.261494944537628,0,0,0,0,0,SAFE
39.30534425887526,21.19701965482479,0,0,0,0,0,SAFE
44.71900288954163,18.160478706442863,0,0,0,0,0,SAFE
45.27862765862954,21.161346680022383,0,0,0,0,0,SAFE
25.136373265780456,11.355617477355388,1,1,0,0,0,MIXED
24.55831948408421,15.360599267977953,1,1,0,0,0,MIXED
41.962936222205236,25.4553227478968,1,0,0,0,1,MIXED
51.501075141768965,17.027750482523672,1,0,1,0,0,MIXED
37.997111380824805,19.851611125457378,0,0,0,0,0,SAFE
37.77665890140549,14.98607348556651,0,0,0,0,0,SAFE
49.889090535686144,9.422286540105764,0,0,0,0,0,SAFE
48.44542911394001,21.774013686923023,0,0,0,0,0,SAFE
34.361665462953425,24.73894128217401,0,0,0,0,0,SAFE
47.58853076297204,16.019258873726574,0,0,0,0,0,SAFE
35.90141233577878,6.407939814244299,0,0,0,0,0,SAFE
37.69869938477582,20.425944632919602,0,0,0,0,0,SAFE
34.354998660788816,19.3751224861987,0,0,0,0,0,SAFE
32.065955768972856,12.95931415561151,0,0,0,0,0,SAFE
42.87718203659207,39.45130145058917,1,0,0,0,1,MIXED
30.981474755837063,29.720145664901334,1,0,0,0,1,MIXED
43.19873931189824,19.111719180159632,0,0,0,0,0,SAFE
42.94678330710563,19.44726818195233,0,0,0,0,0,SAFE
40.770519165103856,29.540501814574583,1,0,0,0,1,MIXED
38.34823084620222,26.322345721792477,1,0,0,0,1,MIXED
36.84506303829582,14.397481535987131,0,0,0,0,0,SAFE
33.42429958167825,19.5502372034752,0,0,0,0,0,SAFE
53.56100765541227,14.22643820179146,1,0,1,0,0,MIXED
40.42491441036872,3.8538303693207325,1,0,0,1,0,MIXED
40.16565877158153,-0.9279425972152762,1,0,0,1,0,MIXED
34.69697610624938,17.267860461091352,0,0,0,0,0,SAFE
52.55210558193117,43.09210861229503,2,0,1,0,1,UNSAFE
37.30731931943279,29.3530015664544,1,0,0,0,1,MIXED
43.950019843213184,13.48752353253624,0,0,0,0,0,SAFE
45.46075561380922,15.619164836799591,0,0,0,0,0,SAFE
42.88316580489775,10.916668371733309,0,0,0,0,0,SAFE
30.815122721609193,-0.4362520252208153,1,0,0,1,0,MIXED
47.225959066249814,12.232999099142866,0,0,0,0,0,SAFE
37.23128880275067,15.085056267231536,0,0,0,0,0,SAFE
48.35945802332502,16.80363943026398,0,0,0,0,0,SAFE
36.75156050687226,27.262929556489496,1,0,0,0,1,MIXED
54.63348402385306,19.94556655322853,1,0,1,0,0,MIXED
49.78930809075272,27.41959996813811,1,0,0,0,1,MIXED
51.04079453123611,21.140991771126238,1,0,1,0,0,MIXED
46.786776376599065,20.196605733465027,0,0,0,0,0,SAFE
33.22129860362365,22.007231568595856,0,0,0,0,0,SAFE
31.15348823098757,7.054005448749451,0,0,0,0,0,SAFE
52.428520542464696,23.402201626941974,1,0,1,0,0,MIXED
53.8991863174869,12.283256163127078,1,0,1,0,0,MIXED
32.78200926978586,12.595628029296572,0,0,0,0,0,SAFE
42.8162503779246,15.789887163400097,0,0,0,0,0,SAFE
51.069443830053615,11.387295749965546,1,0,1,0,0,MIXED
44.816275774423396,5.11372850565394,0,0,0,0,0,SAFE
45.6025382243505,15.031085501856367,0,0,0,0,0,SAFE
36.00149329372386,12.641706378251472,0,0,0,0,0,SAFE
40.526594027878225,12.298448706629038,0,0,0,0,0,SAFE
56.17072993814147,14.015539976921204,1,0,1,0,0,MIXED
40.0488311185813,-5.974509576101418,1,0,0,1,0,MIXED
34.84634118416418,12.369265755436471,0,0,0,0,0,SAFE
36.51317859058686,28.81707593377797,1,0,0,0,1,MIXED
40.68049779683025,27.884442493182526,1,0,0,0,1,MIXED
42.49363707240295,15.372278364215767,0,0,0,0,0,SAFE
41.28962841829999,15.037962516214591,0,0,0,0,0,SAFE
55.75036002439887,-8.196107267512183,2,0,1,1,0,UNSAFE
25.98763404449057,9.568291689438862,1,1,0,0,0,MIXED
42.11622305550055,21.901044247640122,0,0,0,0,0,SAFE
45.7846975842198,11.157540871194298,0,0,0,0,0,SAFE
50.1523495459341,25.30195403152731,2,0,1,0,1,UNSAFE
43.472462650172524,24.626575724868413,0,0,0,0,0,SAFE
44.18116210745703,9.385169732171164,0,0,0,0,0,SAFE
47.58253471200004,16.106131225786775,0,0,0,0,0,SAFE
42.010718774035894,29.729535721895743,1,0,0,0,1,MIXED
22.393022971679308,0.8231582984043033,2,1,0,1,0,UNSAFE
32.50343658900504,11.367393524311943,0,0,0,0,0,SAFE
39.96313464187176,-0.0732564777304745,1,0,0,1,0,MIXED
34.11873574151339,6.391583214764298,0,0,0,0,0,SAFE
61.65939273660713,33.01741947747146,2,0,1,0,1,UNSAFE
38.70600465852281,11.364167096932011,0,0,0,0,0,SAFE
32.80636802249364,-4.081304132252669,1,0,0,1,0,MIXED
41.064958508731806,5.0214801675597425,0,0,0,0,0,SAFE
41.32119574670392,-1.0020584904347736,1,0,0,1,0,MIXED
35.90420433351794,16.48627095302831,0,0,0,0,0,SAFE
44.9296767822715,19.174719587420146,0,0,0,0,0,SAFE
31.4360881267437,23.546857301355615,0,0,0,0,0,SAFE
35.5983064271852,21.328579146073064,0,0,0,0,0,SAFE
41.91489058705446,1.2361250092205207,1,0,0,1,0,MIXED
39.4704183633505,18.653637420637676,0,0,0,0,0,SAFE
46.903723043796795,13.590121025555813,0,0,0,0,0,SAFE
54.25423112480842,25.07510770986559,2,0,1,0,1,UNSAFE
39.946767068801975,22.501218121369444,0,0,0,0,0,SAFE
57.470347881505496,34.60484600783027,2,0,1,0,1,UNSAFE
32.17600095342002,5.734668888428494,0,0,0,0,0,SAFE
53.87935029387081,4.417189491623628,2,0,1,1,0,UNSAFE
31.419670933666566,10.138058693009532,0,0,0,0,0,SAFE
45.36181367579668,13.976032933889037,0,0,0,0,0,SAFE
36.795491036755266,8.25787538275491,0,0,0,0,0,SAFE
36.30130348469833,6.204903713410575,0,0,0,0,0,SAFE
60.25306301820849,17.97511071185555,1,0,1,0,0,MIXED
49.094072435237905,10.109225318810763,0,0,0,0,0,SAFE
40.51234658251161,7.8644601862964505,0,0,0,0,0,SAFE
20.786333320646385,1.2199072315213382,2,1,0,1,0,UNSAFE
27.515050560156844,-7.497837779516075,2,1,0,1,0,UNSAFE
32.43712820561518,28.24955679381631,1,0,0,0,1,MIXED
41.644510658365164,27.90563762321174,1,0,0,0,1,MIXED
45.287860615207,22.825588257151594,0,0,0,0,0,SAFE
34.7928240375634,20.239509541926708,0,0,0,0,0,SAFE
47.829713872594766,9.233527077663071,0,0,0,0,0,SAFE
46.47632296492933,20.66187758574833,0,0,0,0,0,SAFE
37.60357903095934,3.7723156772900506,1,0,0,1,0,MIXED
32.526973344813825,15.865055419214618,0,0,0,0,0,SAFE
44.61607895031452,7.0747416954208555,0,0,0,0,0,SAFE
42.21268273060879,20.705370361384855,0,0,0,0,0,SAFE
46.945525717322404,30.518801201224885,1,0,0,0,1,MIXED
52.21584665758435,4.98708567243456,2,0,1,1,0,UNSAFE
55.46868967630418,9.690234954442852,1,0,1,0,0,MIXED
50.35898249963542,15.679866260510888,1,0,1,0,0,MIXED
38.70280497234426,-3.076968597749328,1,0,0,1,0,MIXED
40.62748391826921,-0.5938323530560901,1,0,0,1,0,MIXED
49.73839388674218,30.16792657139248,1,0,0,0,1,MIXED
35.62471208562648,18.019707425192713,0,0,0,0,0,SAFE
36.196867823936195,8.715152698632103,0,0,0,0,0,SAFE
48.19595763092297,14.614617381565875,0,0,0,0,0,SAFE
55.91718433544809,10.17767521297079,1,0,1,0,0,MIXED
49.994690659795914,15.97413412957782,0,0,0,0,0,SAFE
48.366224077953866,10.528423426700533,0,0,0,0,0,SAFE
41.603529299587336,13.845011207010653,0,0,0,0,0,SAFE
35.3115430812337,21.620815345817526,0,0,0,0,0,SAFE
47.20199204462691,20.935546949055666,0,0,0,0,0,SAFE
54.29572523134116,29.493448012363036,2,0,1,0,1,UNSAFE
39.00044248120692,18.730523184341784,0,0,0,0,0,SAFE
37.0111944859343,15.233553161145554,0,0,0,0,0,SAFE
37.20200440704908,31.20070309136051,1,0,0,0,1,MIXED
44.9095852027437,12.819708718955779,0,0,0,0,0,SAFE
51.54894857485102,-6.706154097954116,2,0,1,1,0,UNSAFE
25.887179241077682,22.958386552197737,1,1,0,0,0,MIXED
42.483747584938946,17.504463002607608,0,0,0,0,0,SAFE
31.38883117345161,14.767662891496338,0,0,0,0,0,SAFE
58.02807528321074,23.241996197958628,1,0,1,0,0,MIXED
43.3576523611425,10.609460898950623,0,0,0,0,0,SAFE
38.84341718504485,-6.291978892000177,1,0,0,1,0,MIXED
44.061123367369284,23.45483108481854,0,0,0,0,0,SAFE
29.39504538263508,8.38583107693184,1,1,0,0,0,MIXED
32.74028294213262,5.346488051912365,0,0,0,0,0,SAFE
42.4278530145752,-5.844021549884744,1,0,0,1,0,MIXED
46.91416350685651,22.538550699336824,0,0,0,0,0,SAFE
39.9911792957047,-9.807085099845416,1,0,0,1,0,MIXED
34.02865099198088,27.329019341026964,1,0,0,0,1,MIXED
19.77604575417142,11.524765878064809,1,1,0,0,0,MIXED
32.559993772261926,23.045703015848368,0,0,0,0,0,SAFE
36.59908838285231,19.039540207356115,0,0,0,0,0,SAFE
46.523683353352745,33.362258397300195,1,0,0,0,1,MIXED
40.37646445059704,18.760443696226112,0,0,0,0,0,SAFE
30.119556166980512,26.90413563293744,1,0,0,0,1,MIXED
35.91592921542908,9.392458359122545,0,0,0,0,0,SAFE
41.822017641206315,-0.6288434533984955,1,0,0,1,0,MIXED
43.830160231431506,24.67466272925011,0,0,0,0,0,SAFE
44.34347058797833,-0.8889756417872512,1,0,0,1,0,MIXED
41.00952564536272,22.42028902979491,0,0,0,0,0,SAFE
26.976089872272738,4.252339861822861,2,1,0,1,0,UNSAFE
49.01234883265216,17.700954341972867,0,0,0,0,0,SAFE
45.295772657014034,33.594948076233116,1,0,0,0,1,MIXED
45.74842222804962,21.578880104331795,0,0,0,0,0,SAFE
63.68596421774661,12.861954419095092,1,0,1,0,0,MIXED
35.61693789105204,19.277963982471327,0,0,0,0,0,SAFE
45.51192823511116,9.732846080537918,0,0,0,0,0,SAFE
33.740823843561216,38.09844422090078,1,0,0,0,1,MIXED
44.614747763104184,7.677146185979243,0,0,0,0,0,SAFE
49.327442418236785,13.908548484386655,0,0,0,0,0,SAFE
39.97694842945735,20.62272871914493,0,0,0,0,0,SAFE
31.66494185414648,18.526272039171722,0,0,0,0,0,SAFE
57.30363846185402,19.661776621973107,1,0,1,0,0,MIXED
38.990303169732286,9.92894719571758,0,0,0,0,0,SAFE
38.71728021323913,12.46037321952219,0,0,0,0,0,SAFE
38.977547737933826,24.163114410745667,0,0,0,0,0,SAFE
28.134327174328135,23.62000050412134,1,1,0,0,0,MIXED
38.96250779885951,18.76947785695372,0,0,0,0,0,SAFE
32.98409671839309,28.28631066849436,1,0,0,0,1,MIXED
51.96507968137499,24.595905257500736,1,0,1,0,0,MIXED
29.881961793651683,23.29121071066053,1,1,0,0,0,MIXED
45.23884070108567,-1.0527124713256768,1,0,0,1,0,MIXED
41.805620929833474,18.645344890332623,0,0,0,0,0,SAFE
46.448602190585206,16.772613669488557,0,0,0,0,0,SAFE
44.329851334779036,29.736113922530954,1,0,0,0,1,MIXED
51.808271279285435,-10.0,2,0,1,1,0,UNSAFE
39.46049156129855,13.353489724560488,0,0,0,0,0,SAFE
27.983211418184233,15.94183058232312,1,1,0,0,0,MIXED
51.99006217928405,4.134321404094097,2,0,1,1,0,UNSAFE
44.691207509518975,5.841765227035623,0,0,0,0,0,SAFE
36.624703810562586,29.77393634170035,1,0,0,0,1,MIXED
37.6595374391054,19.622124890106246,0,0,0,0,0,SAFE
27.0302550715121,33.6231756139488,2,1,0,0,1,UNSAFE
46.821219570451994,13.175001573497383,0,0,0,0,0,SAFE
46.60437207999916,0.9018057105218968,1,0,0,1,0,MIXED
51.46024593402126,11.760152245035698,1,0,1,0,0,MIXED
40.36744387961252,10.083443850345155,0,0,0,0,0,SAFE
37.35478877803532,21.946706116284087,0,0,0,0,0,SAFE
44.047254800833784,21.5174814140304,0,0,0,0,0,SAFE
41.929642484115426,20.13199811077181,0,0,0,0,0,SAFE
38.64921004859969,37.297318414095486,1,0,0,0,1,MIXED
29.45655666855601,27.609373235629846,2,1,0,0,1,UNSAFE
52.943259605767764,6.478411940344062,1,0,1,0,0,MIXED
59.834188884447784,24.954902829453182,1,0,1,0,0,MIXED
49.76911205458329,15.280221870258767,0,0,0,0,0,SAFE
40.26219073425059,12.905911729603918,0,0,0,0,0,SAFE
45.12424477055614,29.011862750338963,1,0,0,0,1,MIXED
43.45051374289136,5.885563768627097,0,0,0,0,0,SAFE
48.59541649907984,24.211507463947925,0,0,0,0,0,SAFE
47.237276227582285,22.454989065249826,0,0,0,0,0,SAFE
39.83257495873754,5.710108328694204,0,0,0,0,0,SAFE
35.05445255487376,-1.3546324845785804,1,0,0,1,0,MIXED
43.8955888923676,14.165512167734065,0,0,0,0,0,SAFE
38.48009836376233,-10.0,1,0,0,1,0,MIXED
32.02146024244665,26.20840651403167,1,0,0,0,1,MIXED
36.68299199949495,18.605916776568414,0,0,0,0,0,SAFE
30.87451656019795,29.38705482359231,1,0,0,0,1,MIXED
40.84777871956259,17.900403964835352,0,0,0,0,0,SAFE
60.606238335053476,30.164401005894035,2,0,1,0,1,UNSAFE
39.547475029703534,9.067798151296408,0,0,0,0,0,SAFE
39.395639907843744,20.098982484765358,0,0,0,0,0,SAFE
41.15820692599303,11.047558549965284,0,0,0,0,0,SAFE
53.737450005672336,13.85790108222163,1,0,1,0,0,MIXED
60.396712744298554,15.90742563752173,1,0,1,0,0,MIXED
56.28254715379782,18.573194227106267,1,0,1,0,0,MIXED
49.70368458599558,7.753889484822755,0,0,0,0,0,SAFE
35.169926219300706,19.597059550149876,0,0,0,0,0,SAFE
49.90842593972252,15.402565020004628,0,0,0,0,0,SAFE
31.708853319330423,1.3974163371067299,1,0,0,1,0,MIXED
30.58290878251007,-2.6762211293938094,1,0,0,1,0,MIXED
42.8758828755767,26.250439217080253,1,0,0,0,1,MIXED
41.89267370460153,-7.604147573378523,1,0,0,1,0,MIXED
40.473916317323614,13.372010033673929,0,0,0,0,0,SAFE
58.76799000180351,0.428620870804437,2,0,1,1,0,UNSAFE
38.874579179206435,32.05852680544564,1,0,0,0,1,MIXED
45.599826730772385,20.633130735164247,0,0,0,0,0,SAFE
42.916675496191026,18.299435386572647,0,0,0,0,0,SAFE
48.220876242228286,6.905136811072337,0,0,0,0,0,SAFE
49.0244686312656,1.2699698311446088,1,0,0,1,0,MIXED
44.626943782652305,16.787409632863273,0,0,0,0,0,SAFE
37.06965529446314,14.773147246743532,0,0,0,0,0,SAFE
37.019678778675576,4.282986731382557,1,0,0,1,0,MIXED
39.17108206709084,3.9601136462833857,1,0,0,1,0,MIXED
44.58237971274598,3.4991450584763655,1,0,0,1,0,MIXED
47.695816183928414,3.185209320711799,1,0,0,1,0,MIXED
37.46964067535195,8.753965917848209,0,0,0,0,0,SAFE
52.60117383099871,18.302899456165918,1,0,1,0,0,MIXED
40.306129579644846,19.987194410697235,0,0,0,0,0,SAFE
25.142461221362495,14.568664103590926,1,1,0,0,0,MIXED
57.9801134224381,16.323465064026724,1,0,1,0,0,MIXED
42.54330535335468,20.481283796421963,0,0,0,0,0,SAFE
49.16484194651476,-4.974666928898596,1,0,0,1,0,MIXED
28.541388145671785,17.102912910861466,1,1,0,0,0,MIXED
36.28098750481992,28.120252622199143,1,0,0,0,1,MIXED
39.47860488091821,-4.34530735713118,1,0,0,1,0,MIXED
31.855888665248024,-10.0,1,0,0,1,0,MIXED
40.126995701736696,13.116158727356167,0,0,0,0,0,SAFE
38.60429832174482,25.788790390297386,1,0,0,0,1,MIXED
51.58815869213355,13.296115766438888,1,0,1,0,0,MIXED
24.922450660185152,21.172815804922585,1,1,0,0,0,MIXED
46.44288182806861,18.09391570156945,0,0,0,0,0,SAFE
49.85183799446493,3.3517190353896,1,0,0,1,0,MIXED
58.07004308948111,5.40572246858132,1,0,1,0,0,MIXED
47.993783417606835,-1.8734769441335146,1,0,0,1,0,MIXED
34.55788250183959,30.163686467253363,1,0,0,0,1,MIXED
39.9128014159932,23.39922605132798,0,0,0,0,0,SAFE
43.89564310975397,13.950418439998273,0,0,0,0,0,SAFE
52.91080259946152,12.633411753480997,1,0,1,0,0,MIXED
27.754095139492236,6.967599080482948,1,1,0,0,0,MIXED
46.40953382961355,18.955091063625083,0,0,0,0,0,SAFE
29.463533998116496,7.75657480591799,1,1,0,0,0,MIXED
37.34622920638203,11.34530405885775,0,0,0,0,0,SAFE
30.99269129118759,8.716288918805214,0,0,0,0,0,SAFE
36.17111611792378,22.715332597619195,0,0,0,0,0,SAFE
48.47297048792195,13.54189541911184,0,0,0,0,0,SAFE
38.86368163303415,16.399243120391134,0,0,0,0,0,SAFE
35.4673991403554,3.531679178325591,1,0,0,1,0,MIXED
34.478230328594265,8.651868360285434,0,0,0,0,0,SAFE
32.69220960166183,16.620595590628746,0,0,0,0,0,SAFE
47.83772539026967,-0.8709830079824172,1,0,0,1,0,MIXED
42.201029689728266,12.800642047336645,0,0,0,0,0,SAFE
44.73206948429442,14.870612318964119,0,0,0,0,0,SAFE
30.371205760546953,2.3761070114283456,1,0,0,1,0,MIXED
42.235388604679784,25.287809197455093,1,0,0,0,1,MIXED
24.286501031655977,18.4572657980158,1,1,0,0,0,MIXED
51.516976042301145,13.46974123793787,1,0,1,0,0,MIXED
46.40161996821153,7.969309191021978,0,0,0,0,0,SAFE
41.04507040578498,-1.2091351830815142,1,0,0,1,0,MIXED
23.24525353264901,24.427658012252753,1,1,0,0,0,MIXED
34.12004057820447,10.444721549965696,0,0,0,0,0,SAFE
30.908461973838456,0.9003029691612419,1,0,0,1,0,MIXED
40.609298399243066,7.704228058643535,0,0,0,0,0,SAFE
45.02376798395759,19.52538418979592,0,0,0,0,0,SAFE
44.56679717059686,17.386007909284437,0,0,0,0,0,SAFE
54.62214563945509,4.32406230955114,2,0,1,1,0,UNSAFE
41.56052107037666,26.32689820519589,1,0,0,0,1,MIXED
52.11631847470429,0.7823635065542707,2,0,1,1,0,UNSAFE
39.50115646675304,28.581210958672607,1,0,0,0,1,MIXED
46.06463284159252,16.952630314797727,0,0,0,0,0,SAFE
40.25852245252275,11.161990742922546,0,0,0,0,0,SAFE
44.30575250472259,12.476258750155166,0,0,0,0,0,SAFE
41.65937103164445,15.785987061150374,0,0,0,0,0,SAFE
36.57542777205201,20.321293738814383,0,0,0,0,0,SAFE
65.31395718732335,-2.7698663932607523,2,0,1,1,0,UNSAFE
44.59210019351984,7.398099113810944,0,0,0,0,0,SAFE
46.619220620153996,15.46557473327861,0,0,0,0,0,SAFE
48.09483819233971,26.755065765087796,1,0,0,0,1,MIXED
43.53936894214545,26.32052288414178,1,0,0,0,1,MIXED
23.24561684969058,30.904522979160234,2,1,0,0,1,UNSAFE
45.00049721513872,25.77843355745182,1,0,0,0,1,MIXED
32.240994041267825,6.692301183946643,0,0,0,0,0,SAFE
43.167506353158196,14.82962110662537,0,0,0,0,0,SAFE
44.264548704079914,25.845151609299663,1,0,0,0,1,MIXED
27.87823747757721,24.73819071717309,1,1,0,0,0,MIXED
42.066255279663416,12.962181388754523,0,0,0,0,0,SAFE
30.231078124920877,20.03048668376865,0,0,0,0,0,SAFE
22.687137191751702,21.483940112387128,1,1,0,0,0,MIXED
30.063153316216066,15.53457912617474,0,0,0,0,0,SAFE
41.04664930137664,26.695381472938838,1,0,0,0,1,MIXED
40.57075864788888,8.058614388543344,0,0,0,0,0,SAFE
37.94717843223037,27.728827687546634,1,0,0,0,1,MIXED
46.29037575344715,11.143700184768388,0,0,0,0,0,SAFE
40.10842864028389,-0.6717709058544692,1,0,0,1,0,MIXED
45.10779360681233,-2.5981570769546565,1,0,0,1,0,MIXED
48.01437172668365,16.286215924912657,0,0,0,0,0,SAFE
61.09561439659138,3.9986444627569426,2,0,1,1,0,UNSAFE
41.178703271674934,32.98287700923063,1,0,0,0,1,MIXED
51.53111712233132,8.037879484201003,1,0,1,0,0,MIXED
43.79173942698758,15.019993564150873,0,0,0,0,0,SAFE
44.25564693915326,8.013195640151702,0,0,0,0,0,SAFE
41.28543677839412,-0.9805237527671373,1,0,0,1,0,MIXED
43.080987614944654,19.50020673421832,0,0,0,0,0,SAFE
40.18064469884893,-1.1505089058478788,1,0,0,1,0,MIXED
49.9082549028117,18.645250379928022,0,0,0,0,0,SAFE
36.19187921839219,12.193995531619361,0,0,0,0,0,SAFE
29.99464477774529,4.745898722220955,2,1,0,1,0,UNSAFE
37.69750922914288,27.284208122801513,1,0,0,0,1,MIXED
36.883972872900195,21.402136593287587,0,0,0,0,0,SAFE
37.69347037710736,17.479475608518747,0,0,0,0,0,SAFE
40.86883598284958,23.730566000927432,0,0,0,0,0,SAFE
37.72150929425154,-0.7252825000244094,1,0,0,1,0,MIXED
30.94440774909094,9.681225060572427,0,0,0,0,0,SAFE
32.00752023457558,19.102120156795515,0,0,0,0,0,SAFE
38.273854681135376,38.746065500264315,1,0,0,0,1,MIXED
28.098283238902944,17.036331787098014,1,1,0,0,0,MIXED
32.97637581195465,10.065986596173214,0,0,0,0,0,SAFE
43.131355786724356,-8.253713748742868,1,0,0,1,0,MIXED
43.89460893430422,34.029074622741675,1,0,0,0,1,MIXED
38.372493613051255,17.598078568055094,0,0,0,0,0,SAFE
50.1993735450032,13.360464999730034,1,0,1,0,0,MIXED
37.352318491748136,-7.7573640372175205,1,0,0,1,0,MIXED
47.12792575515979,13.868315902711029,0,0,0,0,0,SAFE
33.898529188894706,16.265967102776937,0,0,0,0,0,SAFE
37.33055714555055,9.715738688844745,0,0,0,0,0,SAFE
46.85032924886966,1.616175886761555,1,0,0,1,0,MIXED
50.37852228859007,1.0231383688159639,2,0,1,1,0,UNSAFE
36.69838873315789,34.22946194066577,1,0,0,0,1,MIXED
51.01883809313938,15.976039924954401,1,0,1,0,0,MIXED
34.475758275990266,9.707276933001069,0,0,0,0,0,SAFE
42.586202516685574,15.375232323395984,0,0,0,0,0,SAFE
41.2730325629923,14.691674859158157,0,0,0,0,0,SAFE
40.28499912235909,0.5802126435998716,1,0,0,1,0,MIXED
37.86791406271334,24.146240539868465,0,0,0,0,0,SAFE
31.05332561959106,13.104444884607215,0,0,0,0,0,SAFE
35.44196856983325,16.113504293981112,0,0,0,0,0,SAFE
38.890934551465456,29.77393664974669,1,0,0,0,1,MIXED
46.05266523352203,1.8819683422278857,1,0,0,1,0,MIXED
47.36982409290959,7.25348143737937,0,0,0,0,0,SAFE
37.38402902897973,18.138190201071218,0,0,0,0,0,SAFE
38.066020642158925,23.928558163229553,0,0,0,0,0,SAFE
35.803919507892836,8.810534474086367,0,0,0,0,0,SAFE
36.74903285161513,9.34361251644961,0,0,0,0,0,SAFE
50.79353244438251,21.287962936103032,1,0,1,0,0,MIXED
55.67955163209657,37.67644203899255,2,0,1,0,1,UNSAFE
33.754263744541284,15.704191273272889,0,0,0,0,0,SAFE
32.59039746685254,7.223940722517329,0,0,0,0,0,SAFE
36.959339917954644,4.428451258617256,1,0,0,1,0,MIXED
33.58490181681269,13.557156214797452,0,0,0,0,0,SAFE
32.26625265290875,23.42126959137633,0,0,0,0,0,SAFE
34.657971700659886,43.09568970096392,1,0,0,0,1,MIXED
38.388924392284835,15.720176419170523,0,0,0,0,0,SAFE
31.63727052427172,32.06091758127639,1,0,0,0,1,MIXED
50.95600544642333,17.969158707361125,1,0,1,0,0,MIXED
31.225579609763475,17.106668777246202,0,0,0,0,0,SAFE
33.02855163186196,29.623552634733606,1,0,0,0,1,MIXED
48.47355785482538,15.95439038487736,0,0,0,0,0,SAFE
22.50899469402142,5.165840213409695,1,1,0,0,0,MIXED
47.50208905279898,27.12883691723156,1,0,0,0,1,MIXED
50.873358491937054,-0.9201300224145541,2,0,1,1,0,UNSAFE
44.41241845450323,25.155152164829296,1,0,0,0,1,MIXED
28.73331547534204,14.920954846267637,1,1,0,0,0,MIXED
44.19073918646765,11.992354151532652,0,0,0,0,0,SAFE
27.182705156790387,11.743018899262713,1,1,0,0,0,MIXED
39.38155655795981,13.519275954522458,0,0,0,0,0,SAFE
37.492228596599446,10.569878467585326,0,0,0,0,0,SAFE
41.68234974122418,19.424546049697113,0,0,0,0,0,SAFE
39.564585897146664,10.903510716319982,0,0,0,0,0,SAFE
42.73883230603566,-4.209159258951814,1,0,0,1,0,MIXED
45.81628101781166,14.994369028770413,0,0,0,0,0,SAFE
42.317548212780494,24.60734307594464,0,0,0,0,0,SAFE
26.377475759614015,-4.7383386985896365,2,1,0,1,0,UNSAFE
44.19043076258816,14.928831448714842,0,0,0,0,0,SAFE
43.36141554553546,10.378729248275544,0,0,0,0,0,SAFE
47.31482939391945,24.326388429911198,0,0,0,0,0,SAFE
45.87185835161222,12.391715415954168,0,0,0,0,0,SAFE
25.138484899084776,22.692362080371282,1,1,0,0,0,MIXED
51.77382932974074,21.4455841198398,1,0,1,0,0,MIXED
34.96286058105995,21.737943936677578,0,0,0,0,0,SAFE
48.884237663691565,30.588162477990856,1,0,0,0,1,MIXED
34.99112060617634,12.735454154558616,0,0,0,0,0,SAFE
47.97817640914764,15.574100714381578,0,0,0,0,0,SAFE
33.0613791835898,19.146162850267032,0,0,0,0,0,SAFE
46.629293070521335,15.87962896331002,0,0,0,0,0,SAFE
43.75667941743956,12.412940983142699,0,0,0,0,0,SAFE
53.82623148572847,5.993078162873234,1,0,1,0,0,MIXED
37.301433897889765,15.109855135275255,0,0,0,0,0,SAFE
49.03163222160714,0.026268299054631683,1,0,0,1,0,MIXED
31.517626001876486,-5.377285077347178,1,0,0,1,0,MIXED
42.261561802026165,3.8169418279345617,1,0,0,1,0,MIXED
38.92359911985667,21.613781898917082,0,0,0,0,0,SAFE
36.86765823373723,17.312820227433647,0,0,0,0,0,SAFE
39.60529673798622,21.721143150964366,0,0,0,0,0,SAFE
45.80102453878407,8.080663038253899,0,0,0,0,0,SAFE
40.65078597279638,25.437433977204943,1,0,0,0,1,MIXED
45.14701496203278,1.0303794224886857,1,0,0,1,0,MIXED
47.244944489371065,4.153893775637618,1,0,0,1,0,MIXED
53.30010455968805,25.24098839841025,2,0,1,0,1,UNSAFE
44.319083807347205,16.572328434361935,0,0,0,0,0,SAFE
40.32774195178064,21.78523951400028,0,0,0,0,0,SAFE
39.033774644303506,17.35569870639894,0,0,0,0,0,SAFE
48.975474932155606,9.381934564744103,0,0,0,0,0,SAFE
37.070458080074445,3.05634519275541,1,0,0,1,0,MIXED
33.48421803099062,-3.2839531144150236,1,0,0,1,0,MIXED
47.83863031212424,33.089145420827705,1,0,0,0,1,MIXED
53.40263154776245,-1.2608448862651649,2,0,1,1,0,UNSAFE
47.7988373724496,29.221063499235562,1,0,0,0,1,MIXED
38.345520154090686,16.014474306500496,0,0,0,0,0,SAFE
25.936855593562637,17.667361679766415,1,1,0,0,0,MIXED
33.49152216452226,16.996350179115144,0,0,0,0,0,SAFE
29.510376622488955,20.42858224477596,1,1,0,0,0,MIXED
50.19610140341352,7.1682013828483235,1,0,1,0,0,MIXED
32.90461934871652,-6.56023042549981,1,0,0,1,0,MIXED
39.868691727398584,9.184060657183949,0,0,0,0,0,SAFE
29.591844701215564,19.530187563121714,1,1,0,0,0,MIXED
38.40023694508281,4.242640413547676,1,0,0,1,0,MIXED
37.563420754876425,25.713045389296155,1,0,0,0,1,MIXED
46.82349555004178,13.699739385015102,0,0,0,0,0,SAFE
46.95284014771882,3.39088043613261,1,0,0,1,0,MIXED
42.258960805816244,16.473223304864707,0,0,0,0,0,SAFE
38.24130793201019,19.35458335957418,0,0,0,0,0,SAFE
35.75653236284439,20.09820707776118,0,0,0,0,0,SAFE
46.41487017225033,-10.0,1,0,0,1,0,MIXED
51.522445628080945,-10.0,2,0,1,1,0,UNSAFE
37.071607795550996,25.25348034257755,1,0,0,0,1,MIXED
39.461706197980476,0.33814017530458074,1,0,0,1,0,MIXED
33.25010350626663,25.269057463206195,1,0,0,0,1,MIXED
26.627963755610892,26.289911009620173,2,1,0,0,1,UNSAFE
41.55918320766168,3.0760466955756645,1,0,0,1,0,MIXED
37.33507942157847,4.827756588983586,1,0,0,1,0,MIXED
48.92980160686823,22.324278097628383,0,0,0,0,0,SAFE
28.246710928991625,10.964078814806658,1,1,0,0,0,MIXED
35.094514701245785,27.935099684593702,1,0,0,0,1,MIXED
31.199207054988634,31.04229104685014,1,0,0,0,1,MIXED
41.7336420838645,3.3806559361991244,1,0,0,1,0,MIXED
36.58180652792578,6.983811592315494,0,0,0,0,0,SAFE
31.803052783875952,15.948268597303757,0,0,0,0,0,SAFE
32.17667559446525,-6.803662087381888,1,0,0,1,0,MIXED
38.96258823321462,-3.0285619641788273,1,0,0,1,0,MIXED
35.98271305545984,5.908971113966441,0,0,0,0,0,SAFE
35.03027142379349,35.00963101590153,1,0,0,0,1,MIXED
42.451292537356565,17.453710089953322,0,0,0,0,0,SAFE
27.788813629261643,8.460368663630781,1,1,0,0,0,MIXED
43.722421039532094,4.7547108708699355,1,0,0,1,0,MIXED
49.26450274814388,2.9730341409896983,1,0,0,1,0,MIXED
39.7090709130786,9.139483600244414,0,0,0,0,0,SAFE
43.31456527505533,8.59509928144574,0,0,0,0,0,SAFE
39.8328509834325,12.638699082220144,0,0,0,0,0,SAFE
36.124897940869594,19.850938684971126,0,0,0,0,0,SAFE
43.907106998699405,14.113860547468327,0,0,0,0,0,SAFE
38.556333332304334,22.96544030519997,0,0,0,0,0,SAFE
40.11332604948655,11.93302712174063,0,0,0,0,0,SAFE
42.83752023910501,31.965866829708506,1,0,0,0,1,MIXED
31.27715033583037,22.69856893055355,0,0,0,0,0,SAFE
26.854630710095158,17.17273158228624,1,1,0,0,0,MIXED
54.60066262086985,19.88668524467307,1,0,1,0,0,MIXED
43.36500062831834,9.395505311969245,0,0,0,0,0,SAFE
42.24837760390843,12.479371845966437,0,0,0,0,0,SAFE
35.712187136549154,12.101243845251302,0,0,0,0,0,SAFE
43.58704928501152,7.327829314693597,0,0,0,0,0,SAFE
35.54974543452253,1.397565624078256,1,0,0,1,0,MIXED
45.12580020871117,20.453232619670604,0,0,0,0,0,SAFE
43.85328355389214,24.65170492728666,0,0,0,0,0,SAFE
42.70294109664582,18.920109373657567,0,0,0,0,0,SAFE
44.430699405100505,14.084599805817922,0,0,0,0,0,SAFE
37.75342537496282,37.14152615791911,1,0,0,0,1,MIXED
38.38439216117193,8.341222888795636,0,0,0,0,0,SAFE
45.472078587600855,17.51854415295005,0,0,0,0,0,SAFE
30.761667619117382,26.226782545637384,1,0,0,0,1,MIXED
41.24644339719333,3.8906890478427947,1,0,0,1,0,MIXED
51.51027291483099,21.25675571596154,1,0,1,0,0,MIXED
31.883664064416685,32.77182840257724,1,0,0,0,1,MIXED
47.27037894692954,14.89803884374954,0,0,0,0,0,SAFE
54.721750444974234,16.592977838296406,1,0,1,0,0,MIXED
41.775335399167744,8.39699883978011,0,0,0,0,0,SAFE
46.65480351445663,19.7660296732398,0,0,0,0,0,SAFE
42.11744111911769,7.10013646132397,0,0,0,0,0,SAFE
43.03943883332859,14.30201214237862,0,0,0,0,0,SAFE
31.33220545012639,0.2818764867581436,1,0,0,1,0,MIXED
46.52122703047816,-10.0,1,0,0,1,0,MIXED
43.64328421569008,10.219169422461755,0,0,0,0,0,SAFE
52.46597285503928,10.065317908461243,1,0,1,0,0,MIXED
47.27587371401517,11.030861587622084,0,0,0,0,0,SAFE
42.909985227889145,22.368365309200513,0,0,0,0,0,SAFE
38.29955426940336,24.965548844984042,0,0,0,0,0,SAFE
34.05041698314813,17.94592842558379,0,0,0,0,0,SAFE
49.38111778230282,21.60037491790335,0,0,0,0,0,SAFE
57.33155901388328,7.365606826893395,1,0,1,0,0,MIXED
30.966805989211295,5.056648915048806,0,0,0,0,0,SAFE
47.2835405323875,19.979229342693785,0,0,0,0,0,SAFE
42.818053277179324,3.7704295089287,1,0,0,1,0,MIXED
48.13493834663249,2.752952223494596,1,0,0,1,0,MIXED
51.2715966590152,43.57438423139865,2,0,1,0,1,UNSAFE
44.9316091725724,20.83108135657743,0,0,0,0,0,SAFE
38.05712184883552,-3.102133210868164,1,0,0,1,0,MIXED
37.17824509575822,4.071047589012506,1,0,0,1,0,MIXED
30.423963388679873,32.22359941995649,1,0,0,0,1,MIXED
44.18290014420619,18.796875806139838,0,0,0,0,0,SAFE
39.52782107843,13.271289175565636,0,0,0,0,0,SAFE
49.71640545791467,14.676628813047845,0,0,0,0,0,SAFE
46.24555150419786,13.039957021549842,0,0,0,0,0,SAFE
39.262776874143626,0.9308583439813809,1,0,0,1,0,MIXED
26.178007501062975,12.384380989335982,1,1,0,0,0,MIXED
42.45197353594586,2.1386996329120915,1,0,0,1,0,MIXED
41.72420107972294,15.537525629905021,0,0,0,0,0,SAFE
24.751935951524967,5.848753405204988,1,1,0,0,0,MIXED
45.258111149883746,18.87058729395744,0,0,0,0,0,SAFE
32.77060066880192,16.584480504997348,0,0,0,0,0,SAFE
50.179257802883775,22.77072958990898,1,0,1,0,0,MIXED
41.237713703888524,10.320236866757076,0,0,0,0,0,SAFE
36.96524412532396,19.678197829096572,0,0,0,0,0,SAFE
43.5608317851431,21.294040061022002,0,0,0,0,0,SAFE
43.05499050496922,23.18763950347442,0,0,0,0,0,SAFE
42.7567402636616,22.846887161316864,0,0,0,0,0,SAFE
48.96658216293311,6.954733697751864,0,0,0,0,0,SAFE
27.534847625034033,30.434928560145533,2,1,0,0,1,UNSAFE
44.0532698456981,-2.144858954961215,1,0,0,1,0,MIXED
36.28944402225031,22.718742923698283,0,0,0,0,0,SAFE
39.76258535093686,9.87938580680873,0,0,0,0,0,SAFE
53.20705488250373,4.527128536161895,2,0,1,1,0,UNSAFE
35.61477313796133,17.113864750482676,0,0,0,0,0,SAFE
45.12363945643106,19.963430343407314,0,0,0,0,0,SAFE
49.289904356551574,16.98578620681517,0,0,0,0,0,SAFE
45.91507151150727,12.407907406849167,0,0,0,0,0,SAFE
42.50158642589371,16.075341800536343,0,0,0,0,0,SAFE
43.72078508655229,22.725398075827606,0,0,0,0,0,SAFE
46.44116545555865,15.442170029001831,0,0,0,0,0,SAFE
35.52699212047168,15.676712580627095,0,0,0,0,0,SAFE
41.77585772083405,16.931815798131982,0,0,0,0,0,SAFE
59.65220245712322,9.762272214587647,1,0,1,0,0,MIXED
45.378312153002874,25.684620672442982,1,0,0,0,1,MIXED
42.78401531279506,38.37845119172165,1,0,0,0,1,MIXED
38.97568566614819,18.240892223200472,0,0,0,0,0,SAFE
35.609554040856146,11.484752648567069,0,0,0,0,0,SAFE
43.99147128317326,23.463040623077298,0,0,0,0,0,SAFE
44.552758672188595,27.59114849334736,1,0,0,0,1,MIXED
41.240277515258626,11.678314701609946,0,0,0,0,0,SAFE
63.63188085823509,18.94237649442031,1,0,1,0,0,MIXED
36.24414763217162,8.057362377519311,0,0,0,0,0,SAFE
34.458560683749276,24.365693558567877,0,0,0,0,0,SAFE
39.08498165685407,16.273624756564857,0,0,0,0,0,SAFE
41.49193060449385,22.314924079409344,0,0,0,0,0,SAFE
35.22604725692784,4.244277138569846,1,0,0,1,0,MIXED
43.79437845745275,21.00959284699897,0,0,0,0,0,SAFE
44.660258504781126,6.9054627090267235,0,0,0,0,0,SAFE
47.41987873673115,7.561390729043658,0,0,0,0,0,SAFE
37.827690841708936,5.560464752779978,0,0,0,0,0,SAFE
52.40926678921625,21.334215410273494,1,0,1,0,0,MIXED
46.839947005430986,27.472114211424504,1,0,0,0,1,MIXED
64.5011939859098,-2.0922610391015546,2,0,1,1,0,UNSAFE
36.09298735298314,8.838249158254762,0,0,0,0,0,SAFE
35.19344302093846,4.224167523962874,1,0,0,1,0,MIXED
39.602775487557075,2.8339628471059513,1,0,0,1,0,MIXED
44.68033894029931,15.516983214286146,0,0,0,0,0,SAFE
45.84822931810924,20.077284516382527,0,0,0,0,0,SAFE
46.82405482741341,11.265910631761177,0,0,0,0,0,SAFE
58.969147221069335,17.34431116482098,1,0,1,0,0,MIXED
27.100121979001642,4.976242542337825,2,1,0,1,0,UNSAFE
28.075976087777477,15.173346291513074,1,1,0,0,0,MIXED
41.02555820757333,10.31574302100542,0,0,0,0,0,SAFE
58.087408899204114,20.48982874076911,1,0,1,0,0,MIXED
47.808786891570676,5.689265120578968,0,0,0,0,0,SAFE
34.006840869351905,15.368054990969547,0,0,0,0,0,SAFE
43.38405711721781,-3.563115671144569,1,0,0,1,0,MIXED
40.55754381720373,15.140720828735049,0,0,0,0,0,SAFE
40.27880667383097,6.866095876533237,0,0,0,0,0,SAFE
37.68371854463088,13.23140806427204,0,0,0,0,0,SAFE
42.72640018888038,21.04791582550568,0,0,0,0,0,SAFE
50.64684963960697,12.056522764727502,1,0,1,0,0,MIXED
38.35075043107714,19.376556735343062,0,0,0,0,0,SAFE
46.88675933128683,10.657995667411145,0,0,0,0,0,SAFE
48.32314781572938,24.795853411559733,0,0,0,0,0,SAFE
52.33349172526938,32.78320906719823,2,0,1,0,1,UNSAFE
35.06867089072449,15.138982093325112,0,0,0,0,0,SAFE
42.09022157294928,14.019264314674924,0,0,0,0,0,SAFE
36.80589664311891,0.14437996768928585,1,0,0,1,0,MIXED
42.74143556823203,7.316443404520875,0,0,0,0,0,SAFE
42.687947845981,7.059564583011467,0,0,0,0,0,SAFE
33.20273323324527,17.342983603768978,0,0,0,0,0,SAFE
43.207372214451965,20.79281971320933,0,0,0,0,0,SAFE
59.486910131341006,17.772895312108467,1,0,1,0,0,MIXED
45.88065413651304,4.224386711326746,1,0,0,1,0,MIXED
31.704740475709002,30.828294467733336,1,0,0,0,1,MIXED
34.61216176053357,4.560559285313579,1,0,0,1,0,MIXED
41.68720863026758,14.098075866226116,0,0,0,0,0,SAFE
34.77994794845367,11.950267812869,0,0,0,0,0,SAFE
51.83500574120083,6.940063911682024,1,0,1,0,0,MIXED
30.850620125070627,24.425936208997925,0,0,0,0,0,SAFE
45.938375295504294,8.794813793513384,0,0,0,0,0,SAFE
29.34266387098466,7.553766435614369,1,1,0,0,0,MIXED
41.56236450520583,26.65672089883819,1,0,0,0,1,MIXED
33.707344201042744,14.154801184885265,0,0,0,0,0,SAFE
47.401157279159186,-8.812673401219207,1,0,0,1,0,MIXED
50.270289343511195,3.175494277935627,2,0,1,1,0,UNSAFE
44.65596394765548,17.46683149610744,0,0,0,0,0,SAFE
50.67669113171076,20.509243808935402,1,0,1,0,0,MIXED
22.98167606616015,7.152207528440087,1,1,0,0,0,MIXED
43.10564103482624,13.05020113880213,0,0,0,0,0,SAFE
45.82088583805417,22.89366555669705,0,0,0,0,0,SAFE
46.86761389143743,12.857250574455348,0,0,0,0,0,SAFE
27.229303911036155,10.445187511451827,1,1,0,0,0,MIXED
45.330945185111645,4.095527474495224,1,0,0,1,0,MIXED
47.05019784097261,24.083932972673047,0,0,0,0,0,SAFE
43.014935810366744,-10.0,1,0,0,1,0,MIXED
31.775293098305575,33.86189158556081,1,0,0,0,1,MIXED
37.62769765577298,-4.841432231289961,1,0,0,1,0,MIXED
51.88197910648218,15.133555915436729,1,0,1,0,0,MIXED
50.8395239116618,17.769586752193653,1,0,1,0,0,MIXED
45.66847308969735,18.630092477145165,0,0,0,0,0,SAFE
47.579906495368,37.77430448556098,1,0,0,0,1,MIXED
49.76805068767351,-0.8033931784553499,1,0,0,1,0,MIXED
45.57329212223123,26.41480768103218,1,0,0,0,1,MIXED
51.62160645228917,10.733950169409004,1,0,1,0,0,MIXED
51.31955556150502,24.277423995512052,1,0,1,0,0,MIXED
62.58013949575784,7.499982637514885,1,0,1,0,0,MIXED
37.9407953887966,11.938809515400461,0,0,0,0,0,SAFE
38.0782227996898,6.09979250236397,0,0,0,0,0,SAFE
19.898595954610055,10.653005262768659,1,1,0,0,0,MIXED
44.95486447759924,10.067781544940893,0,0,0,0,0,SAFE
57.48304946823288,15.133758127158625,1,0,1,0,0,MIXED
52.328232441473084,17.614204127299683,1,0,1,0,0,MIXED
48.611258479146066,17.79241553933562,0,0,0,0,0,SAFE
52.950277055228504,15.559393501324006,1,0,1,0,0,MIXED
45.96896566471028,18.66332933650044,0,0,0,0,0,SAFE
39.69371633498145,19.049823189246766,0,0,0,0,0,SAFE
59.87508996958145,12.29603057904558,1,0,1,0,0,MIXED
45.35571914282599,27.57778950869443,1,0,0,0,1,MIXED
51.122026247554246,15.117164177193652,1,0,1,0,0,MIXED
22.932890376341106,20.167028186484664,1,1,0,0,0,MIXED
24.24420593101558,29.69937230941231,2,1,0,0,1,UNSAFE
43.355790969546085,24.99674019871989,0,0,0,0,0,SAFE
34.78311089455159,-0.5250747330005439,1,0,0,1,0,MIXED
44.08603507312934,14.66396560043858,0,0,0,0,0,SAFE
38.06767339074268,15.846612807327638,0,0,0,0,0,SAFE
64.13948713625808,23.345255473690578,1,0,1,0,0,MIXED
50.39598884690655,23.439368915533557,1,0,1,0,0,MIXED
53.835697150817545,13.09928327099255,1,0,1,0,0,MIXED
25.56190953859765,13.114138669939901,1,1,0,0,0,MIXED
48.49388567997202,5.301996048849263,0,0,0,0,0,SAFE
40.589072396085356,8.08230256997687,0,0,0,0,0,SAFE
54.016234014745045,22.494570154065638,1,0,1,0,0,MIXED
47.21232496515167,21.216013131209714,0,0,0,0,0,SAFE
41.702005979582985,16.975562825275034,0,0,0,0,0,SAFE
32.51852335574146,-6.864419787505675,1,0,0,1,0,MIXED
43.20064904276019,18.239902562721444,0,0,0,0,0,SAFE
51.67411654740302,30.713358160823674,2,0,1,0,1,UNSAFE
54.559987879991574,5.019764067061223,1,0,1,0,0,MIXED
39.181879720401845,19.803342958813793,0,0,0,0,0,SAFE
62.25523742193742,29.80099203713916,2,0,1,0,1,UNSAFE
50.95517729598704,11.122120444507093,1,0,1,0,0,MIXED
34.934402950759,22.889078833832393,0,0,0,0,0,SAFE
33.19470988612512,12.615636490196973,0,0,0,0,0,SAFE
41.08177640798462,30.92912089122808,1,0,0,0,1,MIXED
39.16242157632258,-9.392496385726155,1,0,0,1,0,MIXED
46.035557181299744,8.009781468960735,0,0,0,0,0,SAFE
42.341048195501976,14.132952991578764,0,0,0,0,0,SAFE
39.810368033457856,22.903405817847037,0,0,0,0,0,SAFE
29.737080973178344,9.829857750456398,1,1,0,0,0,MIXED
47.47230330493905,8.859152246556317,0,0,0,0,0,SAFE
29.129546325840224,21.68555343256736,1,1,0,0,0,MIXED
50.98475704353231,14.550047923569936,1,0,1,0,0,MIXED
26.31323521224374,22.059697466988162,1,1,0,0,0,MIXED
28.720896948642498,18.08799276848166,1,1,0,0,0,MIXED
34.900289402062725,3.401607142330347,1,0,0,1,0,MIXED
38.464719863362475,13.167024435727402,0,0,0,0,0,SAFE
36.84633399690841,20.887032782151508,0,0,0,0,0,SAFE
38.43144497232933,24.80190871671822,0,0,0,0,0,SAFE
44.249385325147834,8.02442793403692,0,0,0,0,0,SAFE
35.072480929341715,-1.4749629904743884,1,0,0,1,0,MIXED
44.32586542293458,11.45412452748642,0,0,0,0,0,SAFE
23.022435775491886,9.642851272305998,1,1,0,0,0,MIXED
34.79172776596038,30.756775921706602,1,0,0,0,1,MIXED
28.377771104853522,0.5864920026594618,2,1,0,1,0,UNSAFE
50.8797571448456,28.56763157463963,2,0,1,0,1,UNSAFE
36.04013649019487,8.679141771910892,0,0,0,0,0,SAFE
46.9298831724265,-8.270997969453102,1,0,0,1,0,MIXED
27.11045052395555,12.19266599149288,1,1,0,0,0,MIXED
54.39912452903301,10.642699118332605,1,0,1,0,0,MIXED
42.80749433388124,26.33789272564012,1,0,0,0,1,MIXED
58.85507786622517,9.231515268516874,1,0,1,0,0,MIXED
41.865306210132594,33.22055221342843,1,0,0,0,1,MIXED
29.822405798468573,25.27581070553822,2,1,0,0,1,UNSAFE
33.85347574110993,16.024723671031566,0,0,0,0,0,SAFE
40.059047620797806,5.419883992987707,0,0,0,0,0,SAFE
34.1351845787338,17.764143642537544,0,0,0,0,0,SAFE
49.964314625301455,13.702637968114967,0,0,0,0,0,SAFE
42.56090526986573,20.711740662910472,0,0,0,0,0,SAFE
34.22704981589632,22.39692508412923,0,0,0,0,0,SAFE
48.554744776477975,41.0362629875041,1,0,0,0,1,MIXED
38.99116647552334,10.419181983318724,0,0,0,0,0,SAFE
48.15172697258996,23.191041689121384,0,0,0,0,0,SAFE
37.7193027729863,10.968373230699513,0,0,0,0,0,SAFE
46.329046705744325,6.724157592653386,0,0,0,0,0,SAFE
38.71572809587988,15.895927673684346,0,0,0,0,0,SAFE
49.967509478578066,8.954013838204592,0,0,0,0,0,SAFE
27.260924303754624,-4.16597467518211,2,1,0,1,0,UNSAFE
31.924695466350933,1.8683228180006282,1,0,0,1,0,MIXED
40.76311393104073,3.11119846402395,1,0,0,1,0,MIXED
36.377960321430365,7.259141150179502,0,0,0,0,0,SAFE
38.475937113216055,28.225043315231225,1,0,0,0,1,MIXED
47.29558071544413,15.161294152760039,0,0,0,0,0,SAFE
38.311789755353296,10.667673433769789,0,0,0,0,0,SAFE
44.6219717596156,20.841690733522903,0,0,0,0,0,SAFE
34.739059951195195,15.364807556142315,0,0,0,0,0,SAFE
25.747043450695784,17.11713784170597,1,1,0,0,0,MIXED
48.09719393566949,12.199313731191246,0,0,0,0,0,SAFE
56.53221596912084,6.187615525639496,1,0,1,0,0,MIXED
43.73952332242609,14.641752533340446,0,0,0,0,0,SAFE
41.19761866045273,13.856778319952523,0,0,0,0,0,SAFE
42.856840240075776,23.479587434636997,0,0,0,0,0,SAFE
53.021889890197954,14.977497554958425,1,0,1,0,0,MIXED
48.522528577373066,7.982330537332175,0,0,0,0,0,SAFE
48.12764362180987,7.380084761730097,0,0,0,0,0,SAFE
50.725279488705056,37.106408773932394,2,0,1,0,1,UNSAFE
41.02332889622887,-6.925434908074088,1,0,0,1,0,MIXED
37.615416534041415,27.318751342893034,1,0,0,0,1,MIXED
46.42461429620196,17.489135986750295,0,0,0,0,0,SAFE
50.06934684763871,19.84453439248422,1,0,1,0,0,MIXED
51.74180149960909,24.194236766469857,1,0,1,0,0,MIXED
54.17360362189567,18.587960839062543,1,0,1,0,0,MIXED
49.24207521195164,11.928729269142146,0,0,0,0,0,SAFE
37.18831350752795,32.06767640418973,1,0,0,0,1,MIXED
43.7296374105815,23.04880565862379,0,0,0,0,0,SAFE
42.98992011529112,9.134843490800357,0,0,0,0,0,SAFE
42.08786314065921,29.359940177677142,1,0,0,0,1,MIXED
46.44192059423539,-2.1147315973045906,1,0,0,1,0,MIXED
40.27804434739076,32.82293792704712,1,0,0,0,1,MIXED
40.28962510520035,-3.004786917341807,1,0,0,1,0,MIXED
57.14439108338035,21.823925098127926,1,0,1,0,0,MIXED
41.439897129497595,11.285822639179313,0,0,0,0,0,SAFE
50.65881543833388,9.580165997738074,1,0,1,0,0,MIXED
51.18605139612791,20.42195285724256,1,0,1,0,0,MIXED
43.9574554038988,16.455148053355952,0,0,0,0,0,SAFE
40.600255706286575,25.456401202092657,1,0,0,0,1,MIXED
35.07725734318532,-1.2192512683020915,1,0,0,1,0,MIXED
46.9155209831398,21.312383280671476,0,0,0,0,0,SAFE
45.84192922009413,19.077283696180388,0,0,0,0,0,SAFE
39.435676973299614,22.87482704385525,0,0,0,0,0,SAFE
41.63553498596367,10.128864391848218,0,0,0,0,0,SAFE
39.504869501956804,35.20639698775832,1,0,0,0,1,MIXED
28.120191343636538,19.99788104295799,1,1,0,0,0,MIXED
28.56711657901026,13.917666616770267,1,1,0,0,0,MIXED
38.5309801187665,-5.85028296679878,1,0,0,1,0,MIXED
45.112300723470106,11.19961937807804,0,0,0,0,0,SAFE
25.20634925951005,23.395680907742523,1,1,0,0,0,MIXED
53.48004942391148,29.90124342296572,2,0,1,0,1,UNSAFE
44.87165152521177,15.460581385771155,0,0,0,0,0,SAFE
52.625252967166375,31.823835853400983,2,0,1,0,1,UNSAFE
51.068549623005,5.584623977701989,1,0,1,0,0,MIXED
43.61075882571937,19.395161442914286,0,0,0,0,0,SAFE
27.523064248662166,19.69360659620774,1,1,0,0,0,MIXED
60.18393460783511,21.399361658007912,1,0,1,0,0,MIXED
53.78730465153405,16.82914730128705,1,0,1,0,0,MIXED
41.414253408129426,18.812713900809754,0,0,0,0,0,SAFE
35.47338681612454,5.362248127656114,0,0,0,0,0,SAFE
52.130436457354925,28.723423428665182,2,0,1,0,1,UNSAFE
34.0711494753012,24.679988045538643,0,0,0,0,0,SAFE
41.30432019515183,18.398085744904307,0,0,0,0,0,SAFE
45.68174911548051,24.943504681243184,0,0,0,0,0,SAFE
42.66174561490551,29.10161995301936,1,0,0,0,1,MIXED
44.4753027180794,21.241842724695324,0,0,0,0,0,SAFE
35.33389926770203,36.58659010704834,1,0,0,0,1,MIXED
45.758599385639734,22.129974253450992,0,0,0,0,0,SAFE
29.13451351030767,6.772979769208989,1,1,0,0,0,MIXED
51.90306950334984,17.86891118292605,1,0,1,0,0,MIXED
26.68976212136859,25.38289928983819,2,1,0,0,1,UNSAFE
37.649737565178214,29.113169858767122,1,0,0,0,1,MIXED
41.2973145711704,17.047066860205298,0,0,0,0,0,SAFE
51.43163662873319,6.0250702914533765,1,0,1,0,0,MIXED
34.057225537328485,13.035015796018927,0,0,0,0,0,SAFE
48.617382396969774,1.6912274738650943,1,0,0,1,0,MIXED
28.655723200887227,23.237209270437923,1,1,0,0,0,MIXED
37.17617349946397,11.077739870797169,0,0,0,0,0,SAFE
27.145516784478673,8.210206856480179,1,1,0,0,0,MIXED
41.939461626950795,24.303778576228922,0,0,0,0,0,SAFE
35.83015867012289,31.573761202324967,1,0,0,0,1,MIXED
36.52355180656159,8.169081984148253,0,0,0,0,0,SAFE
54.29886041518242,17.114601523639173,1,0,1,0,0,MIXED
37.583802167907386,13.448668688194065,0,0,0,0,0,SAFE
52.82458862033647,29.66202819625682,2,0,1,0,1,UNSAFE
35.46565456583795,14.575661899208917,0,0,0,0,0,SAFE
42.721254621340584,5.137598894834024,0,0,0,0,0,SAFE
41.55451957880005,15.053228604517004,0,0,0,0,0,SAFE
51.12167583149389,27.074250283112008,2,0,1,0,1,UNSAFE
39.36632481312794,12.860468561391883,0,0,0,0,0,SAFE
47.31433841644508,9.148115510729884,0,0,0,0,0,SAFE
46.70912121389922,14.120935126307852,0,0,0,0,0,SAFE
34.244811378091036,5.431632871203535,0,0,0,0,0,SAFE
53.57646956824882,13.435785208567014,1,0,1,0,0,MIXED
55.122832751186486,9.8636373928509,1,0,1,0,0,MIXED
44.32964160905195,38.92676723018241,1,0,0,0,1,MIXED
33.54090604269376,-3.9781449989977666,1,0,0,1,0,MIXED
52.292721050297864,6.7319089460692645,1,0,1,0,0,MIXED
41.83434908715013,9.140817895484151,0,0,0,0,0,SAFE
44.145302247642526,5.494637928142579,0,0,0,0,0,SAFE
40.56047929693355,19.498153265565342,0,0,0,0,0,SAFE
33.9335289098059,7.999159703541111,0,0,0,0,0,SAFE
39.22093733121174,0.7118456577372179,1,0,0,1,0,MIXED
38.61951213761003,16.187965399029018,0,0,0,0,0,SAFE
38.80360846729257,12.286235070682753,0,0,0,0,0,SAFE
41.84078663274732,8.44256537567686,0,0,0,0,0,SAFE
47.52850052693502,29.359781248017757,1,0,0,0,1,MIXED
38.28495686243641,19.85198231477707,0,0,0,0,0,SAFE
40.08306275652282,18.654873450385047,0,0,0,0,0,SAFE
54.52623624962604,20.08659543018099,1,0,1,0,0,MIXED
27.812683689522554,19.53995631446959,1,1,0,0,0,MIXED
51.86290994647207,12.784038300018974,1,0,1,0,0,MIXED
49.96507844894266,8.09884458848054,0,0,0,0,0,SAFE
30.11568672382181,16.411690188326403,0,0,0,0,0,SAFE
27.948186234029485,12.602289871064082,1,1,0,0,0,MIXED
52.29473810116402,-4.097629057462807,2,0,1,1,0,UNSAFE
31.764025632688817,4.679677548384225,1,0,0,1,0,MIXED
41.49344112231232,11.342832143537908,0,0,0,0,0,SAFE
53.1930910535687,24.543483290916974,1,0,1,0,0,MIXED
45.96218356854878,16.45630314343885,0,0,0,0,0,SAFE
45.14583821587862,6.380176446866251,0,0,0,0,0,SAFE
48.857682828452894,3.879557456407989,1,0,0,1,0,MIXED
48.68301595121785,26.86142502118831,1,0,0,0,1,MIXED
43.686916816704695,13.237869410380242,0,0,0,0,0,SAFE
45.20247926647738,-10.0,1,0,0,1,0,MIXED
44.41806574788369,13.86646002160193,0,0,0,0,0,SAFE
41.59497509554407,22.065325128978273,0,0,0,0,0,SAFE
41.40184862748218,3.5979314334884194,1,0,0,1,0,MIXED
40.86877863339698,15.675554840808244,0,0,0,0,0,SAFE
42.919471292648105,16.61919367285068,0,0,0,0,0,SAFE
50.314952359348425,4.139654469658524,2,0,1,1,0,UNSAFE
43.4056036493188,27.89929698618241,1,0,0,0,1,MIXED
28.123108024502436,16.796466807800535,1,1,0,0,0,MIXED
37.316971984215655,11.29289615526895,0,0,0,0,0,SAFE
34.761539974284624,13.30449284299556,0,0,0,0,0,SAFE
56.730044915415235,2.355696388227864,2,0,1,1,0,UNSAFE
32.64311998016938,1.9806542983649535,1,0,0,1,0,MIXED
55.81934629302481,10.37660294478713,1,0,1,0,0,MIXED
41.794887517218605,10.972170588937603,0,0,0,0,0,SAFE
34.444616972775265,12.648493533855646,0,0,0,0,0,SAFE
61.66594884589248,28.92070920974255,2,0,1,0,1,UNSAFE
35.176497457661824,21.47574103061686,0,0,0,0,0,SAFE
35.347817818668986,-2.7636763884622084,1,0,0,1,0,MIXED
50.15608734131703,26.600928466435505,2,0,1,0,1,UNSAFE
50.368418008383195,10.301347507804273,1,0,1,0,0,MIXED
40.66579412798411,22.497655536581235,0,0,0,0,0,SAFE
45.131968298784855,11.063625287029557,0,0,0,0,0,SAFE
29.047425439054685,16.13875194142012,1,1,0,0,0,MIXED
50.632077113888904,3.0241171096584285,2,0,1,1,0,UNSAFE
47.11007505340782,18.31541695133693,0,0,0,0,0,SAFE
48.00118610585867,23.719754997190073,0,0,0,0,0,SAFE
36.44427806459718,-1.169594001649461,1,0,0,1,0,MIXED
37.731843794536964,23.891273175270072,0,0,0,0,0,SAFE
37.663968771792234,8.059566761423582,0,0,0,0,0,SAFE
27.42919726460289,32.52647554550939,2,1,0,0,1,UNSAFE
48.60570913140248,22.698959812747646,0,0,0,0,0,SAFE
49.74180309423579,20.767083615434018,0,0,0,0,0,SAFE
40.045369158563766,13.362358958777984,0,0,0,0,0,SAFE
38.579485083263,41.34740754415,1,0,0,0,1,MIXED
46.44729625039554,10.361995586485655,0,0,0,0,0,SAFE
45.723974193330235,4.891310821436825,1,0,0,1,0,MIXED
54.03605374871381,8.389309041928598,1,0,1,0,0,MIXED
46.008683460979725,25.659776297431343,1,0,0,0,1,MIXED
45.07814835363994,15.944699918196383,0,0,0,0,0,SAFE
42.086416678848124,14.435589031128929,0,0,0,0,0,SAFE
37.38641208857998,10.505165702302957,0,0,0,0,0,SAFE
53.83672298920748,13.914633673148433,1,0,1,0,0,MIXED
35.71362984493781,9.837024031384914,0,0,0,0,0,SAFE
50.80296544557778,21.756066331644785,1,0,1,0,0,MIXED
46.482633425858054,12.424788010902086,0,0,0,0,0,SAFE
46.58689976138356,8.56438875049352,0,0,0,0,0,SAFE
39.9230877492338,24.698044873917453,0,0,0,0,0,SAFE
48.994221431352514,5.180901540491968,0,0,0,0,0,SAFE
35.155788376731394,16.0870215281341,0,0,0,0,0,SAFE
55.809058997356075,-4.155651644689943,2,0,1,1,0,UNSAFE
44.22666351656403,1.2395666842685173,1,0,0,1,0,MIXED
36.925352051795635,11.355715819357586,0,0,0,0,0,SAFE
38.63593325250487,9.662040603407915,0,0,0,0,0,SAFE
42.05765648301096,9.647444333694217,0,0,0,0,0,SAFE
30.30034092116678,22.798696125227764,0,0,0,0,0,SAFE
48.022977337191044,23.43174310022669,0,0,0,0,0,SAFE
29.674124029887345,17.98918152584151,1,1,0,0,0,MIXED
47.40783084645539,4.687979315604149,1,0,0,1,0,MIXED
42.07338598545703,13.837333546896343,0,0,0,0,0,SAFE
56.737205268546106,34.24496037012573,2,0,1,0,1,UNSAFE
28.685148853358392,39.9392700572799,2,1,0,0,1,UNSAFE
34.67819423077341,24.806732943274255,0,0,0,0,0,SAFE
49.763983846909845,5.043097731581932,0,0,0,0,0,SAFE
45.94614235071279,13.92466255733936,0,0,0,0,0,SAFE
46.434640037059125,17.306723023806256,0,0,0,0,0,SAFE
51.57071588296198,15.753995431460623,1,0,1,0,0,MIXED
40.65700744458951,25.960642330571805,1,0,0,0,1,MIXED
46.643167718868824,22.318133943208878,0,0,0,0,0,SAFE
36.68330662193122,4.547372186015259,1,0,0,1,0,MIXED
37.458222853978384,8.791786143194113,0,0,0,0,0,SAFE
48.28959414922331,24.75984050294052,0,0,0,0,0,SAFE
40.758957683740796,29.309190188243523,1,0,0,0,1,MIXED
52.94775515012104,17.433989164005393,1,0,1,0,0,MIXED
35.42486582765568,30.753766494355403,1,0,0,0,1,MIXED
41.51186119177273,16.261651964309745,0,0,0,0,0,SAFE
39.28315979514745,6.102096737028024,0,0,0,0,0,SAFE
30.250884557477665,21.328683235572882,0,0,0,0,0,SAFE
35.73279156882704,45.595312289968234,1,0,0,0,1,MIXED
33.31141133910017,2.4261752501863008,1,0,0,1,0,MIXED
46.08110972490753,30.293134789672955,1,0,0,0,1,MIXED
42.51671725554577,20.722424201872744,0,0,0,0,0,SAFE
27.251620660330325,8.224884543082332,1,1,0,0,0,MIXED
33.41107416689947,-3.9504584994788097,1,0,0,1,0,MIXED
42.9358418721911,-7.4282762161043365,1,0,0,1,0,MIXED
31.42243227130041,9.628062059865819,0,0,0,0,0,SAFE
35.34971331239139,18.964085022070677,0,0,0,0,0,SAFE
44.44464153521984,23.937987459354567,0,0,0,0,0,SAFE
48.019069861701425,26.40812789361381,1,0,0,0,1,MIXED
41.98465279992757,18.0346690081667,0,0,0,0,0,SAFE
46.09210961535353,16.416566973910257,0,0,0,0,0,SAFE
38.82244552066341,11.675574656602297,0,0,0,0,0,SAFE
35.459532813360276,19.216168299098296,0,0,0,0,0,SAFE
41.24787860731875,8.36826249363235,0,0,0,0,0,SAFE
36.70204144540326,2.896012722172115,1,0,0,1,0,MIXED
49.830730729897596,15.786176695317875,0,0,0,0,0,SAFE
35.09759984341384,23.085477496020182,0,0,0,0,0,SAFE
37.516409521645016,0.9349937298776734,1,0,0,1,0,MIXED
50.16977831375306,9.62903010433887,1,0,1,0,0,MIXED
38.72880727832968,15.411800203491774,0,0,0,0,0,SAFE
51.140713782320915,15.200372908663116,1,0,1,0,0,MIXED
32.407062990838156,20.438770041121803,0,0,0,0,0,SAFE
38.12008220590621,33.87923971529466,1,0,0,0,1,MIXED
41.99104222401688,-7.350354978986662,1,0,0,1,0,MIXED
44.85891977724539,34.44597792260228,1,0,0,0,1,MIXED
54.607362308363115,33.309542887565655,2,0,1,0,1,UNSAFE
33.84191851694829,24.12152395976779,0,0,0,0,0,SAFE
36.224043682106306,17.242893994169243,0,0,0,0,0,SAFE
31.81638057008214,8.555442351172838,0,0,0,0,0,SAFE
36.590026421091075,23.985552801426163,0,0,0,0,0,SAFE
48.405752973357245,17.76819729330821,0,0,0,0,0,SAFE
31.196628655556914,11.8836056605028,0,0,0,0,0,SAFE
36.03106813645819,23.69675756694491,0,0,0,0,0,SAFE
51.42547882253748,25.56385586030883,2,0,1,0,1,UNSAFE
35.958244644663836,-10.0,1,0,0,1,0,MIXED
27.864304814959567,29.216269780822085,2,1,0,0,1,UNSAFE
38.78996048544141,7.492753817348875,0,0,0,0,0,SAFE
55.14128234748987,27.651599454883268,2,0,1,0,1,UNSAFE
42.19558977535829,12.065969089360262,0,0,0,0,0,SAFE
40.943190297495,17.27162798387466,0,0,0,0,0,SAFE
54.80037825055686,19.224674242372267,1,0,1,0,0,MIXED
47.80823226431313,26.692701090701714,1,0,0,0,1,MIXED
32.64259199180465,22.54861892474043,0,0,0,0,0,SAFE
39.64344996270711,-10.0,1,0,0,1,0,MIXED
24.974643664113504,4.818823884813144,2,1,0,1,0,UNSAFE
46.24978582874065,16.137995653402964,0,0,0,0,0,SAFE
43.47493365740531,34.50943482686692,1,0,0,0,1,MIXED
31.847283081121503,14.725666458162763,0,0,0,0,0,SAFE
44.43548418251052,7.637268834616645,0,0,0,0,0,SAFE
42.22661396066353,-0.9994933408434488,1,0,0,1,0,MIXED
53.27924973820022,8.183854474695663,1,0,1,0,0,MIXED
58.25120131822803,14.67525676082545,1,0,1,0,0,MIXED
50.22442852319347,14.466971310088457,1,0,1,0,0,MIXED
41.75404934191576,9.159706667779922,0,0,0,0,0,SAFE
42.95299143493022,18.179986944140474,0,0,0,0,0,SAFE
35.72593192867856,13.749555841401158,0,0,0,0,0,SAFE
37.11920907154309,37.99664069614839,1,0,0,0,1,MIXED
41.28215384070705,30.452321516965593,1,0,0,0,1,MIXED
40.435021353538495,17.592876415349078,0,0,0,0,0,SAFE
31.429087426837846,10.529274081321354,0,0,0,0,0,SAFE
43.68427736631397,30.860038309598668,1,0,0,0,1,MIXED
43.77586222141017,28.837203611929993,1,0,0,0,1,MIXED
47.12583288162336,31.274013394646857,1,0,0,0,1,MIXED
41.527662261559556,38.90222710651804,1,0,0,0,1,MIXED
38.11683037668702,7.33538165802331,0,0,0,0,0,SAFE
32.31957720248773,38.3102467155807,1,0,0,0,1,MIXED
48.55558058094318,11.658792666196916,0,0,0,0,0,SAFE
51.99218157498796,21.87692185117782,1,0,1,0,0,MIXED
57.72901977100472,-0.47832832739911346,2,0,1,1,0,UNSAFE
39.87711913348596,10.374786160571745,0,0,0,0,0,SAFE
26.21053858873119,25.603272047796942,2,1,0,0,1,UNSAFE
39.83682755357313,22.39631204986562,0,0,0,0,0,SAFE
60.87817547463689,11.467563081723917,1,0,1,0,0,MIXED
38.63077613874276,16.18664169723996,0,0,0,0,0,SAFE
49.89797882386728,9.332869746898501,0,0,0,0,0,SAFE
36.952307222942956,25.57189270241366,1,0,0,0,1,MIXED
45.02911459070428,-5.447282630048207,1,0,0,1,0,MIXED
32.19686560424714,30.012358638272104,1,0,0,0,1,MIXED
45.2154262646305,7.378040689627509,0,0,0,0,0,SAFE
40.63672274212014,15.132366728016702,0,0,0,0,0,SAFE
47.88586688224131,1.417366051412106,1,0,0,1,0,MIXED
35.27240689063633,17.72955754863389,0,0,0,0,0,SAFE
41.2013233560364,20.7185918263671,0,0,0,0,0,SAFE
32.16394082112322,18.57128676271321,0,0,0,0,0,SAFE
50.732668955019776,19.868185471492836,1,0,1,0,0,MIXED
43.11289391809274,14.041163974340291,0,0,0,0,0,SAFE
35.32119077782799,14.280014075602116,0,0,0,0,0,SAFE
52.077646823043246,13.809714933998748,1,0,1,0,0,MIXED
34.88156808521272,10.077529112346138,0,0,0,0,0,SAFE
43.60680237820744,11.264860028191531,0,0,0,0,0,SAFE
45.88242626450513,20.228437607490303,0,0,0,0,0,SAFE
49.111865443237186,29.23559472265033,1,0,0,0,1,MIXED
49.966869794978884,5.657609358520402,0,0,0,0,0,SAFE
34.77172442738982,14.242285235401756,0,0,0,0,0,SAFE
38.39059714208469,3.6167327303905736,1,0,0,1,0,MIXED
38.466465646616044,10.25487066380961,0,0,0,0,0,SAFE
36.625218081910354,11.842105138449943,0,0,0,0,0,SAFE
51.42760680254665,16.99238041249239,1,0,1,0,0,MIXED
61.77447260844376,16.705081860196493,1,0,1,0,0,MIXED
39.67947380850199,15.04132882654866,0,0,0,0,0,SAFE
44.05193582754832,19.352539571710636,0,0,0,0,0,SAFE
58.61369060687219,6.546795350224313,1,0,1,0,0,MIXED
48.872368465421886,17.07750597614124,0,0,0,0,0,SAFE
29.43121805943506,22.70698782094763,1,1,0,0,0,MIXED
52.14098848643124,6.428235962225703,1,0,1,0,0,MIXED
41.928529056864235,-2.2535426200770345,1,0,0,1,0,MIXED
31.929548322525307,25.480295776172525,1,0,0,0,1,MIXED
38.26866795194052,3.911970250619607,1,0,0,1,0,MIXED
43.83568291566744,9.775875685689767,0,0,0,0,0,SAFE
38.23342673779571,22.39326025674903,0,0,0,0,0,SAFE
32.706133128525224,5.9463478731816775,0,0,0,0,0,SAFE
43.232639937190946,24.694097907482053,0,0,0,0,0,SAFE
51.9052824119188,8.34938279638377,1,0,1,0,0,MIXED
49.49901573535718,7.158577065295911,0,0,0,0,0,SAFE
56.6096747752544,3.662289745802717,2,0,1,1,0,UNSAFE
52.62783048633385,8.435138931812762,1,0,1,0,0,MIXED
58.105971638356806,20.913207288524845,1,0,1,0,0,MIXED
33.871867764734226,9.777615204574932,0,0,0,0,0,SAFE
48.24944964178994,25.526444176155614,1,0,0,0,1,MIXED
41.4342752662043,15.446582809634664,0,0,0,0,0,SAFE
48.066824261152526,16.317984270108198,0,0,0,0,0,SAFE
31.651961125292992,6.870259753598194,0,0,0,0,0,SAFE
43.88095954521332,27.154824164976937,1,0,0,0,1,MIXED
54.92785939329638,22.7952942077145,1,0,1,0,0,MIXED
44.29832608829091,22.48813885982477,0,0,0,0,0,SAFE
36.665993198345156,13.467690397417858,0,0,0,0,0,SAFE
35.40695422928419,2.512573892922884,1,0,0,1,0,MIXED
44.668392093089636,16.855133065847436,0,0,0,0,0,SAFE
47.5012198760721,20.461118308924473,0,0,0,0,0,SAFE
43.9411541705909,20.566166656775543,0,0,0,0,0,SAFE
41.658535230180185,19.128913952224007,0,0,0,0,0,SAFE
36.190844778509124,18.6970592563913,0,0,0,0,0,SAFE
47.34734148228807,8.30318571927797,0,0,0,0,0,SAFE
42.414656791942775,8.763974903706405,0,0,0,0,0,SAFE
37.78794642787108,3.7507064489784536,1,0,0,1,0,MIXED
52.12619940133244,25.656851747200477,2,0,1,0,1,UNSAFE
46.299470833818695,34.721959519438144,1,0,0,0,1,MIXED
40.486034427452864,45.317624151106344,1,0,0,0,1,MIXED
40.179764677094234,17.551933517560165,0,0,0,0,0,SAFE
38.81777668847833,18.72325560060305,0,0,0,0,0,SAFE
48.68491942308996,13.86083606946916,0,0,0,0,0,SAFE
56.21375877694096,17.391492846334607,1,0,1,0,0,MIXED
44.16388308888159,5.910023054862826,0,0,0,0,0,SAFE
45.347992596403074,13.659727791906343,0,0,0,0,0,SAFE
37.134082165301706,7.235255918516361,0,0,0,0,0,SAFE
63.37410703805348,12.365227498209645,1,0,1,0,0,MIXED
30.344116633749856,8.017785402674274,0,0,0,0,0,SAFE
41.58745728419029,20.46667032616485,0,0,0,0,0,SAFE
46.438372173802506,21.766145517765253,0,0,0,0,0,SAFE
36.841117546901366,18.404404435015454,0,0,0,0,0,SAFE
34.991524287115375,8.803570169859883,0,0,0,0,0,SAFE
34.658328203997925,3.1161114540173056,1,0,0,1,0,MIXED
50.513675910864066,21.886117009788876,1,0,1,0,0,MIXED
49.81332295982504,15.393130660242964,0,0,0,0,0,SAFE
48.214461590921175,-2.612894046425449,1,0,0,1,0,MIXED
48.90470014436284,16.7711983000503,0,0,0,0,0,SAFE
47.01687680119333,18.80023299048613,0,0,0,0,0,SAFE
34.10355876370491,0.019602246089533537,1,0,0,1,0,MIXED
36.30356667053629,20.64917281272912,0,0,0,0,0,SAFE
47.52073132140316,1.3205772261813724,1,0,0,1,0,MIXED
34.151205060254284,7.767643140591607,0,0,0,0,0,SAFE
39.141559517865474,1.3794916914734774,1,0,0,1,0,MIXED
30.62358587087894,6.781647035924461,0,0,0,0,0,SAFE
42.69003068980005,3.1940566024650945,1,0,0,1,0,MIXED
41.073571920225874,25.585528161418154,1,0,0,0,1,MIXED
31.58576210069192,12.935542415894606,0,0,0,0,0,SAFE
50.19805387000618,10.817316096361907,1,0,1,0,0,MIXED
37.41064247313265,26.634958143064736,1,0,0,0,1,MIXED
39.550383368227614,26.044950252055678,1,0,0,0,1,MIXED
45.43172312901759,11.571553470901632,0,0,0,0,0,SAFE
45.83752424478024,18.204495138460377,0,0,0,0,0,SAFE
50.167062568019794,9.516544621349816,1,0,1,0,0,MIXED
42.32964853425296,14.384843203953626,0,0,0,0,0,SAFE
47.633185133118275,4.748208055558242,1,0,0,1,0,MIXED
50.13581638590285,19.663287721704165,1,0,1,0,0,MIXED
31.46459941093643,27.082628254805,1,0,0,0,1,MIXED
59.87274464638185,25.018339695494078,2,0,1,0,1,UNSAFE
53.41587813781175,15.85371381602588,1,0,1,0,0,MIXED
28.70796064209192,-3.4412045116752488,2,1,0,1,0,UNSAFE
44.040656350942065,9.080211922700201,0,0,0,0,0,SAFE
34.68338977338119,14.372533160313246,0,0,0,0,0,SAFE
46.924682302890304,0.472424532378529,1,0,0,1,0,MIXED
38.40897903775692,30.098706831203152,1,0,0,0,1,MIXED
33.397692958229,23.697611871649563,0,0,0,0,0,SAFE
38.12215390760805,20.457937598499527,0,0,0,0,0,SAFE
50.77862005762294,22.412817669850217,1,0,1,0,0,MIXED
49.273276817711015,3.484064665920439,1,0,0,1,0,MIXED
50.90927765393039,6.473068853651801,1,0,1,0,0,MIXED
44.076334124572305,17.58246186997227,0,0,0,0,0,SAFE
45.88098047095665,18.369566760601906,0,0,0,0,0,SAFE
35.24952017180222,1.501325877042838,1,0,0,1,0,MIXED
48.97878943969415,16.858345775189157,0,0,0,0,0,SAFE
51.19501472766254,14.55267065812132,1,0,1,0,0,MIXED
30.758685114584317,24.661296810041062,0,0,0,0,0,SAFE
39.037035122711146,18.420034574210213,0,0,0,0,0,SAFE
36.82032457216385,31.443017102336906,1,0,0,0,1,MIXED
34.98748140653443,11.625702458938253,0,0,0,0,0,SAFE
42.85958962157853,4.078176729130419,1,0,0,1,0,MIXED
44.64415622870076,31.119104774674902,1,0,0,0,1,MIXED
38.076302714450314,18.951428190317255,0,0,0,0,0,SAFE
20.004516911691557,14.610707995151593,1,1,0,0,0,MIXED
39.495661712590355,6.81502397589615,0,0,0,0,0,SAFE
50.651603757028255,11.737563183761718,1,0,1,0,0,MIXED
40.5801801032513,11.228071252109288,0,0,0,0,0,SAFE
26.665473025879386,3.6801355992303897,2,1,0,1,0,UNSAFE
49.68874788896173,-6.099506468799717,1,0,0,1,0,MIXED
35.869477203074354,11.002799437102361,0,0,0,0,0,SAFE
55.948974938332526,22.68603765496369,1,0,1,0,0,MIXED
37.54263578357521,28.04513697115551,1,0,0,0,1,MIXED
36.07587343599104,25.090998037340057,1,0,0,0,1,MIXED
31.128982032615873,25.732578317891573,1,0,0,0,1,MIXED
38.750930836232115,4.714957590587304,1,0,0,1,0,MIXED
40.262851095389486,17.77344179720215,0,0,0,0,0,SAFE
38.0420125557943,20.539535059953238,0,0,0,0,0,SAFE
37.33604893068746,21.20372393931358,0,0,0,0,0,SAFE
45.53777649629279,14.39076945292065,0,0,0,0,0,SAFE
38.4689415010724,16.515407957652663,0,0,0,0,0,SAFE
46.40202994426959,35.617991527316086,1,0,0,0,1,MIXED
49.515363374385444,24.75989949815841,0,0,0,0,0,SAFE
66.70809755888227,20.159584767678442,1,0,1,0,0,MIXED
45.87714809049362,22.040150743216543,0,0,0,0,0,SAFE
33.92827217929398,10.560983635812438,0,0,0,0,0,SAFE
37.95064586646133,21.476139772195616,0,0,0,0,0,SAFE
40.60660350223041,16.38223425474303,0,0,0,0,0,SAFE
50.699636961187714,23.63150738704139,1,0,1,0,0,MIXED
40.70623197567002,8.300049031217775,0,0,0,0,0,SAFE
51.08219785322551,22.738911809098656,1,0,1,0,0,MIXED
29.149945453636942,11.868460610917193,1,1,0,0,0,MIXED
43.3241236961341,22.788297171210314,0,0,0,0,0,SAFE
49.28081195951817,17.839060011754736,0,0,0,0,0,SAFE
46.68198025087085,15.641368023781537,0,0,0,0,0,SAFE
36.609186494555516,12.38735608958746,0,0,0,0,0,SAFE
42.15192949312087,14.653207499814101,0,0,0,0,0,SAFE
26.915416764452235,11.025166650705689,1,1,0,0,0,MIXED
42.449645224713215,12.18630008094299,0,0,0,0,0,SAFE
40.025409635907316,19.879913708045873,0,0,0,0,0,SAFE
33.36834250361093,-1.2804221395121118,1,0,0,1,0,MIXED
39.2146416733066,22.641144055017897,0,0,0,0,0,SAFE
55.500424315893106,22.821282390947403,1,0,1,0,0,MIXED
30.253889921049222,12.676327606232288,0,0,0,0,0,SAFE
44.05307504865223,16.775911169235922,0,0,0,0,0,SAFE
46.31443642354299,5.829510535392393,0,0,0,0,0,SAFE
42.51954470040594,19.203228297761292,0,0,0,0,0,SAFE
48.60536762642928,6.942818333872079,0,0,0,0,0,SAFE
39.238745062056815,-10.0,1,0,0,1,0,MIXED
37.028304259377805,9.75585107028957,0,0,0,0,0,SAFE
33.843323934660454,16.656121502326517,0,0,0,0,0,SAFE
41.55243654363785,-7.592138775776114,1,0,0,1,0,MIXED
43.724063754414054,5.716758692109726,0,0,0,0,0,SAFE
45.88551167352412,2.1814875227133452,1,0,0,1,0,MIXED
42.24005230824752,12.16836671113494,0,0,0,0,0,SAFE
44.424815079602645,16.24697277651347,0,0,0,0,0,SAFE
39.95868659982836,-0.3627231404424478,1,0,0,1,0,MIXED
30.182336292311746,9.16113060907781,0,0,0,0,0,SAFE
41.9337609285633,8.91752052800883,0,0,0,0,0,SAFE
47.00169544463572,12.207790807883164,0,0,0,0,0,SAFE
34.27989820176392,12.219037070120907,0,0,0,0,0,SAFE
43.80687869053242,18.248847188245843,0,0,0,0,0,SAFE
57.02703305594503,8.310906599965806,1,0,1,0,0,MIXED
41.4121707072768,19.261239468194262,0,0,0,0,0,SAFE
41.812616326393474,9.993818540113468,0,0,0,0,0,SAFE
29.60594258924605,9.891654409469844,1,1,0,0,0,MIXED
33.41038069825759,-2.266066811237785,1,0,0,1,0,MIXED
35.63456926663531,4.529082792335455,1,0,0,1,0,MIXED
46.67029236234359,21.01091837414294,0,0,0,0,0,SAFE
34.768965683353,12.39771369436879,0,0,0,0,0,SAFE
27.13405870309972,10.056600498173058,1,1,0,0,0,MIXED
45.191855205618765,23.249378896141028,0,0,0,0,0,SAFE
36.29562334646949,25.5185486052752,1,0,0,0,1,MIXED
29.874464627892227,2.523722008562075,2,1,0,1,0,UNSAFE
47.67729492510301,31.711212285632474,1,0,0,0,1,MIXED
45.94745590546956,14.596576134659875,0,0,0,0,0,SAFE
24.43853002782233,-5.224470560434792,2,1,0,1,0,UNSAFE
43.03527629516695,11.419373304288253,0,0,0,0,0,SAFE
33.153318542783055,15.655325808300507,0,0,0,0,0,SAFE
42.92105094006248,24.444158685402726,0,0,0,0,0,SAFE
43.09281826410161,27.283943683343846,1,0,0,0,1,MIXED
42.063952236390506,13.84665005192664,0,0,0,0,0,SAFE
50.51449748997746,5.2155911995856545,1,0,1,0,0,MIXED
64.5155796261293,18.75257478166736,1,0,1,0,0,MIXED
45.04663402270138,20.250959739725975,0,0,0,0,0,SAFE
57.01709180265314,22.925074116726066,1,0,1,0,0,MIXED
29.159552167968613,29.034703847675043,2,1,0,0,1,UNSAFE
39.27282736443986,16.071550728393234,0,0,0,0,0,SAFE
31.76596822259787,20.262020181238956,0,0,0,0,0,SAFE
36.789005679459585,16.00169637993474,0,0,0,0,0,SAFE
39.727207957113734,34.25012801735852,1,0,0,0,1,MIXED
57.858082401164715,15.465131702147414,1,0,1,0,0,MIXED
42.51182169095084,11.26557033650485,0,0,0,0,0,SAFE
50.84805033202229,11.71080129666623,1,0,1,0,0,MIXED
38.629301802834405,24.785928636649643,0,0,0,0,0,SAFE
37.69360723746681,14.622449655514695,0,0,0,0,0,SAFE
29.349513747912056,22.04190345123167,1,1,0,0,0,MIXED
57.52693551345495,22.21225372799792,1,0,1,0,0,MIXED
53.69439334037844,6.538978638226691,1,0,1,0,0,MIXED
43.890594256225604,5.568400756306104,0,0,0,0,0,SAFE
40.17787563534926,22.72211477352505,0,0,0,0,0,SAFE
42.81456490482639,0.8735897739877849,1,0,0,1,0,MIXED
31.47976715569797,1.1883606850922632,1,0,0,1,0,MIXED
45.93162071951672,35.63894535656668,1,0,0,0,1,MIXED
52.899665952001705,-3.959851991460642,2,0,1,1,0,UNSAFE
53.36860750455827,24.364004170146472,1,0,1,0,0,MIXED
29.63760043576994,11.967983832895026,1,1,0,0,0,MIXED
50.76417929196648,20.504335109347853,1,0,1,0,0,MIXED
31.527239580896115,21.107421557961942,0,0,0,0,0,SAFE
24.899995231355298,12.771778242427887,1,1,0,0,0,MIXED
51.10365415520039,15.183942155713199,1,0,1,0,0,MIXED
38.00849960030443,23.893462537723494,0,0,0,0,0,SAFE
49.798014520692654,28.100396928669504,1,0,0,0,1,MIXED
48.9947394275711,25.813747939371467,1,0,0,0,1,MIXED
47.863268459500276,17.65528649116472,0,0,0,0,0,SAFE
42.716071998110515,12.62740280902598,0,0,0,0,0,SAFE
32.301053655522196,5.446884911801913,0,0,0,0,0,SAFE
39.743884144518326,17.414521596024294,0,0,0,0,0,SAFE
53.526500784034106,14.582027721244875,1,0,1,0,0,MIXED
50.027810327021314,25.793156564321208,2,0,1,0,1,UNSAFE
40.148425618489675,20.94690211370184,0,0,0,0,0,SAFE
40.05177566620111,28.221358940784768,1,0,0,0,1,MIXED
47.08674670612746,3.0951624531164477,1,0,0,1,0,MIXED
43.29219721723077,31.481121618238795,1,0,0,0,1,MIXED
40.55015172362639,19.477150300950683,0,0,0,0,0,SAFE
46.367030701913166,4.633771008353996,1,0,0,1,0,MIXED
46.08566359370811,1.0616484796537424,1,0,0,1,0,MIXED
36.99500714878883,25.757229674941918,1,0,0,0,1,MIXED
44.85405032246686,11.95522192253473,0,0,0,0,0,SAFE
45.5716881699615,14.399077522448685,0,0,0,0,0,SAFE
42.10062801881467,21.568185267201375,0,0,0,0,0,SAFE
36.18105807472695,15.403364055546907,0,0,0,0,0,SAFE
39.501854443146776,-0.8560337460025558,1,0,0,1,0,MIXED
34.6363539500056,30.682064470638323,1,0,0,0,1,MIXED
45.077786516681876,1.7641169859861083,1,0,0,1,0,MIXED
29.677164993212713,13.878360998894161,1,1,0,0,0,MIXED
54.489492265411855,13.132418651956474,1,0,1,0,0,MIXED
52.45599642723213,18.519307708186574,1,0,1,0,0,MIXED
45.77000366276715,1.6427949069543057,1,0,0,1,0,MIXED
49.50018337399806,11.650679627263928,0,0,0,0,0,SAFE
48.90473962888726,6.858300180138869,0,0,0,0,0,SAFE
43.4163947800793,18.520029539376313,0,0,0,0,0,SAFE
40.767733467393064,19.045451930861567,0,0,0,0,0,SAFE
39.86882339845993,8.509402469587206,0,0,0,0,0,SAFE
54.84386706235172,25.489528663614422,2,0,1,0,1,UNSAFE
35.91308203961459,20.68444305594613,0,0,0,0,0,SAFE
36.058569162390775,3.1531535633767582,1,0,0,1,0,MIXED
50.270475531191806,-2.040996256474056,2,0,1,1,0,UNSAFE
49.41484730861233,12.472776874269416,0,0,0,0,0,SAFE
40.30762717535577,19.0975121962329,0,0,0,0,0,SAFE
46.649590495954016,6.736568231710917,0,0,0,0,0,SAFE
47.74180487000051,16.133705380252234,0,0,0,0,0,SAFE
31.951561657055695,13.301255164202608,0,0,0,0,0,SAFE
53.05023212447141,31.765947982456964,2,0,1,0,1,UNSAFE
47.73878766086942,3.096565118316299,1,0,0,1,0,MIXED
45.92485521964711,23.508609038591928,0,0,0,0,0,SAFE
47.80566386654978,22.84954288687918,0,0,0,0,0,SAFE
44.90610463398025,14.275876611694564,0,0,0,0,0,SAFE
37.13306003276785,-3.9793551850149633,1,0,0,1,0,MIXED
44.71713413370681,16.860528436521886,0,0,0,0,0,SAFE
46.46060674259853,1.6245630670710582,1,0,0,1,0,MIXED
47.16013351452048,35.54545094620777,1,0,0,0,1,MIXED
42.62760104622329,14.383346807934592,0,0,0,0,0,SAFE
44.47201884868561,35.32337024710338,1,0,0,0,1,MIXED
33.81081790640087,17.03206933393905,0,0,0,0,0,SAFE
35.60274062161885,9.52995279155005,0,0,0,0,0,SAFE
41.60327753694448,28.473232416135588,1,0,0,0,1,MIXED
56.40792480550989,19.481421446267063,1,0,1,0,0,MIXED
38.98724221581212,39.927388666385184,1,0,0,0,1,MIXED
38.57956414936384,9.288640856402626,0,0,0,0,0,SAFE
27.800455643370185,28.960915692447436,2,1,0,0,1,UNSAFE
49.74596473897035,39.17805536116446,1,0,0,0,1,MIXED
30.883813182254993,29.581708074791095,1,0,0,0,1,MIXED
42.56108414692902,23.061002168001362,0,0,0,0,0,SAFE
28.817782871164233,29.680818226652974,2,1,0,0,1,UNSAFE
48.29213401065464,14.610899652137824,0,0,0,0,0,SAFE
47.16090150128897,7.345046989577508,0,0,0,0,0,SAFE
37.36447931534641,10.365553863746037,0,0,0,0,0,SAFE
27.178177106477776,23.617584942033673,1,1,0,0,0,MIXED
51.53274891346053,7.986558502361584,1,0,1,0,0,MIXED
44.78562412755855,12.344595253707638,0,0,0,0,0,SAFE
44.62619169664824,8.724227587889708,0,0,0,0,0,SAFE
34.93259875129891,25.520748860237426,1,0,0,0,1,MIXED
41.48903531900406,35.22108950853476,1,0,0,0,1,MIXED
42.37047971835312,5.739219596495078,0,0,0,0,0,SAFE
51.81552701148751,21.308001641460198,1,0,1,0,0,MIXED
47.81498290957139,26.906006788679186,1,0,0,0,1,MIXED
36.777629649233646,13.727466910147125,0,0,0,0,0,SAFE
40.628401348097654,2.092534630843817,1,0,0,1,0,MIXED
39.89127879873405,28.363794578768243,1,0,0,0,1,MIXED
43.89870483035077,1.5393867215501231,1,0,0,1,0,MIXED
29.55328470668052,31.647760587482715,2,1,0,0,1,UNSAFE
41.27744791795896,8.525897942983827,0,0,0,0,0,SAFE
39.808065880823975,0.22692245682667966,1,0,0,1,0,MIXED
53.38476119609296,11.069470624139704,1,0,1,0,0,MIXED
52.939212221907376,15.516517144473152,1,0,1,0,0,MIXED
53.43625579654752,17.566944990430855,1,0,1,0,0,MIXED
48.82586130295261,22.19093046088337,0,0,0,0,0,SAFE
46.98632853001577,18.479344771827105,0,0,0,0,0,SAFE
40.13719427107532,34.1543469157286,1,0,0,0,1,MIXED
34.74450411923279,15.043076423431597,0,0,0,0,0,SAFE
42.119087001660766,19.024407533435216,0,0,0,0,0,SAFE
38.56421883284399,18.147463055895876,0,0,0,0,0,SAFE
40.649259318376274,-0.8195251743789917,1,0,0,1,0,MIXED
42.076418290054775,3.9943466696984835,1,0,0,1,0,MIXED
28.124913900408792,16.36873320689385,1,1,0,0,0,MIXED
45.90306673615653,20.266980421045766,0,0,0,0,0,SAFE
46.537365656157554,-4.325890209406104,1,0,0,1,0,MIXED
31.111864576740246,34.73521436813671,1,0,0,0,1,MIXED
33.62232991938371,21.10841031136689,0,0,0,0,0,SAFE
36.50449902667323,15.796727392675646,0,0,0,0,0,SAFE
36.933966381811246,20.615411546196448,0,0,0,0,0,SAFE
43.094192938533595,10.517102263557664,0,0,0,0,0,SAFE
33.598623042554316,17.677741974925112,0,0,0,0,0,SAFE
32.29824960765928,19.274810421208386,0,0,0,0,0,SAFE
63.011879272295204,28.50170051262012,2,0,1,0,1,UNSAFE
47.746783095153305,14.143927022588523,0,0,0,0,0,SAFE
26.489978983971795,1.7771360409981583,2,1,0,1,0,UNSAFE
52.26234284882171,7.102439198752202,1,0,1,0,0,MIXED
36.40598321468762,13.343495243159786,0,0,0,0,0,SAFE
33.503629929227564,2.7323126544836374,1,0,0,1,0,MIXED
41.59620741774862,6.084705453279637,0,0,0,0,0,SAFE
36.07185136176884,7.18808973852994,0,0,0,0,0,SAFE
46.178881710675746,12.678743095046427,0,0,0,0,0,SAFE
40.57142425684917,20.969458973088834,0,0,0,0,0,SAFE
40.86368313413648,12.217462315428271,0,0,0,0,0,SAFE
45.76360284456137,21.681978435576312,0,0,0,0,0,SAFE
40.82341200393117,15.806077756205216,0,0,0,0,0,SAFE
35.74567816213337,6.393169568354745,0,0,0,0,0,SAFE
48.15318001573446,19.449420625446216,0,0,0,0,0,SAFE
45.64238750733261,17.80854348725522,0,0,0,0,0,SAFE
42.36962620651963,21.964118908227693,0,0,0,0,0,SAFE
49.48087008818227,24.112280051906474,0,0,0,0,0,SAFE
41.19377667243211,28.86992729908838,1,0,0,0,1,MIXED
43.82768545385857,21.323761925657983,0,0,0,0,0,SAFE
44.256703126679035,17.47006707484174,0,0,0,0,0,SAFE
36.11398407799744,22.01350838344826,0,0,0,0,0,SAFE
64.76235515926112,11.252049252099168,1,0,1,0,0,MIXED
42.56795772339959,10.537947356527376,0,0,0,0,0,SAFE
38.09584078750452,30.444494781186727,1,0,0,0,1,MIXED
36.616231858180285,10.259195266336388,0,0,0,0,0,SAFE
29.30005741014959,7.4238827545775266,1,1,0,0,0,MIXED
28.33280085637322,21.31804699211929,1,1,0,0,0,MIXED
64.39757777469848,11.333212063494779,1,0,1,0,0,MIXED
28.6659365360781,23.999996644297333,1,1,0,0,0,MIXED
36.184600328558744,27.993469305535402,1,0,0,0,1,MIXED
39.74376761768044,8.681843109172192,0,0,0,0,0,SAFE
40.57633955403451,22.57776760936187,0,0,0,0,0,SAFE
40.18063495395475,10.032752972062944,0,0,0,0,0,SAFE
40.40934717616903,2.28144815499115,1,0,0,1,0,MIXED
45.17625281835184,-2.8672659384491013,1,0,0,1,0,MIXED
38.44702836507588,22.593852088307433,0,0,0,0,0,SAFE
44.424386263461734,20.903205729863902,0,0,0,0,0,SAFE
41.47963461824953,26.697461809855167,1,0,0,0,1,MIXED
49.397593574158336,19.461410042476746,0,0,0,0,0,SAFE
49.42036621850834,22.50423554403577,0,0,0,0,0,SAFE
38.48429189322488,1.5610108830866647,1,0,0,1,0,MIXED
45.362897006740994,20.460892308314286,0,0,0,0,0,SAFE
50.72377592910853,5.636787249547066,1,0,1,0,0,MIXED
34.748551525782695,19.599002663077705,0,0,0,0,0,SAFE
41.43066408917531,-3.85761610571128,1,0,0,1,0,MIXED
45.000865310033525,-3.524229149889546,1,0,0,1,0,MIXED
34.43794758501299,28.516813728601072,1,0,0,0,1,MIXED
56.59903214245692,2.8434363152803837,2,0,1,1,0,UNSAFE
39.36486770069845,15.42622523078706,0,0,0,0,0,SAFE
56.249815420652546,10.071310521755985,1,0,1,0,0,MIXED
38.18492781573377,30.48725558462862,1,0,0,0,1,MIXED
39.001686778253934,22.222017089664575,0,0,0,0,0,SAFE
30.18285627910058,13.287672559076737,0,0,0,0,0,SAFE
28.723225293388765,4.445662190442956,2,1,0,1,0,UNSAFE
48.713610841218106,14.500946089132874,0,0,0,0,0,SAFE
39.4471540755762,7.512503760190824,0,0,0,0,0,SAFE
40.23475141406974,18.011131671006936,0,0,0,0,0,SAFE
49.863329651694094,-10.0,1,0,0,1,0,MIXED
35.34591060589752,16.590962421890058,0,0,0,0,0,SAFE
41.209095072301714,19.03376242526725,0,0,0,0,0,SAFE
44.14032228901243,11.951321370065928,0,0,0,0,0,SAFE
37.785174432102586,12.54498510264499,0,0,0,0,0,SAFE
51.18993879858194,7.679920670942856,1,0,1,0,0,MIXED
41.497546214848356,16.83342213998421,0,0,0,0,0,SAFE
54.482807438995664,11.996917417636867,1,0,1,0,0,MIXED
49.67045324808769,27.319794032650222,1,0,0,0,1,MIXED
41.48996588007481,12.892810209232374,0,0,0,0,0,SAFE
39.36757062361427,12.441768657574176,0,0,0,0,0,SAFE
48.83391888461466,17.31009977255514,0,0,0,0,0,SAFE
43.882317673358955,3.7477648962016517,1,0,0,1,0,MIXED
34.26007938099812,36.4344682477698,1,0,0,0,1,MIXED
40.57739419769048,7.252280044216398,0,0,0,0,0,SAFE
53.44879332471438,17.81808548683552,1,0,1,0,0,MIXED
46.625239334916174,13.619529247184664,0,0,0,0,0,SAFE
39.450615275385566,13.304136275027096,0,0,0,0,0,SAFE
30.938094637610988,14.120725905801025,0,0,0,0,0,SAFE
44.36826461634094,33.50463233843754,1,0,0,0,1,MIXED
42.687992520041725,-8.34177042210305,1,0,0,1,0,MIXED
41.24811653772303,42.39504133108306,1,0,0,0,1,MIXED
48.93092987988032,6.891110561914113,0,0,0,0,0,SAFE
46.728852115444454,7.579865751102597,0,0,0,0,0,SAFE
31.169539843625138,11.51630636765928,0,0,0,0,0,SAFE
42.73221151391089,-3.7215550243339592,1,0,0,1,0,MIXED
32.80672567569091,15.103355631823547,0,0,0,0,0,SAFE
38.73461459208837,18.948112711460908,0,0,0,0,0,SAFE
32.28265338153151,22.141137485533008,0,0,0,0,0,SAFE
32.52992722351844,31.4273430193763,1,0,0,0,1,MIXED
28.273933724973467,4.074457296165875,2,1,0,1,0,UNSAFE
45.338966424254636,31.64233251497638,1,0,0,0,1,MIXED
44.520344288929365,20.62857920182391,0,0,0,0,0,SAFE
42.14029521338447,4.736015458848065,1,0,0,1,0,MIXED
38.078893214084964,2.8809028001872328,1,0,0,1,0,MIXED
31.770320257785027,19.017489193197463,0,0,0,0,0,SAFE
33.01457614329631,18.195540067233615,0,0,0,0,0,SAFE
31.58541798223122,17.963830201167546,0,0,0,0,0,SAFE
38.0905394482963,29.066155336506444,1,0,0,0,1,MIXED
44.58975116463252,27.357828929941412,1,0,0,0,1,MIXED
35.95482626859846,15.561433402441672,0,0,0,0,0,SAFE
34.15130273506978,10.86394757255582,0,0,0,0,0,SAFE
39.90316621804297,7.7414177931286074,0,0,0,0,0,SAFE
32.27597712923444,0.8648267634734719,1,0,0,1,0,MIXED
23.282015074340823,4.4365353649654224,2,1,0,1,0,UNSAFE
47.01995117337476,-0.9849853201328287,1,0,0,1,0,MIXED
31.055017229973558,32.908985712329155,1,0,0,0,1,MIXED
36.90803160121397,18.210460091648358,0,0,0,0,0,SAFE
47.13853717200396,21.625261297812802,0,0,0,0,0,SAFE
29.821486155135524,12.689403201005097,1,1,0,0,0,MIXED
29.054181843852863,39.46317858910324,2,1,0,0,1,UNSAFE
29.2409978878752,4.521597811301799,2,1,0,1,0,UNSAFE
33.67519316126796,0.033395232771196603,1,0,0,1,0,MIXED
52.82075127805236,39.224479010834955,2,0,1,0,1,UNSAFE
38.19400704549906,1.7957685315558987,1,0,0,1,0,MIXED
24.10459601019183,12.558912814778985,1,1,0,0,0,MIXED
39.46907661470845,8.487038736398555,0,0,0,0,0,SAFE
43.77100203180983,18.951731428154865,0,0,0,0,0,SAFE
44.58466606350321,11.838751280315128,0,0,0,0,0,SAFE
33.18702536340591,21.65833097806716,0,0,0,0,0,SAFE
42.10011007537224,23.883575248346503,0,0,0,0,0,SAFE
48.32060439577785,0.782379309528844,1,0,0,1,0,MIXED
30.526222340339174,7.444592812594716,0,0,0,0,0,SAFE
33.54987673367466,22.552517759761006,0,0,0,0,0,SAFE
44.81047740790334,25.991839937853108,1,0,0,0,1,MIXED
45.171894539287344,17.086495818733688,0,0,0,0,0,SAFE
51.59783824275336,19.697273397350486,1,0,1,0,0,MIXED
42.544807707501754,29.804530339306854,1,0,0,0,1,MIXED
42.92144706522232,11.956593950820784,0,0,0,0,0,SAFE
35.297413929778806,22.030254590454113,0,0,0,0,0,SAFE
51.89640433473975,14.494125985665699,1,0,1,0,0,MIXED
52.46332499023871,-4.70015031971576,2,0,1,1,0,UNSAFE
41.556373001536684,14.599050878955637,0,0,0,0,0,SAFE
36.18404502074122,38.83861037981873,1,0,0,0,1,MIXED
41.47045893848991,10.922692283955667,0,0,0,0,0,SAFE
42.20769690746804,-5.028137385258297,1,0,0,1,0,MIXED
35.92105659724068,24.83239969445404,0,0,0,0,0,SAFE
36.9684371605378,6.711248371997286,0,0,0,0,0,SAFE
52.4762050921152,28.402544009518287,2,0,1,0,1,UNSAFE
46.135923777289136,10.448826659613328,0,0,0,0,0,SAFE
40.08423147906941,6.95850038425041,0,0,0,0,0,SAFE
34.04181504777084,4.555835116915677,1,0,0,1,0,MIXED
37.05556474571834,4.65279009315255,1,0,0,1,0,MIXED
29.490359051654806,17.19402669753906,1,1,0,0,0,MIXED
43.876764647147496,32.007927584283166,1,0,0,0,1,MIXED
36.65329305316238,17.961005896232706,0,0,0,0,0,SAFE
44.501700634198414,12.461624388744669,0,0,0,0,0,SAFE
47.95466870999741,22.752291868507143,0,0,0,0,0,SAFE
44.61928876158032,12.443602949522045,0,0,0,0,0,SAFE
39.13975913156372,1.3224610120294074,1,0,0,1,0,MIXED
35.55265777105846,8.779924760983121,0,0,0,0,0,SAFE
33.008225900564526,19.399239666876642,0,0,0,0,0,SAFE
51.57302295189608,5.9193756767084995,1,0,1,0,0,MIXED
44.2675314859571,4.658888604702899,1,0,0,1,0,MIXED
39.560622632486705,8.096704208222242,0,0,0,0,0,SAFE
46.81516518885153,8.212118261578217,0,0,0,0,0,SAFE
50.093283309653174,12.54279226337801,1,0,1,0,0,MIXED
36.80317032324135,2.4669473765483687,1,0,0,1,0,MIXED
44.0256360823628,23.952184022261804,0,0,0,0,0,SAFE
44.186570052295,37.38831666414424,1,0,0,0,1,MIXED
53.43829961976334,11.924722352829844,1,0,1,0,0,MIXED
39.455780529543446,19.69696719485353,0,0,0,0,0,SAFE
35.29584655659452,26.662883065324866,1,0,0,0,1,MIXED
44.89280417474867,17.564589108585327,0,0,0,0,0,SAFE
47.49562934216653,32.22829883369059,1,0,0,0,1,MIXED
43.36764281750004,13.869596291286157,0,0,0,0,0,SAFE
54.06975698658063,24.675504159911355,1,0,1,0,0,MIXED
39.43216127693022,15.051864486590201,0,0,0,0,0,SAFE
43.56304732751039,18.618129446049828,0,0,0,0,0,SAFE
31.14720119248709,-0.4248460780156016,1,0,0,1,0,MIXED
34.90087982398037,5.352615569886577,0,0,0,0,0,SAFE
36.84940788821998,21.347106420900044,0,0,0,0,0,SAFE
40.64856674940209,16.96394605010188,0,0,0,0,0,SAFE
32.20557271966191,10.383577970790547,0,0,0,0,0,SAFE
46.69806129395872,20.949524581768017,0,0,0,0,0,SAFE
36.20340937449674,16.616623863795535,0,0,0,0,0,SAFE
59.59078282785866,14.82402070744362,1,0,1,0,0,MIXED
36.45450443086044,13.262376106378397,0,0,0,0,0,SAFE
42.737416860214665,13.488316193094507,0,0,0,0,0,SAFE
41.749162394587984,0.5655320306316032,1,0,0,1,0,MIXED
34.29895619931239,13.506647629285025,0,0,0,0,0,SAFE
40.67785623982051,9.338107251399993,0,0,0,0,0,SAFE
40.583891311388506,15.610148554142054,0,0,0,0,0,SAFE
49.1153076521962,14.00788264773949,0,0,0,0,0,SAFE
45.192825642386026,9.58399698566079,0,0,0,0,0,SAFE
46.57676578878785,18.75730297612357,0,0,0,0,0,SAFE
48.92653602543856,22.134604624444876,0,0,0,0,0,SAFE
46.70988498304917,14.015825913422198,0,0,0,0,0,SAFE
43.959513816355745,25.635089284515264,1,0,0,0,1,MIXED
36.78340344477765,8.715922213031345,0,0,0,0,0,SAFE
43.4514511836029,19.152796902654536,0,0,0,0,0,SAFE
35.40714800588796,14.252374365866917,0,0,0,0,0,SAFE
41.24800980616972,-7.152801156034705,1,0,0,1,0,MIXED
40.24324808592992,13.426821671515338,0,0,0,0,0,SAFE
40.71765645741585,29.159142745772684,1,0,0,0,1,MIXED
32.273613611928994,6.753774287953874,0,0,0,0,0,SAFE
21.102433613445328,10.190833338258592,1,1,0,0,0,MIXED
38.83485156699199,9.900228236657437,0,0,0,0,0,SAFE
50.86141871587008,23.606175223369632,1,0,1,0,0,MIXED
42.622853794138436,11.293869464601379,0,0,0,0,0,SAFE
50.20951734485491,14.802421401641483,1,0,1,0,0,MIXED
35.45383968865234,-2.162486774845515,1,0,0,1,0,MIXED
38.46948404883454,22.546436171726086,0,0,0,0,0,SAFE
60.21230951634472,15.61610346189476,1,0,1,0,0,MIXED
35.877155879037566,3.1503479171578608,1,0,0,1,0,MIXED
46.41563917044479,-2.646160523842685,1,0,0,1,0,MIXED
46.402760811239105,23.177116062629125,0,0,0,0,0,SAFE
45.490235625862915,12.803383280614426,0,0,0,0,0,SAFE
46.51952522837452,16.709383711283,0,0,0,0,0,SAFE
35.775009265115266,33.504123223750256,1,0,0,0,1,MIXED
39.18656496311587,22.75752300449909,0,0,0,0,0,SAFE
22.651085738434283,27.76470882780929,2,1,0,0,1,UNSAFE
53.75010995723665,15.298337871266382,1,0,1,0,0,MIXED
46.47016827790207,20.585151816075626,0,0,0,0,0,SAFE
36.857731442874204,20.471223054393402,0,0,0,0,0,SAFE
35.53095624101956,8.91243076354674,0,0,0,0,0,SAFE
51.01554514569839,24.746576907002027,1,0,1,0,0,MIXED
36.34899598307366,7.664236564989594,0,0,0,0,0,SAFE
36.83522718033862,22.326395664654907,0,0,0,0,0,SAFE
34.00012175351682,18.567126390359526,0,0,0,0,0,SAFE
47.974774485074356,14.117545497068999,0,0,0,0,0,SAFE
50.08050957491942,11.956898305102076,1,0,1,0,0,MIXED
40.28915519204868,5.227537688681435,0,0,0,0,0,SAFE
50.13741878096164,7.334795530211297,1,0,1,0,0,MIXED
44.79817454172047,14.286839328740653,0,0,0,0,0,SAFE
33.5777354951067,8.908968561766793,0,0,0,0,0,SAFE
53.06297791232587,17.016575426344804,1,0,1,0,0,MIXED
33.92679726906526,18.053282873486918,0,0,0,0,0,SAFE
40.831087747243636,49.54046402244182,1,0,0,0,1,MIXED
44.28099073073818,11.193751529336355,0,0,0,0,0,SAFE
53.360223342296834,-3.410361672928456,2,0,1,1,0,UNSAFE
42.75456125104878,34.944284946810726,1,0,0,0,1,MIXED
41.070405725121965,-2.333010446480788,1,0,0,1,0,MIXED
38.83265628471522,29.54518040959037,1,0,0,0,1,MIXED
45.008556770566166,6.611438904874822,0,0,0,0,0,SAFE
36.51805754256781,9.402997288501867,0,0,0,0,0,SAFE
44.88958307243197,28.38196132938653,1,0,0,0,1,MIXED
50.419384102393366,19.560121821091286,1,0,1,0,0,MIXED
31.346841919540132,1.7206748600655875,1,0,0,1,0,MIXED
46.266016169710106,1.5452890206710563,1,0,0,1,0,MIXED
40.195463831451164,18.04150446186177,0,0,0,0,0,SAFE
32.89924803709849,4.757376656411365,1,0,0,1,0,MIXED
41.24703148345745,20.036502875240537,0,0,0,0,0,SAFE
50.49215016331006,21.070534347705518,1,0,1,0,0,MIXED
42.58925275993756,7.538052464429507,0,0,0,0,0,SAFE
33.43274403324385,9.891229116708525,0,0,0,0,0,SAFE
45.279484679844536,18.366237066273428,0,0,0,0,0,SAFE
25.20078411419902,7.143229717324971,1,1,0,0,0,MIXED
51.63606041284925,15.792150478041394,1,0,1,0,0,MIXED
30.66392869517611,38.558211815981515,1,0,0,0,1,MIXED
41.76846614148188,18.84333959313408,0,0,0,0,0,SAFE
45.196198048361076,11.32404533839814,0,0,0,0,0,SAFE
36.179410545428844,36.216749850659404,1,0,0,0,1,MIXED
50.025646956942005,23.219372011086765,1,0,1,0,0,MIXED
46.61031353374568,4.966826096383155,1,0,0,1,0,MIXED
52.22024153392219,6.568673419882508,1,0,1,0,0,MIXED
44.266294385205164,-1.39389905464569,1,0,0,1,0,MIXED
25.673129194819843,18.18291202653115,1,1,0,0,0,MIXED
35.52720586244074,-4.891675712972731,1,0,0,1,0,MIXED
46.32487602357661,36.20080771050789,1,0,0,0,1,MIXED
53.116482068640494,12.426821147343276,1,0,1,0,0,MIXED
42.07076245357557,23.877062567839133,0,0,0,0,0,SAFE
50.97702415867926,11.564642811743013,1,0,1,0,0,MIXED
42.273421725796595,18.006148067645363,0,0,0,0,0,SAFE
46.431010562230654,13.669235579887332,0,0,0,0,0,SAFE
41.039318039450045,28.79832329754388,1,0,0,0,1,MIXED
51.67616561954309,19.774105734360884,1,0,1,0,0,MIXED
55.75287256018343,11.13554237773583,1,0,1,0,0,MIXED
54.983787589035046,20.425154435355505,1,0,1,0,0,MIXED
68.16820897771672,3.075180732175223,2,0,1,1,0,UNSAFE
36.48523798226127,19.187978282005478,0,0,0,0,0,SAFE
45.177872423831936,34.50138984175018,1,0,0,0,1,MIXED
36.653002533603726,24.049185186938843,0,0,0,0,0,SAFE
51.29970403745597,22.046478322206475,1,0,1,0,0,MIXED
34.31202926460544,29.07758805254198,1,0,0,0,1,MIXED
51.834599450523314,20.995845197903776,1,0,1,0,0,MIXED
43.63478149767163,17.261080100443714,0,0,0,0,0,SAFE
41.370113662084975,21.40785134252642,0,0,0,0,0,SAFE
42.24907882355982,6.514750246473588,0,0,0,0,0,SAFE
33.61126684137926,7.479637463477079,0,0,0,0,0,SAFE
43.777057940395615,14.730441635647926,0,0,0,0,0,SAFE
43.722750346309994,20.00813133546111,0,0,0,0,0,SAFE
36.981432592664966,29.65660168345348,1,0,0,0,1,MIXED
39.85831338362021,10.66573015218491,0,0,0,0,0,SAFE
45.85908989865962,-3.3651020237507296,1,0,0,1,0,MIXED
35.675724402216645,24.81072798691833,0,0,0,0,0,SAFE
28.100624567503115,26.175741969331558,2,1,0,0,1,UNSAFE
54.089092530873074,11.305446621762517,1,0,1,0,0,MIXED
44.33450213941048,26.190870848510265,1,0,0,0,1,MIXED
38.26568649565184,23.677755205261814,0,0,0,0,0,SAFE
36.63080963895463,10.223977066668207,0,0,0,0,0,SAFE
35.60530828540021,18.426471991948034,0,0,0,0,0,SAFE
51.2637524205244,13.158870678828357,1,0,1,0,0,MIXED
31.830006720700773,4.1729317771318435,1,0,0,1,0,MIXED
45.156795370964325,33.44116413394269,1,0,0,0,1,MIXED
45.14979999451518,11.131034493487473,0,0,0,0,0,SAFE
48.12947173480227,12.605013644132537,0,0,0,0,0,SAFE
38.97371826108635,5.415408943047364,0,0,0,0,0,SAFE
53.26759075397085,-10.0,2,0,1,1,0,UNSAFE
48.382873602234156,10.362550622024632,0,0,0,0,0,SAFE
38.7172741483871,31.923151561178123,1,0,0,0,1,MIXED
36.28695126239959,8.199308459715898,0,0,0,0,0,SAFE
40.95684608864376,19.13847385812238,0,0,0,0,0,SAFE
38.46515374165705,-0.7385893053588539,1,0,0,1,0,MIXED
35.074414552945875,27.813338564645193,1,0,0,0,1,MIXED
42.59821431308409,19.51087283703822,0,0,0,0,0,SAFE
39.9086303426157,8.405023038267304,0,0,0,0,0,SAFE
55.420555599003286,13.118081429489193,1,0,1,0,0,MIXED
38.45304096378298,25.961423663553397,1,0,0,0,1,MIXED
36.221117129060914,9.052726562260034,0,0,0,0,0,SAFE
42.08197347213518,15.002701040881798,0,0,0,0,0,SAFE
44.076890783225714,35.91669089395488,1,0,0,0,1,MIXED
44.68998597081897,-8.780539627508006,1,0,0,1,0,MIXED
44.61039154745249,15.378799944895988,0,0,0,0,0,SAFE
42.34760019481166,17.459473093961705,0,0,0,0,0,SAFE
41.7705736986016,14.47387906944611,0,0,0,0,0,SAFE
46.90435367816629,9.57919202805499,0,0,0,0,0,SAFE
34.41850931488659,45.237814526223914,1,0,0,0,1,MIXED
36.27314044975013,16.001429124600765,0,0,0,0,0,SAFE
30.03471799299706,16.16468415051422,0,0,0,0,0,SAFE
34.53419559448532,10.57527057149989,0,0,0,0,0,SAFE
50.36051732616899,19.720095683780738,1,0,1,0,0,MIXED
46.54727619659855,-2.712048383918628,1,0,0,1,0,MIXED
56.695161358632106,3.0811868905812485,2,0,1,1,0,UNSAFE
54.22848651435092,25.21543865981486,2,0,1,0,1,UNSAFE
46.61866193427744,6.450152190916185,0,0,0,0,0,SAFE
43.212718758556186,10.290785893551401,0,0,0,0,0,SAFE
42.232316572042336,12.5012774091444,0,0,0,0,0,SAFE
25.691115947420734,26.217841509845883,2,1,0,0,1,UNSAFE
41.35114274760511,10.15199600497763,0,0,0,0,0,SAFE
37.51738213736186,18.584595763667682,0,0,0,0,0,SAFE
34.84994929364422,-7.551755584740434,1,0,0,1,0,MIXED
45.25703842566621,20.191029979568217,0,0,0,0,0,SAFE
40.402945402578936,3.5209712480999116,1,0,0,1,0,MIXED
42.711484327114285,0.35467631686411316,1,0,0,1,0,MIXED
33.78215522649872,7.4930206349583885,0,0,0,0,0,SAFE
48.75151256713245,11.373890495630828,0,0,0,0,0,SAFE
38.41706870578832,34.54692515411246,1,0,0,0,1,MIXED
44.819699977509714,18.38994510474826,0,0,0,0,0,SAFE
39.0423940383298,9.036283323632222,0,0,0,0,0,SAFE
24.508748479862795,24.68740531923558,1,1,0,0,0,MIXED
45.58647764605103,13.208340067865867,0,0,0,0,0,SAFE
40.90218638530995,22.36144262261055,0,0,0,0,0,SAFE
29.562319415361173,9.101186684461945,1,1,0,0,0,MIXED
32.909577096859756,32.71509282486746,1,0,0,0,1,MIXED
49.00524425482641,-7.026926411353642,1,0,0,1,0,MIXED
29.889906986880195,13.676543266425137,1,1,0,0,0,MIXED
38.220478303420606,1.756177919231117,1,0,0,1,0,MIXED
57.558097901203915,18.12539913982579,1,0,1,0,0,MIXED
45.79853058290473,8.079850507677861,0,0,0,0,0,SAFE
47.77819317742402,11.195672390179883,0,0,0,0,0,SAFE
39.733254610340005,21.1100195982526,0,0,0,0,0,SAFE
28.9680194795176,30.970278598509825,2,1,0,0,1,UNSAFE
43.459113717791006,27.809442087804243,1,0,0,0,1,MIXED
33.39664194704945,5.768348759718069,0,0,0,0,0,SAFE
32.7047982272015,17.502976726648388,0,0,0,0,0,SAFE
42.52786641534597,10.355881807688196,0,0,0,0,0,SAFE
33.887446456917765,2.334037302691577,1,0,0,1,0,MIXED
41.61212879623475,10.344132204113999,0,0,0,0,0,SAFE
36.5151440611339,30.470894861316097,1,0,0,0,1,MIXED
41.34139457445813,27.700429339269252,1,0,0,0,1,MIXED
37.73398253853843,17.44776283798657,0,0,0,0,0,SAFE
41.55619186994932,-1.9762230951812256,1,0,0,1,0,MIXED
53.426706450111304,13.648463929675842,1,0,1,0,0,MIXED
47.97134575706369,7.479712775384407,0,0,0,0,0,SAFE
40.68124494736188,6.331476400766453,0,0,0,0,0,SAFE
51.887987862107146,18.114093474506756,1,0,1,0,0,MIXED
44.93642821344711,28.58184147104979,1,0,0,0,1,MIXED
51.250730375192184,22.653425361362853,1,0,1,0,0,MIXED
30.6261812237003,8.043208804833164,0,0,0,0,0,SAFE
33.968894911909175,22.275336936257993,0,0,0,0,0,SAFE
43.36521553400041,1.0948756636940526,1,0,0,1,0,MIXED
40.49004629591018,0.05887664281221561,1,0,0,1,0,MIXED
41.57474809544192,-1.5537250398718463,1,0,0,1,0,MIXED
46.2306199470769,18.779626260340734,0,0,0,0,0,SAFE
57.263587946775054,23.478732894973426,1,0,1,0,0,MIXED
38.616685953419974,23.18070093274486,0,0,0,0,0,SAFE
30.81868895243857,5.375273963189146,0,0,0,0,0,SAFE
44.66514025660088,-6.582496627479273,1,0,0,1,0,MIXED
41.70271372052893,4.7973670788157925,1,0,0,1,0,MIXED
42.81045644122611,4.222636419527365,1,0,0,1,0,MIXED
45.39398509964151,15.193274236673897,0,0,0,0,0,SAFE
53.202927335050646,15.067345341016221,1,0,1,0,0,MIXED
35.85085756030827,12.531141441727172,0,0,0,0,0,SAFE
31.246108823866148,19.0613725470544,0,0,0,0,0,SAFE
46.71880197052218,39.69196036692818,1,0,0,0,1,MIXED
37.02531207516476,12.322054263248173,0,0,0,0,0,SAFE
37.39393180449427,17.121137011312243,0,0,0,0,0,SAFE
45.05352427583691,14.466251555714893,0,0,0,0,0,SAFE
50.69060733498426,8.830204962452225,1,0,1,0,0,MIXED
49.889392383125696,20.384978536410827,0,0,0,0,0,SAFE
41.90376064080843,11.850633592428546,0,0,0,0,0,SAFE
61.413342069850955,6.829913492579205,1,0,1,0,0,MIXED
44.38346541574732,7.497809297578675,0,0,0,0,0,SAFE
56.28496598897045,23.868263287992036,1,0,1,0,0,MIXED
36.57320096927085,20.125949934312285,0,0,0,0,0,SAFE
44.06156577021244,9.833752380252612,0,0,0,0,0,SAFE
48.065313737825385,18.893053911044102,0,0,0,0,0,SAFE
43.725589711087615,14.580802887576713,0,0,0,0,0,SAFE
45.44843594079721,17.293876614924596,0,0,0,0,0,SAFE
42.47274666420014,8.589840840124365,0,0,0,0,0,SAFE
55.55012992609994,4.495800566514529,2,0,1,1,0,UNSAFE
45.42108975103796,11.797592576985672,0,0,0,0,0,SAFE
56.0763781555944,5.965174627761593,1,0,1,0,0,MIXED
36.11789390591734,5.301819367381746,0,0,0,0,0,SAFE
44.587720407604884,1.2694934043135824,1,0,0,1,0,MIXED
38.17177204193787,-6.52365822854285,1,0,0,1,0,MIXED
43.92337083302473,9.997851412437374,0,0,0,0,0,SAFE
30.095546048545174,25.856094029740586,1,0,0,0,1,MIXED
31.538664812920487,22.969436900282155,0,0,0,0,0,SAFE
36.39167340809757,31.015713778954257,1,0,0,0,1,MIXED
47.99640431140917,4.919521291259718,1,0,0,1,0,MIXED
34.66333958231755,21.055252052243098,0,0,0,0,0,SAFE
39.90097495431866,13.306574929786345,0,0,0,0,0,SAFE
52.17791089417678,7.513111266300435,1,0,1,0,0,MIXED
42.730350177403636,24.54627793652306,0,0,0,0,0,SAFE
48.4729399070848,13.403873324793276,0,0,0,0,0,SAFE
39.688752953178735,-2.3881546252093173,1,0,0,1,0,MIXED
33.550040058678434,18.183592265747336,0,0,0,0,0,SAFE
40.89694248846211,15.749270785662263,0,0,0,0,0,SAFE
50.31402887707249,3.1267689093772546,2,0,1,1,0,UNSAFE
40.1105575821388,16.88710963411218,0,0,0,0,0,SAFE
36.36672049940387,29.31477113927417,1,0,0,0,1,MIXED
49.26869441290518,17.901333270887555,0,0,0,0,0,SAFE
56.35385423462869,0.011047203898577607,2,0,1,1,0,UNSAFE
41.938189751154546,18.66336968934061,0,0,0,0,0,SAFE
34.68355962564863,18.007145418177284,0,0,0,0,0,SAFE
33.14734004969698,21.905573182742533,0,0,0,0,0,SAFE
50.462678145031255,17.723334011283285,1,0,1,0,0,MIXED
27.177617479480432,5.332064788339654,1,1,0,0,0,MIXED
46.51768002570529,15.211986435123658,0,0,0,0,0,SAFE
20.447979058460096,27.428303838682403,2,1,0,0,1,UNSAFE
43.09325205003066,6.80925335999955,0,0,0,0,0,SAFE
49.95964478053331,8.22459987093101,0,0,0,0,0,SAFE
36.492383059166286,18.583526510140363,0,0,0,0,0,SAFE
56.248307673938356,31.235871779728864,2,0,1,0,1,UNSAFE
44.87769199123285,19.623856588503198,0,0,0,0,0,SAFE
48.3319914566786,2.4301632463065097,1,0,0,1,0,MIXED
47.15318669721586,7.659265318564719,0,0,0,0,0,SAFE
44.547824534372644,12.725323723926627,0,0,0,0,0,SAFE
46.00966661691371,16.1810346500646,0,0,0,0,0,SAFE
17.415757833429602,16.788917117051806,1,1,0,0,0,MIXED
47.1372236183941,19.45928348338454,0,0,0,0,0,SAFE
41.179312430331365,31.42161691930406,1,0,0,0,1,MIXED
44.49098503297329,19.376733001931065,0,0,0,0,0,SAFE
50.35593515240455,18.625929996965986,1,0,1,0,0,MIXED
34.81585797268637,-9.383374137796224,1,0,0,1,0,MIXED
38.183032783855346,22.609455258811167,0,0,0,0,0,SAFE
39.17522934865755,23.011783722817295,0,0,0,0,0,SAFE
43.189825407362186,27.880660702621846,1,0,0,0,1,MIXED
39.63826634303471,19.67614826567688,0,0,0,0,0,SAFE
46.047080516282875,30.01601872631193,1,0,0,0,1,MIXED
28.34690154932578,10.415917254468425,1,1,0,0,0,MIXED
48.78812884310803,30.45896479778648,1,0,0,0,1,MIXED
43.92057210113664,12.072958355785131,0,0,0,0,0,SAFE
48.05694694939556,23.687026752316832,0,0,0,0,0,SAFE
39.12270657066154,18.303073121775462,0,0,0,0,0,SAFE
51.44421809929575,33.904589932744514,2,0,1,0,1,UNSAFE
47.94083967388234,15.441388966655932,0,0,0,0,0,SAFE
41.56739859169674,20.573965571936228,0,0,0,0,0,SAFE
41.0746172601644,16.896404990223882,0,0,0,0,0,SAFE
33.536989883753,27.970571964911592,1,0,0,0,1,MIXED
32.87852218281057,10.678882395469874,0,0,0,0,0,SAFE
42.78074608681451,34.909868798886386,1,0,0,0,1,MIXED
38.61853612118138,8.339841860396037,0,0,0,0,0,SAFE
37.59346466132965,31.588971676113125,1,0,0,0,1,MIXED
19.50122405195183,4.972619878514131,2,1,0,1,0,UNSAFE
63.85030967327641,20.908820734916368,1,0,1,0,0,MIXED
33.15212040528624,14.580820178252285,0,0,0,0,0,SAFE
42.53963652854289,23.46125245905606,0,0,0,0,0,SAFE
56.716016022580504,18.885516812792154,1,0,1,0,0,MIXED
37.68169357589631,22.870844420982042,0,0,0,0,0,SAFE
36.41397842509711,4.666625040109707,1,0,0,1,0,MIXED
27.92072902434844,-0.6512839450040087,2,1,0,1,0,UNSAFE
34.82843875100583,3.22210232299129,1,0,0,1,0,MIXED
44.50589221899774,3.0059817417596477,1,0,0,1,0,MIXED
16.85066958380205,4.560882254105342,2,1,0,1,0,UNSAFE
38.22512281822865,8.945505121280346,0,0,0,0,0,SAFE
54.15619743447348,8.864574407108499,1,0,1,0,0,MIXED
49.047387705593586,14.810174003191383,0,0,0,0,0,SAFE
41.66156219461921,6.64619711151963,0,0,0,0,0,SAFE
41.529738787353864,7.349038731025831,0,0,0,0,0,SAFE
43.360194514036564,12.637503673763117,0,0,0,0,0,SAFE
34.4429765344672,24.918943397005954,0,0,0,0,0,SAFE
45.414723840171405,10.519372658577517,0,0,0,0,0,SAFE
43.16394437628248,14.161774784980363,0,0,0,0,0,SAFE
35.05927250189381,15.704962290211638,0,0,0,0,0,SAFE
37.03190596154101,5.550661643799007,0,0,0,0,0,SAFE
29.0178613578678,11.413926464613693,1,1,0,0,0,MIXED
46.535765276669785,8.053406466211403,0,0,0,0,0,SAFE
62.16566953726375,23.856856536527324,1,0,1,0,0,MIXED
52.43464106128383,22.952430120737585,1,0,1,0,0,MIXED
56.82291979950858,7.129980165274579,1,0,1,0,0,MIXED
21.514100914731028,10.53874391647117,1,1,0,0,0,MIXED
46.4657486043803,16.515169717479786,0,0,0,0,0,SAFE
44.20378088774227,28.209100026698724,1,0,0,0,1,MIXED
45.056460595699996,22.989129275910216,0,0,0,0,0,SAFE
34.483498065177926,4.0460631078396325,1,0,0,1,0,MIXED
54.9129113841959,16.00901535147068,1,0,1,0,0,MIXED
37.01416653243092,8.786055064528817,0,0,0,0,0,SAFE
36.807015026893936,7.910409789541583,0,0,0,0,0,SAFE
31.734817579170723,-0.004204022205085423,1,0,0,1,0,MIXED
40.43996497876465,9.070741296796005,0,0,0,0,0,SAFE
50.85727428354636,17.930766532669168,1,0,1,0,0,MIXED
44.12254144062386,7.568795924455493,0,0,0,0,0,SAFE
41.031772673760194,18.610011036314404,0,0,0,0,0,SAFE
47.7295659177014,14.061081734816344,0,0,0,0,0,SAFE
50.63299023459367,15.079893089079427,1,0,1,0,0,MIXED
48.34277694814144,10.101477914108496,0,0,0,0,0,SAFE
27.499293067450864,17.683589880185227,1,1,0,0,0,MIXED
47.802592505173,20.753473318075695,0,0,0,0,0,SAFE
45.37749329149952,11.514130340450127,0,0,0,0,0,SAFE
35.546029988435265,20.517282690437803,0,0,0,0,0,SAFE
45.4115793295862,9.391009091561738,0,0,0,0,0,SAFE
50.87539351353645,6.171344854523994,1,0,1,0,0,MIXED
37.331812969671674,31.364252123416648,1,0,0,0,1,MIXED
48.9486555018713,11.419906941089774,0,0,0,0,0,SAFE
44.299045677148406,16.547922445238385,0,0,0,0,0,SAFE
20.035089080180974,5.935260505266184,1,1,0,0,0,MIXED
41.593227063125745,11.433885234406938,0,0,0,0,0,SAFE
43.976820518643365,26.294823129479198,1,0,0,0,1,MIXED
39.42771372276858,4.423452038771352,1,0,0,1,0,MIXED
44.598813268088364,11.733766664321966,0,0,0,0,0,SAFE
40.75149199342478,12.082262808469213,0,0,0,0,0,SAFE
59.934702400087886,-7.407042609979449,2,0,1,1,0,UNSAFE
38.89332877493883,14.96310974351608,0,0,0,0,0,SAFE
35.75086006173777,23.99825832128283,0,0,0,0,0,SAFE
48.50606142975712,14.522453815114593,0,0,0,0,0,SAFE
39.83460995725045,13.88043165768353,0,0,0,0,0,SAFE
41.16170677081752,14.216269718742373,0,0,0,0,0,SAFE
40.4960071878656,17.524493145923927,0,0,0,0,0,SAFE
48.02569651862292,2.6973985240142326,1,0,0,1,0,MIXED
33.59468880613481,-2.485180294835235,1,0,0,1,0,MIXED
48.9311792028608,17.50323293190463,0,0,0,0,0,SAFE
46.04214012746216,0.7050176163653159,1,0,0,1,0,MIXED
56.279584983041104,8.911490918546424,1,0,1,0,0,MIXED
43.345646456890044,23.543846606783717,0,0,0,0,0,SAFE
34.104161953631426,9.53675641487333,0,0,0,0,0,SAFE
43.433374196806994,43.574730754647064,1,0,0,0,1,MIXED
44.40899794281619,31.063611506307183,1,0,0,0,1,MIXED
51.64538516153564,18.680100364945186,1,0,1,0,0,MIXED
34.08643382695457,25.59753610818235,1,0,0,0,1,MIXED
30.015117266815622,31.00875123677092,1,0,0,0,1,MIXED
43.60004246574604,-10.0,1,0,0,1,0,MIXED
39.27595123974529,21.539478209229404,0,0,0,0,0,SAFE
40.10380901568187,22.150058109935735,0,0,0,0,0,SAFE
35.19980665830164,1.9401762721239262,1,0,0,1,0,MIXED
41.428436775619154,15.315656672899149,0,0,0,0,0,SAFE
39.21292519150143,27.272911466421924,1,0,0,0,1,MIXED
35.19834099888754,18.131656073323494,0,0,0,0,0,SAFE
42.543759769309,-0.5671595213608338,1,0,0,1,0,MIXED
31.447758530651903,15.119110162486313,0,0,0,0,0,SAFE
57.849599989495715,20.79269811898811,1,0,1,0,0,MIXED
28.194921398842936,-10.0,2,1,0,1,0,UNSAFE
47.86442874403504,14.03786517071801,0,0,0,0,0,SAFE
51.130127756082956,6.192820792885584,1,0,1,0,0,MIXED
44.80169998286821,23.461734630278627,0,0,0,0,0,SAFE
38.42029089434814,10.739144297689347,0,0,0,0,0,SAFE
42.202102648787125,20.426763465603287,0,0,0,0,0,SAFE
41.885327963904714,24.739963377594865,0,0,0,0,0,SAFE
38.30451848586376,1.7160479453689028,1,0,0,1,0,MIXED
57.81580294490544,8.953662634575537,1,0,1,0,0,MIXED
37.45246333025802,14.341966789278157,0,0,0,0,0,SAFE
42.53744887723185,11.133163575117171,0,0,0,0,0,SAFE
41.86052882440793,14.60237768571826,0,0,0,0,0,SAFE
43.39855461616646,-8.574874589873161,1,0,0,1,0,MIXED
57.04701045606279,13.527116864654424,1,0,1,0,0,MIXED
46.64498095557588,1.218986584659758,1,0,0,1,0,MIXED
38.231997910006,8.276841336795854,0,0,0,0,0,SAFE
53.757790116068364,9.141863931641172,1,0,1,0,0,MIXED
48.06463989552073,8.495795473268048,0,0,0,0,0,SAFE
38.37904848276845,12.544498347993141,0,0,0,0,0,SAFE
52.2707610146344,-3.8985265903011843,2,0,1,1,0,UNSAFE
31.47469155780454,-4.473051656898168,1,0,0,1,0,MIXED
33.2999830419084,6.883999488078928,0,0,0,0,0,SAFE
29.084149967276886,7.6585225338533105,1,1,0,0,0,MIXED
25.88228415253268,4.820112762323188,2,1,0,1,0,UNSAFE
51.6033631992816,19.035880702811028,1,0,1,0,0,MIXED
43.499741377380225,4.972214437208855,1,0,0,1,0,MIXED
29.711320327642206,3.608439244657193,2,1,0,1,0,UNSAFE
41.65432138483188,23.681767797266684,0,0,0,0,0,SAFE
49.21893933708256,21.30612362483333,0,0,0,0,0,SAFE
36.09954508745645,15.24549832403988,0,0,0,0,0,SAFE
39.429259759702035,12.988102365052498,0,0,0,0,0,SAFE
58.297023175678504,-2.6200023700361257,2,0,1,1,0,UNSAFE
40.122585472621914,27.117489071961565,1,0,0,0,1,MIXED
30.272868039731694,8.562525747337496,0,0,0,0,0,SAFE
37.767692019458885,12.767102779460155,0,0,0,0,0,SAFE
29.23234272315026,20.952860603380394,1,1,0,0,0,MIXED
47.33029826010515,20.083753250179477,0,0,0,0,0,SAFE
35.03701060567135,15.865107907872952,0,0,0,0,0,SAFE
34.8044780834473,11.674033392284873,0,0,0,0,0,SAFE
59.22774341736702,15.95695377596256,1,0,1,0,0,MIXED
32.49978739210261,16.80335340663914,0,0,0,0,0,SAFE
31.185632591493523,3.009896074849882,1,0,0,1,0,MIXED
33.671014912409674,10.556905478043165,0,0,0,0,0,SAFE
49.49575196471361,20.78398198016839,0,0,0,0,0,SAFE
46.18396262597862,4.010754344094575,1,0,0,1,0,MIXED
37.66948515651481,17.720011068831884,0,0,0,0,0,SAFE
36.9734401168927,12.216335596989015,0,0,0,0,0,SAFE
45.53086954023959,11.512273187986981,0,0,0,0,0,SAFE
43.8084767128162,30.927284560195684,1,0,0,0,1,MIXED
40.62512960810402,26.79337809719206,1,0,0,0,1,MIXED
46.474960538458866,0.3275800651323344,1,0,0,1,0,MIXED
33.18290376589181,6.664041169301036,0,0,0,0,0,SAFE
35.16132066453773,14.097102538931859,0,0,0,0,0,SAFE
46.91715238465458,27.551584167047228,1,0,0,0,1,MIXED
44.46540070980066,10.543204439467903,0,0,0,0,0,SAFE
25.342070050961006,15.70589575417338,1,1,0,0,0,MIXED
42.20616154955993,16.829287535389575,0,0,0,0,0,SAFE
58.84992238162666,27.40596546193072,2,0,1,0,1,UNSAFE
48.28048734599989,5.379228699284003,0,0,0,0,0,SAFE
37.89604200642605,14.051553930714979,0,0,0,0,0,SAFE
35.79674300791717,20.00464524985118,0,0,0,0,0,SAFE
44.85527079372564,4.116922069453075,1,0,0,1,0,MIXED
51.57453367276899,16.023103338088603,1,0,1,0,0,MIXED
28.167430826061988,14.486571416550305,1,1,0,0,0,MIXED
44.24965164738324,24.727923614357405,0,0,0,0,0,SAFE
39.30018877498707,23.279382674472075,0,0,0,0,0,SAFE
43.49713589416172,1.8494539096242057,1,0,0,1,0,MIXED
30.67866581213989,26.22559870149349,1,0,0,0,1,MIXED
51.56787342705415,18.229092304047228,1,0,1,0,0,MIXED
53.96565376944023,25.566098490416067,2,0,1,0,1,UNSAFE
47.469029835837766,5.886885112663281,0,0,0,0,0,SAFE
55.851430008258745,20.36301432208273,1,0,1,0,0,MIXED
38.91328980310703,8.31729994694702,0,0,0,0,0,SAFE
44.054270252110854,-1.7105908483845482,1,0,0,1,0,MIXED
47.597386202822904,5.464291853059732,0,0,0,0,0,SAFE
44.9648648705943,9.783796626418404,0,0,0,0,0,SAFE
39.884650298202374,7.4309012723493515,0,0,0,0,0,SAFE
40.710164550553586,33.893795460173536,1,0,0,0,1,MIXED
53.080477016389125,18.544789549954565,1,0,1,0,0,MIXED
41.797645875480384,23.44201190692885,0,0,0,0,0,SAFE
51.03976315286045,6.701816177924707,1,0,1,0,0,MIXED
41.38048905894238,-3.2195822956808016,1,0,0,1,0,MIXED
50.98481688208716,35.650242577008555,2,0,1,0,1,UNSAFE
42.640660996984685,-6.250101249030166,1,0,0,1,0,MIXED
46.871124132616245,5.959108338509196,0,0,0,0,0,SAFE
36.69320446668432,21.265763897910038,0,0,0,0,0,SAFE
44.036433004101795,10.118912246613984,0,0,0,0,0,SAFE
36.80315493918668,16.258360552208327,0,0,0,0,0,SAFE
38.72427557990106,3.907628663969927,1,0,0,1,0,MIXED
39.33949454817312,18.39592623255184,0,0,0,0,0,SAFE
40.57517226544293,0.8649140175181476,1,0,0,1,0,MIXED
49.912516971004315,-10.0,1,0,0,1,0,MIXED
38.429078759772516,8.798015454460842,0,0,0,0,0,SAFE
43.18543102297132,20.616618078027354,0,0,0,0,0,SAFE
51.014118466088284,7.875951266478398,1,0,1,0,0,MIXED
46.692658698667856,16.958183878814612,0,0,0,0,0,SAFE
28.307684998534214,34.005402554341096,2,1,0,0,1,UNSAFE
30.489798982078405,19.19497272309715,0,0,0,0,0,SAFE
45.11967955358198,17.75636782329077,0,0,0,0,0,SAFE
38.04338494270714,23.272526511405022,0,0,0,0,0,SAFE
29.517060208455234,14.34171211326077,1,1,0,0,0,MIXED
37.48900258758033,8.227020579329684,0,0,0,0,0,SAFE
45.429982299628364,25.774785427196832,1,0,0,0,1,MIXED
39.253953905305075,22.806810899257776,0,0,0,0,0,SAFE
42.39792532355679,6.072677907619914,0,0,0,0,0,SAFE
39.93638325407149,12.00514109208385,0,0,0,0,0,SAFE
36.42672069995643,19.284829286558338,0,0,0,0,0,SAFE
43.87716950163807,-0.9064969826941809,1,0,0,1,0,MIXED
28.787792038085136,19.246844532057544,1,1,0,0,0,MIXED
35.477708569643724,18.02041155100324,0,0,0,0,0,SAFE
48.2474526248735,2.2904716259444076,1,0,0,1,0,MIXED
30.70770196339052,31.74431682395295,1,0,0,0,1,MIXED
44.81256626369967,10.807593433267291,0,0,0,0,0,SAFE
34.52847637882989,9.895591510927204,0,0,0,0,0,SAFE
32.47542131109352,23.834121740905903,0,0,0,0,0,SAFE
35.785990771149436,25.93534588216267,1,0,0,0,1,MIXED
38.79496864183991,4.566498163826854,1,0,0,1,0,MIXED
38.58958729588959,-10.0,1,0,0,1,0,MIXED
41.03385138660794,13.298808088698415,0,0,0,0,0,SAFE
48.597941972383744,-3.8630492798337954,1,0,0,1,0,MIXED
51.29493088690838,23.20599294997656,1,0,1,0,0,MIXED
52.0163485095893,14.472786239958626,1,0,1,0,0,MIXED
50.111174672822045,0.28755965093094815,2,0,1,1,0,UNSAFE
47.70438052163627,7.288372379000547,0,0,0,0,0,SAFE
28.78878534061651,3.758594818356393,2,1,0,1,0,UNSAFE
42.04424910903416,6.757007917823966,0,0,0,0,0,SAFE
45.0085882535664,-3.0823755500401724,1,0,0,1,0,MIXED
24.983219651073107,28.72387434143576,2,1,0,0,1,UNSAFE
49.23040103521147,4.507031640861925,1,0,0,1,0,MIXED
41.97600285223568,25.19507060201324,1,0,0,0,1,MIXED
45.353604866324844,16.482230961834784,0,0,0,0,0,SAFE
50.76123265050077,7.692875247987796,1,0,1,0,0,MIXED
42.24942758931703,14.821513617076084,0,0,0,0,0,SAFE
39.81790361863166,11.101944885792479,0,0,0,0,0,SAFE
42.58294590262793,15.344074959855275,0,0,0,0,0,SAFE
33.6125788597238,23.017959099004475,0,0,0,0,0,SAFE
34.188918337869936,12.817665554528261,0,0,0,0,0,SAFE
39.63775621823959,18.58103612659216,0,0,0,0,0,SAFE
25.047168478261337,23.909098149294582,1,1,0,0,0,MIXED
36.58407721910269,27.199632947770542,1,0,0,0,1,MIXED
38.17468060387076,14.511564142659894,0,0,0,0,0,SAFE
57.310288320547386,12.226617912063315,1,0,1,0,0,MIXED
51.91079907738767,15.3904508556456,1,0,1,0,0,MIXED
45.32335064234792,15.699585894113746,0,0,0,0,0,SAFE
48.78281301040099,8.144683871469487,0,0,0,0,0,SAFE
34.127611815846514,8.614238096229784,0,0,0,0,0,SAFE
42.79768301059273,12.791812144496706,0,0,0,0,0,SAFE
47.68219901176941,28.0473169982152,1,0,0,0,1,MIXED
34.19329330211993,7.660512083860675,0,0,0,0,0,SAFE
30.510084653497167,35.30372990759104,1,0,0,0,1,MIXED
44.43735599297462,19.79802320051578,0,0,0,0,0,SAFE
31.278332919751612,14.988300109931254,0,0,0,0,0,SAFE
46.073983875304684,12.472423094655749,0,0,0,0,0,SAFE
50.605644998611155,38.1183112564283,2,0,1,0,1,UNSAFE
34.42349738324839,4.779127540233032,1,0,0,1,0,MIXED
34.977951475771384,31.061991600164905,1,0,0,0,1,MIXED
50.33884253623748,13.644721822063515,1,0,1,0,0,MIXED
42.292477315206995,6.834563738032786,0,0,0,0,0,SAFE
49.12021726194547,11.200981758914462,0,0,0,0,0,SAFE
39.919387684360004,21.08789771529257,0,0,0,0,0,SAFE
40.49604049533423,12.650340065021537,0,0,0,0,0,SAFE
42.0846016442326,22.953554137930766,0,0,0,0,0,SAFE
55.171944603870664,20.854862322460818,1,0,1,0,0,MIXED
48.426513788994136,13.001459378988756,0,0,0,0,0,SAFE
36.33761709465026,21.53986232235115,0,0,0,0,0,SAFE
43.36992659680457,0.773713512502507,1,0,0,1,0,MIXED
39.37544301259521,14.171029765184464,0,0,0,0,0,SAFE
37.91633706377217,29.817355945421273,1,0,0,0,1,MIXED
45.83871229521773,28.731749178886478,1,0,0,0,1,MIXED
44.107402093217274,15.813878364250778,0,0,0,0,0,SAFE
34.50721745911801,15.119295331965667,0,0,0,0,0,SAFE
42.104431405403524,1.3288611596576683,1,0,0,1,0,MIXED
37.68378024183684,11.767174014836376,0,0,0,0,0,SAFE
45.30783635244577,19.613501119857062,0,0,0,0,0,SAFE
37.34945214427836,19.68869602541885,0,0,0,0,0,SAFE
40.543368565211864,-10.0,1,0,0,1,0,MIXED
38.12238374438766,25.789886401423786,1,0,0,0,1,MIXED
28.545553946978565,16.1269120041554,1,1,0,0,0,MIXED
54.6820897134823,7.393870469895193,1,0,1,0,0,MIXED
42.01719264342149,1.959837427720787,1,0,0,1,0,MIXED
55.01784913330857,14.166673730033857,1,0,1,0,0,MIXED
42.37301474235215,28.543004655056222,1,0,0,0,1,MIXED
47.29182715716385,6.243712675032603,0,0,0,0,0,SAFE
36.82177660730147,19.949313045232987,0,0,0,0,0,SAFE
37.00703155949648,-6.17243312120527,1,0,0,1,0,MIXED
41.574073610887375,0.19787338875190486,1,0,0,1,0,MIXED
54.93025402850981,16.767876377631527,1,0,1,0,0,MIXED
34.7585995460514,8.013675853375464,0,0,0,0,0,SAFE
26.884819297008637,4.005381132194962,2,1,0,1,0,UNSAFE
50.13058562032559,37.317861454923914,2,0,1,0,1,UNSAFE
47.811172105591666,14.079574613789708,0,0,0,0,0,SAFE
38.544324994768665,5.435041864236377,0,0,0,0,0,SAFE
58.47812719471793,13.11251298135625,1,0,1,0,0,MIXED
58.925038640500034,28.93519509610061,2,0,1,0,1,UNSAFE
28.07362854922981,8.340476042407083,1,1,0,0,0,MIXED
36.647639006609424,14.201536358942604,0,0,0,0,0,SAFE
41.517485975089976,44.962390953981426,1,0,0,0,1,MIXED
33.38217700420193,17.2896993566439,0,0,0,0,0,SAFE
46.932061939742425,14.984279955308038,0,0,0,0,0,SAFE
42.88144462225086,4.551911056934127,1,0,0,1,0,MIXED
42.851889556821455,20.11398996174372,0,0,0,0,0,SAFE
44.62080467416903,20.702009039120917,0,0,0,0,0,SAFE
53.300863205089854,24.369665419143416,1,0,1,0,0,MIXED
42.570356907979495,3.282416481167221,1,0,0,1,0,MIXED
37.19995780231105,12.803688480825848,0,0,0,0,0,SAFE
44.01876665073158,10.21667238500605,0,0,0,0,0,SAFE
34.51413440652519,3.118013108796628,1,0,0,1,0,MIXED
28.790577927555752,12.650492962254312,1,1,0,0,0,MIXED
30.24267646343756,4.994743158426079,1,0,0,1,0,MIXED
38.84878501724558,1.6408269060856622,1,0,0,1,0,MIXED
45.03801750798958,22.40223063605687,0,0,0,0,0,SAFE
37.60458384179681,10.629726923899982,0,0,0,0,0,SAFE
46.29943816111262,7.86004902765321,0,0,0,0,0,SAFE
35.73812870722164,26.964984781862903,1,0,0,0,1,MIXED
49.073501909702294,21.015500023439195,0,0,0,0,0,SAFE
49.40515697115274,-4.772787253673631,1,0,0,1,0,MIXED
52.830684374344855,18.92062116583742,1,0,1,0,0,MIXED
50.08625107204588,18.871617791163626,1,0,1,0,0,MIXED
42.39139859744125,12.246907876379455,0,0,0,0,0,SAFE
44.937155015089644,11.88252091095448,0,0,0,0,0,SAFE
48.9430088005209,-0.8645664455220032,1,0,0,1,0,MIXED
37.66739310564578,35.448232484766464,1,0,0,0,1,MIXED
36.99135629142086,12.61316276936522,0,0,0,0,0,SAFE
34.93935253319939,18.35845672885824,0,0,0,0,0,SAFE
36.10988087886244,13.1438906519295,0,0,0,0,0,SAFE
48.790932288280565,8.012365811851842,0,0,0,0,0,SAFE
48.30888895412177,23.222293155603566,0,0,0,0,0,SAFE
50.43964875775435,16.405409949180402,1,0,1,0,0,MIXED
67.93007261581428,25.54533696542082,2,0,1,0,1,UNSAFE
44.59902099525461,6.240755859182649,0,0,0,0,0,SAFE
41.22352699300687,29.26326976900034,1,0,0,0,1,MIXED
55.67627692501015,29.783291004402294,2,0,1,0,1,UNSAFE
48.28153845383696,2.4433979370442813,1,0,0,1,0,MIXED
45.89729454260536,2.585976219470023,1,0,0,1,0,MIXED
30.10023045295393,17.391586845772387,0,0,0,0,0,SAFE
46.185595578158,24.033770984808047,0,0,0,0,0,SAFE
45.977089923088755,20.315859857427483,0,0,0,0,0,SAFE
34.122779320060985,13.950233153153336,0,0,0,0,0,SAFE
29.943065714924096,-5.0336912940019545,2,1,0,1,0,UNSAFE
47.925141678744595,7.468756062090413,0,0,0,0,0,SAFE
48.97998801714443,26.083475778800388,1,0,0,0,1,MIXED
37.04546140301442,20.90311094555299,0,0,0,0,0,SAFE
36.71074617109087,-3.4587887462682403,1,0,0,1,0,MIXED
42.986475235539665,10.291261202842392,0,0,0,0,0,SAFE
38.47928791530295,34.75343117845526,1,0,0,0,1,MIXED
29.793144138138626,18.82871135371471,1,1,0,0,0,MIXED
34.04154210284199,24.082614092673243,0,0,0,0,0,SAFE
44.38744988940053,18.793443491806137,0,0,0,0,0,SAFE
34.44088305918192,7.344120867116766,0,0,0,0,0,SAFE
49.41800405876709,32.70797721727563,1,0,0,0,1,MIXED
45.842462537793494,6.025792792285673,0,0,0,0,0,SAFE
44.711508179696544,39.2747204433761,1,0,0,0,1,MIXED
42.81938248575129,29.618408593935996,1,0,0,0,1,MIXED
36.0773650732903,14.579139483636132,0,0,0,0,0,SAFE
46.956521649004344,18.97328308262864,0,0,0,0,0,SAFE
35.86889055911071,6.904825428694004,0,0,0,0,0,SAFE
49.90627522482127,26.91550812650145,1,0,0,0,1,MIXED
54.09714846497536,33.03930483252868,2,0,1,0,1,UNSAFE
43.07695549058077,11.888007557684066,0,0,0,0,0,SAFE
52.80792751022775,22.13069281851587,1,0,1,0,0,MIXED
34.14035793065927,4.663643344810886,1,0,0,1,0,MIXED
45.935441610850475,13.227253385160004,0,0,0,0,0,SAFE
41.78856036207442,25.725333647101948,1,0,0,0,1,MIXED
48.072297159880286,28.298732484184317,1,0,0,0,1,MIXED
26.547711149013068,17.533979172212007,1,1,0,0,0,MIXED
47.55750817917765,-0.2658585668768403,1,0,0,1,0,MIXED
36.760834869520224,6.59514837671081,0,0,0,0,0,SAFE
42.17358536847933,31.27853968694064,1,0,0,0,1,MIXED
58.180715237319205,6.857124469267177,1,0,1,0,0,MIXED
46.21245800394859,20.587978521423153,0,0,0,0,0,SAFE
45.101006172117984,18.98979634739234,0,0,0,0,0,SAFE
44.429940019610626,31.875701208064196,1,0,0,0,1,MIXED
50.81973211494446,4.398461024017328,2,0,1,1,0,UNSAFE
48.36576864704439,23.92373374511452,0,0,0,0,0,SAFE
44.51973829721431,26.314243705027295,1,0,0,0,1,MIXED
43.504592274392294,17.00467721076251,0,0,0,0,0,SAFE
42.969924357416346,-5.1824408579966885,1,0,0,1,0,MIXED
41.35681284875301,8.317494255454292,0,0,0,0,0,SAFE
32.50841617445954,29.340182847395226,1,0,0,0,1,MIXED
46.033660148275665,14.701689190554522,0,0,0,0,0,SAFE
37.48157319118059,17.9616958462874,0,0,0,0,0,SAFE
49.931488746540104,6.730341564530592,0,0,0,0,0,SAFE
41.96137302178712,23.680664988511722,0,0,0,0,0,SAFE
26.51199096732696,14.42430237594596,1,1,0,0,0,MIXED
38.56566903561969,13.66170142244966,0,0,0,0,0,SAFE
37.98697154902477,16.376246052072958,0,0,0,0,0,SAFE
57.389017763381744,11.760775260714489,1,0,1,0,0,MIXED
44.33368807275285,34.94746418409113,1,0,0,0,1,MIXED
37.59987537301956,33.146753489289694,1,0,0,0,1,MIXED
42.04258405301686,32.818962258649265,1,0,0,0,1,MIXED
48.00160899957055,18.071083625824215,0,0,0,0,0,SAFE
41.474954544907305,8.759585601207895,0,0,0,0,0,SAFE
42.60633239971482,23.973614590200242,0,0,0,0,0,SAFE
41.895108552026635,11.833771949381422,0,0,0,0,0,SAFE
39.993739726577815,24.92476613583053,0,0,0,0,0,SAFE
51.801291640798844,8.328494862316296,1,0,1,0,0,MIXED
36.651297140420084,18.793589196671125,0,0,0,0,0,SAFE
54.22025651805804,26.4599030831256,2,0,1,0,1,UNSAFE
31.98518230256071,12.359240300081378,0,0,0,0,0,SAFE
34.5551715624839,12.324874780847416,0,0,0,0,0,SAFE
54.83527996828283,0.7739935121698274,2,0,1,1,0,UNSAFE
29.04907765375848,6.714458465663975,1,1,0,0,0,MIXED
44.29848482060794,21.20754820640757,0,0,0,0,0,SAFE
45.499587478892266,26.756854032310166,1,0,0,0,1,MIXED
27.89531524612857,26.88336538358937,2,1,0,0,1,UNSAFE
39.50323743962967,22.314943098048676,0,0,0,0,0,SAFE
31.412596585894363,15.049566970090702,0,0,0,0,0,SAFE
43.890166164712106,26.557510374984183,1,0,0,0,1,MIXED
29.317963019137878,15.307525485349041,1,1,0,0,0,MIXED
33.318117670862854,20.054960442082752,0,0,0,0,0,SAFE
48.21773229164901,27.871702425080876,1,0,0,0,1,MIXED
37.719764365533,24.272264856887904,0,0,0,0,0,SAFE
52.88721269981642,-1.4324696985546694,2,0,1,1,0,UNSAFE
46.89875936078761,24.58511253780106,0,0,0,0,0,SAFE
39.930188908900504,2.8922642247489154,1,0,0,1,0,MIXED
49.54364604887731,3.0049117244224313,1,0,0,1,0,MIXED
40.57318852391278,14.59875942196671,0,0,0,0,0,SAFE
47.724304413632,8.733684404874674,0,0,0,0,0,SAFE
36.52333048937716,15.98915478763111,0,0,0,0,0,SAFE
50.051123820958,37.87450000653147,2,0,1,0,1,UNSAFE
29.940150401769806,18.153420177865783,1,1,0,0,0,MIXED
33.30771979012567,25.188112432067427,1,0,0,0,1,MIXED
34.49164362152614,8.253517818176762,0,0,0,0,0,SAFE
37.28583312748803,14.238010612801961,0,0,0,0,0,SAFE
44.58558077486966,19.837013936085135,0,0,0,0,0,SAFE
41.953859630537735,1.7010897755941876,1,0,0,1,0,MIXED
47.822289202481514,14.47041336336972,0,0,0,0,0,SAFE
51.29387832011759,7.922612205200633,1,0,1,0,0,MIXED
29.181802181192044,14.659739973169247,1,1,0,0,0,MIXED
52.36762150627412,16.609421366160507,1,0,1,0,0,MIXED
40.402641606617145,6.296529823425669,0,0,0,0,0,SAFE
56.06213173344658,4.703974051152207,2,0,1,1,0,UNSAFE
36.19684593897408,20.700341960840227,0,0,0,0,0,SAFE
27.151834480905684,27.745906653813396,2,1,0,0,1,UNSAFE
46.993544913738845,23.9923107181111,0,0,0,0,0,SAFE
46.46493609559723,13.388764825436299,0,0,0,0,0,SAFE
33.49481031875662,13.599245587750394,0,0,0,0,0,SAFE
34.19810950597892,19.861553100763835,0,0,0,0,0,SAFE
48.454238644384816,29.768086311982074,1,0,0,0,1,MIXED
44.97414112442291,24.245753565951862,0,0,0,0,0,SAFE
39.62284210215886,10.217228619918053,0,0,0,0,0,SAFE
45.78937512653441,11.135271272830913,0,0,0,0,0,SAFE
44.15348631062126,4.388078106645789,1,0,0,1,0,MIXED
34.94697854018959,21.3540930101829,0,0,0,0,0,SAFE
49.09352060324877,5.143438310333195,0,0,0,0,0,SAFE
47.36491448405137,9.672643269647253,0,0,0,0,0,SAFE
42.13204140960248,29.16944415790647,1,0,0,0,1,MIXED
48.45989787218359,22.958719880221928,0,0,0,0,0,SAFE
57.270322867655736,7.961206589502022,1,0,1,0,0,MIXED
34.11300020005963,7.778777297714093,0,0,0,0,0,SAFE
39.96399157274708,-8.545506142918935,1,0,0,1,0,MIXED
40.340574106425514,9.554292681050882,0,0,0,0,0,SAFE
48.27007813918239,18.5241937901004,0,0,0,0,0,SAFE
37.1944269778453,20.89960845362904,0,0,0,0,0,SAFE
47.786104478590154,7.314542102085893,0,0,0,0,0,SAFE
38.05580595694065,-7.253631870979827,1,0,0,1,0,MIXED
33.274720205045725,7.575304395764216,0,0,0,0,0,SAFE
42.59332941284818,5.546173206401848,0,0,0,0,0,SAFE
37.89238410360713,2.74669318417401,1,0,0,1,0,MIXED
43.368911188250166,19.257145945849075,0,0,0,0,0,SAFE
45.21892278735858,15.123611319052593,0,0,0,0,0,SAFE
29.671416027988847,8.800463361071492,1,1,0,0,0,MIXED
38.74154662145212,10.967046870793748,0,0,0,0,0,SAFE
42.59984974391869,29.255413723710188,1,0,0,0,1,MIXED
48.4967697014768,5.124822201513053,0,0,0,0,0,SAFE
47.42722300237307,21.403023676657362,0,0,0,0,0,SAFE
35.55146021638748,23.48865922635439,0,0,0,0,0,SAFE
40.716986912437896,0.9004650998555519,1,0,0,1,0,MIXED
45.64162179709714,17.169618236145244,0,0,0,0,0,SAFE
40.17857896651338,14.625469150167005,0,0,0,0,0,SAFE
36.247316168892304,21.101305037971095,0,0,0,0,0,SAFE
41.65239492392859,16.66448843948228,0,0,0,0,0,SAFE
44.85713539543098,3.454143855736751,1,0,0,1,0,MIXED
34.84573582494358,-7.099444596162094,1,0,0,1,0,MIXED
46.517938067923254,2.877899762532337,1,0,0,1,0,MIXED
43.06055767916522,18.709882249395527,0,0,0,0,0,SAFE
46.818822711140164,2.959830861639407,1,0,0,1,0,MIXED
41.47870705487447,31.70280420787749,1,0,0,0,1,MIXED
55.71451743987453,24.873230940269508,1,0,1,0,0,MIXED
44.699945110550715,4.9489361115462245,1,0,0,1,0,MIXED
47.74897300312843,13.41978771253159,0,0,0,0,0,SAFE
46.484226202182754,8.671565451478834,0,0,0,0,0,SAFE
40.61653509728057,16.641473600764247,0,0,0,0,0,SAFE
43.970224731950864,19.93722714460248,0,0,0,0,0,SAFE
37.36644012380081,1.5671554788979734,1,0,0,1,0,MIXED
54.99828031919836,39.89254169023358,2,0,1,0,1,UNSAFE
45.57936568961903,1.7600790526988952,1,0,0,1,0,MIXED
35.814439065256984,20.09117569050969,0,0,0,0,0,SAFE
52.728924893450284,2.871093654581438,2,0,1,1,0,UNSAFE
41.00533743320879,16.95932064443969,0,0,0,0,0,SAFE
48.916627610286994,11.563989055996206,0,0,0,0,0,SAFE
29.4894824694246,21.211975594529022,1,1,0,0,0,MIXED
50.9983677213699,14.174085382548393,1,0,1,0,0,MIXED
45.24192073045145,10.255087705729293,0,0,0,0,0,SAFE
35.23381764219285,25.264256805472186,1,0,0,0,1,MIXED
45.099966782515686,19.903685994018826,0,0,0,0,0,SAFE
54.0169211839569,4.451576656814268,2,0,1,1,0,UNSAFE
37.58378985472462,16.579333488346954,0,0,0,0,0,SAFE
37.48549409791006,22.8313653527245,0,0,0,0,0,SAFE
40.50080623276813,5.074671925028104,0,0,0,0,0,SAFE
42.526173401501296,16.70338770806788,0,0,0,0,0,SAFE
49.47745650317064,18.931409031474242,0,0,0,0,0,SAFE
45.689171130878684,18.20291684007225,0,0,0,0,0,SAFE
40.49421982966456,7.837808848887353,0,0,0,0,0,SAFE
44.310706813275004,11.668752341163593,0,0,0,0,0,SAFE
55.51858096352812,28.42182294773219,2,0,1,0,1,UNSAFE
47.06271305881287,18.784669392929857,0,0,0,0,0,SAFE
41.29632759215058,2.388762686528649,1,0,0,1,0,MIXED
40.270622213424275,16.014000334052568,0,0,0,0,0,SAFE
43.8356517955573,19.69536367015826,0,0,0,0,0,SAFE
49.37064158302148,8.078459283071329,0,0,0,0,0,SAFE
36.53539514232791,29.508566797431588,1,0,0,0,1,MIXED
48.16785271354519,11.092290578666788,0,0,0,0,0,SAFE
41.14231064838211,13.972860533251014,0,0,0,0,0,SAFE
42.252592978251066,19.72683092238613,0,0,0,0,0,SAFE
62.27994196879865,16.897565611626526,1,0,1,0,0,MIXED
47.30078520340201,-1.864767061901425,1,0,0,1,0,MIXED
38.12080005776932,27.28815002716605,1,0,0,0,1,MIXED
45.21852313085293,-10.0,1,0,0,1,0,MIXED
47.392185618529574,34.18164394628769,1,0,0,0,1,MIXED
26.032739311041652,30.193876756455122,2,1,0,0,1,UNSAFE
19.824354954992575,24.379989450534133,1,1,0,0,0,MIXED
41.93081099190208,-8.499712152446165,1,0,0,1,0,MIXED
45.56910261791829,26.508397491520586,1,0,0,0,1,MIXED
44.91109603057259,20.848276370596132,0,0,0,0,0,SAFE
38.70659110128751,-3.6138975522102186,1,0,0,1,0,MIXED
47.534912178696516,32.49753919446296,1,0,0,0,1,MIXED
51.036646833819674,-4.878758296013462,2,0,1,1,0,UNSAFE
29.88084474231253,6.5403225820265956,1,1,0,0,0,MIXED
29.256196389758856,15.44189919556039,1,1,0,0,0,MIXED
45.147326441444186,0.697467167576324,1,0,0,1,0,MIXED
48.217027674204225,21.01103944020014,0,0,0,0,0,SAFE
37.61472700125037,13.274780140160159,0,0,0,0,0,SAFE
26.401590594775747,11.67737843712926,1,1,0,0,0,MIXED
42.059079793042606,16.687475952281897,0,0,0,0,0,SAFE
45.03101529616139,17.442417432305724,0,0,0,0,0,SAFE
39.88525042187464,17.861949425543166,0,0,0,0,0,SAFE
50.016255946481984,14.045019266903557,1,0,1,0,0,MIXED
44.54075912665341,13.138289373358816,0,0,0,0,0,SAFE
36.82592866816343,20.22879666917604,0,0,0,0,0,SAFE
37.55819244663836,18.861469009921905,0,0,0,0,0,SAFE
42.226042972080364,11.960653234798567,0,0,0,0,0,SAFE
39.374857342826715,9.91879007584313,0,0,0,0,0,SAFE
28.83359062328789,18.82895095161692,1,1,0,0,0,MIXED
43.85237460222656,23.496702524484938,0,0,0,0,0,SAFE
37.74834478154564,33.95383625476667,1,0,0,0,1,MIXED
38.96211241720294,6.24890357805304,0,0,0,0,0,SAFE
34.05052064125868,-2.339224032296624,1,0,0,1,0,MIXED
54.261023139145024,28.71067390768662,2,0,1,0,1,UNSAFE
46.805961303078064,6.039111922242203,0,0,0,0,0,SAFE
56.490141452472955,11.482808384783441,1,0,1,0,0,MIXED
39.847793350186784,29.37259080436076,1,0,0,0,1,MIXED
47.27128467584698,37.011031387545934,1,0,0,0,1,MIXED
43.98977808255216,11.029692004212752,0,0,0,0,0,SAFE
37.10556093232164,-3.46996177190627,1,0,0,1,0,MIXED
39.77123381755037,26.445933388273808,1,0,0,0,1,MIXED
46.79067338124855,15.203080065604059,0,0,0,0,0,SAFE
34.040524449469366,17.26873018012737,0,0,0,0,0,SAFE
50.10250964156299,19.307192564699847,1,0,1,0,0,MIXED
43.33388135706687,7.03042346718794,0,0,0,0,0,SAFE
48.9374545128961,-10.0,1,0,0,1,0,MIXED
45.06276567092116,40.70321980944598,1,0,0,0,1,MIXED
29.933012901345222,12.58630545298634,1,1,0,0,0,MIXED
41.93671207900219,10.37417185943423,0,0,0,0,0,SAFE
50.290993940471836,19.72451014355301,1,0,1,0,0,MIXED
43.218402980378556,22.972725611692802,0,0,0,0,0,SAFE
42.134005672573934,46.79864488823514,1,0,0,0,1,MIXED
43.21077546925393,16.952820984897045,0,0,0,0,0,SAFE
28.316255603413797,9.565496726965762,1,1,0,0,0,MIXED
51.17902145439848,1.645431496401276,2,0,1,1,0,UNSAFE
24.73954260558436,15.323154711875748,1,1,0,0,0,MIXED
52.96595605979982,15.423812286961256,1,0,1,0,0,MIXED
39.31100317898925,-3.5848793774097985,1,0,0,1,0,MIXED
45.618032981617546,21.61275108883045,0,0,0,0,0,SAFE
27.746140007191197,26.34532448697219,2,1,0,0,1,UNSAFE
48.125564207136875,26.323159425473456,1,0,0,0,1,MIXED
46.66820073466673,21.536827088113185,0,0,0,0,0,SAFE
46.16576718961391,23.684723215011957,0,0,0,0,0,SAFE
27.449937847008652,-0.010594336215145717,2,1,0,1,0,UNSAFE
36.11193679848183,13.701798283274467,0,0,0,0,0,SAFE
45.105095386465436,18.246816532288502,0,0,0,0,0,SAFE
50.936846491648254,26.48495298580351,2,0,1,0,1,UNSAFE
35.020919133649656,17.385761100504713,0,0,0,0,0,SAFE
35.2173476182253,13.117529616464333,0,0,0,0,0,SAFE
44.57433095238796,-10.0,1,0,0,1,0,MIXED
61.289952317117475,20.664086773974752,1,0,1,0,0,MIXED
37.23437379669275,34.27369755230228,1,0,0,0,1,MIXED
39.220550636110445,16.325193858280578,0,0,0,0,0,SAFE
38.10307351681898,31.519918374433395,1,0,0,0,1,MIXED
41.16012234955296,16.49484100739509,0,0,0,0,0,SAFE
51.63025722420357,20.851394574610765,1,0,1,0,0,MIXED
41.56521547892743,26.10390972357463,1,0,0,0,1,MIXED
62.30786583542361,18.174104487994214,1,0,1,0,0,MIXED
42.93408070298053,16.706270836190814,0,0,0,0,0,SAFE
52.48343600665214,9.008022649670776,1,0,1,0,0,MIXED
39.77345952230671,-0.3744294912664117,1,0,0,1,0,MIXED
32.52905709888021,9.821999973020295,0,0,0,0,0,SAFE
41.55250404751662,32.69083325770119,1,0,0,0,1,MIXED
46.287942439401796,5.879214898102061,0,0,0,0,0,SAFE
36.176156117087075,28.747486832306542,1,0,0,0,1,MIXED
51.01288278903354,15.28149910224203,1,0,1,0,0,MIXED
38.45978827568934,26.24932835704643,1,0,0,0,1,MIXED
34.05338298620251,18.92030398057523,0,0,0,0,0,SAFE
60.18127192714665,17.053556822514576,1,0,1,0,0,MIXED
35.79512416590717,19.103687026715377,0,0,0,0,0,SAFE
38.23993024787722,1.0588415624658545,1,0,0,1,0,MIXED
47.60828821497685,26.178344005497223,1,0,0,0,1,MIXED
39.51274662341942,11.227643259037267,0,0,0,0,0,SAFE
34.307476871025365,13.500643995324333,0,0,0,0,0,SAFE
37.50105293661447,4.889673132967445,1,0,0,1,0,MIXED
57.13735064319685,19.664928167495074,1,0,1,0,0,MIXED
46.57916086423482,23.83399568932427,0,0,0,0,0,SAFE
48.16828973407844,10.868900472032852,0,0,0,0,0,SAFE
44.18042098377174,12.309695157393397,0,0,0,0,0,SAFE
45.50770899821328,18.416908859581643,0,0,0,0,0,SAFE
38.938717913086386,1.7070127707820077,1,0,0,1,0,MIXED
43.169896455724064,12.95730512192701,0,0,0,0,0,SAFE
26.87702201832993,20.076617688887175,1,1,0,0,0,MIXED
49.722736897942205,40.283564752089504,1,0,0,0,1,MIXED
38.870419973434714,9.612881034509323,0,0,0,0,0,SAFE
33.12463175648607,17.08641906487007,0,0,0,0,0,SAFE
43.61854544446684,6.887036652132508,0,0,0,0,0,SAFE
40.60056094396928,-4.786656668893567,1,0,0,1,0,MIXED
49.41101398266597,7.293207403278332,0,0,0,0,0,SAFE
41.72274918869616,0.733065787022209,1,0,0,1,0,MIXED
37.341171204307415,12.204088464824729,0,0,0,0,0,SAFE
41.90967322431336,19.797325155225117,0,0,0,0,0,SAFE
53.512600667889764,22.327109427693564,1,0,1,0,0,MIXED
49.69731634516996,29.461041099431384,1,0,0,0,1,MIXED
46.55766305218158,14.632928043810047,0,0,0,0,0,SAFE
50.072895250040446,25.73009285961657,2,0,1,0,1,UNSAFE
47.188526703728286,0.4537240296389715,1,0,0,1,0,MIXED
35.26831877524282,12.25145895969516,0,0,0,0,0,SAFE
48.23696816588719,14.786535809294403,0,0,0,0,0,SAFE
51.0949490676045,28.15236628744281,2,0,1,0,1,UNSAFE
51.59336374941765,27.055405644802867,2,0,1,0,1,UNSAFE
33.70404876273025,19.826354994557757,0,0,0,0,0,SAFE
37.13976767235667,-1.490663313591984,1,0,0,1,0,MIXED
39.70023094355331,28.247369656272515,1,0,0,0,1,MIXED
45.685936080947705,35.178093716058925,1,0,0,0,1,MIXED
43.417841162144896,39.47802753592907,1,0,0,0,1,MIXED
43.42016980413641,15.224802961537364,0,0,0,0,0,SAFE
31.76487929662803,26.105627402927677,1,0,0,0,1,MIXED
37.98299896847617,8.529523605912729,0,0,0,0,0,SAFE
52.24984451010057,26.582226687959572,2,0,1,0,1,UNSAFE
51.05641093768543,11.378088659450189,1,0,1,0,0,MIXED
41.59219307755799,14.401456023041485,0,0,0,0,0,SAFE
48.26014544537919,30.5356466849423,1,0,0,0,1,MIXED
44.94517244158725,34.748910853573584,1,0,0,0,1,MIXED
49.17755534426449,12.652006058855818,0,0,0,0,0,SAFE
48.6296912490318,32.059402787087734,1,0,0,0,1,MIXED
57.986311866730674,26.868913445990806,2,0,1,0,1,UNSAFE
42.205395629264,12.833067459440795,0,0,0,0,0,SAFE
46.60855602849113,31.739744952710463,1,0,0,0,1,MIXED
45.470152977715614,19.545318718688108,0,0,0,0,0,SAFE
42.41118283453674,11.721089373687876,0,0,0,0,0,SAFE
40.70292394684866,16.3542598524553,0,0,0,0,0,SAFE
55.744799969918574,12.602862214691982,1,0,1,0,0,MIXED
42.42089660729105,6.3462233959349135,0,0,0,0,0,SAFE
47.73304853178524,28.666791787182824,1,0,0,0,1,MIXED
54.99598276765405,17.033645246957104,1,0,1,0,0,MIXED
46.59483426623388,13.464496778299619,0,0,0,0,0,SAFE
46.22414943755618,18.139651524992143,0,0,0,0,0,SAFE
42.4661150980119,16.377536922771295,0,0,0,0,0,SAFE
45.61537826714919,12.058475651544358,0,0,0,0,0,SAFE
40.06002566337573,32.07362013671553,1,0,0,0,1,MIXED
63.68437415077106,2.9563305146595624,2,0,1,1,0,UNSAFE
31.92423036499153,5.428471721918502,0,0,0,0,0,SAFE
41.17369267969156,23.95780511037257,0,0,0,0,0,SAFE
46.73002353638618,16.720311367804683,0,0,0,0,0,SAFE
46.23148437566319,8.079138433716306,0,0,0,0,0,SAFE
40.04701782597905,14.799054516242032,0,0,0,0,0,SAFE
29.326269289025177,3.3868979527740386,2,1,0,1,0,UNSAFE
33.02747150977873,22.641082236837743,0,0,0,0,0,SAFE
43.96283958857933,21.11061200073943,0,0,0,0,0,SAFE
27.282760081580285,0.16433313948396844,2,1,0,1,0,UNSAFE
47.30572352205196,-10.0,1,0,0,1,0,MIXED
51.79703486079843,-3.2331714352278986,2,0,1,1,0,UNSAFE
48.74675913539983,6.114153752430374,0,0,0,0,0,SAFE
50.39122972137266,47.08160913916495,2,0,1,0,1,UNSAFE
23.814578959030996,21.953771478606484,1,1,0,0,0,MIXED
27.53469829125008,19.26768922217504,1,1,0,0,0,MIXED
40.34582269158485,16.297823224618433,0,0,0,0,0,SAFE
34.7065097893741,22.805411094965002,0,0,0,0,0,SAFE
30.413137296236954,27.416372628987403,1,0,0,0,1,MIXED
38.72599754711854,0.9730932259691034,1,0,0,1,0,MIXED
54.75949458672559,14.32657347190847,1,0,1,0,0,MIXED
57.26108776353621,27.213561293133424,2,0,1,0,1,UNSAFE
35.61483436170852,14.15010199063251,0,0,0,0,0,SAFE
42.96830351730859,30.263031999864396,1,0,0,0,1,MIXED
45.50014170693692,16.762926210964594,0,0,0,0,0,SAFE
40.40096330321354,14.494429641453609,0,0,0,0,0,SAFE
52.436736685426595,15.037053507974743,1,0,1,0,0,MIXED
38.8400218296146,9.354928343863131,0,0,0,0,0,SAFE
37.569878769310705,0.9790400395723502,1,0,0,1,0,MIXED
35.99699753338817,29.98420275650323,1,0,0,0,1,MIXED
40.34720591546003,22.044116685560983,0,0,0,0,0,SAFE
22.169947856793325,20.68311308965879,1,1,0,0,0,MIXED
40.70917836504709,10.185599771094912,0,0,0,0,0,SAFE
43.44767965936905,10.041747461879723,0,0,0,0,0,SAFE
25.009000640893152,24.222479411719373,1,1,0,0,0,MIXED
43.94414049078554,11.860575452521482,0,0,0,0,0,SAFE
34.2705170234205,0.30142483892865,1,0,0,1,0,MIXED
43.79114165654446,31.13440960225359,1,0,0,0,1,MIXED
43.625331813928305,1.1723839390717394,1,0,0,1,0,MIXED
43.80093381630722,14.46657037753272,0,0,0,0,0,SAFE
48.91234900859384,21.067331774117264,0,0,0,0,0,SAFE
18.11341972712061,20.452422044284567,1,1,0,0,0,MIXED
33.97216472396733,0.7827125855130106,1,0,0,1,0,MIXED
40.49221271701149,19.109711090300117,0,0,0,0,0,SAFE
28.874123117705405,22.045764170575517,1,1,0,0,0,MIXED
48.1067107802528,15.469761962994978,0,0,0,0,0,SAFE
35.05901095818361,5.206219958107081,0,0,0,0,0,SAFE
50.20745705264182,-0.1122268649590481,2,0,1,1,0,UNSAFE
50.51576368655343,13.348008408695634,1,0,1,0,0,MIXED
41.233324002857145,-2.08087705413325,1,0,0,1,0,MIXED
40.82626695897131,21.13585516011376,0,0,0,0,0,SAFE
31.30871929718415,19.986358672518456,0,0,0,0,0,SAFE
42.712098029432184,8.562443861676932,0,0,0,0,0,SAFE
48.83738469193044,-7.022567689785561,1,0,0,1,0,MIXED
44.77344598994967,31.19435158073292,1,0,0,0,1,MIXED
53.51954511280529,18.898067205385225,1,0,1,0,0,MIXED
39.58655379095323,8.641974434523691,0,0,0,0,0,SAFE
39.576593648754866,20.438072479179063,0,0,0,0,0,SAFE
35.54204955632467,22.57423818050381,0,0,0,0,0,SAFE
59.06528414402659,14.38116764872605,1,0,1,0,0,MIXED
31.24484157373356,1.5525525368358721,1,0,0,1,0,MIXED
48.212524413692606,14.402538210395564,0,0,0,0,0,SAFE
49.014647168512425,9.663657508406505,0,0,0,0,0,SAFE
48.64498838031865,13.417008265502746,0,0,0,0,0,SAFE
36.139967557408404,10.990015211976155,0,0,0,0,0,SAFE
32.42356515661411,34.893595585816115,1,0,0,0,1,MIXED
41.2289454915321,21.44514088682196,0,0,0,0,0,SAFE
37.70504693703361,4.480721780201769,1,0,0,1,0,MIXED
40.128955912656515,26.011925333791986,1,0,0,0,1,MIXED
37.83414566881373,6.294680272705847,0,0,0,0,0,SAFE
43.24371395495315,19.99022600717744,0,0,0,0,0,SAFE
55.14278535082546,18.53750478372495,1,0,1,0,0,MIXED
47.15194142824988,22.192752369203216,0,0,0,0,0,SAFE
32.77587694453896,5.366679295304557,0,0,0,0,0,SAFE
33.328829683154794,1.6785424430835434,1,0,0,1,0,MIXED
48.36367899896323,17.900500916637554,0,0,0,0,0,SAFE
42.63596850473159,-10.0,1,0,0,1,0,MIXED
58.44381486894895,6.057279958464443,1,0,1,0,0,MIXED
58.41450204751166,0.5075851934868396,2,0,1,1,0,UNSAFE
35.5007907315477,-7.028493825096298,1,0,0,1,0,MIXED
44.89699980754158,3.9874317918876763,1,0,0,1,0,MIXED
33.41599876721317,1.2748578282560263,1,0,0,1,0,MIXED
48.2188405019029,22.11463651567547,0,0,0,0,0,SAFE
56.49627112863028,8.142933789270266,1,0,1,0,0,MIXED
43.7505549683744,2.1066480259804834,1,0,0,1,0,MIXED
39.31968781811746,9.811546867188223,0,0,0,0,0,SAFE
45.71559965996337,25.17021806418191,1,0,0,0,1,MIXED
49.928533526652,6.5718772778238925,0,0,0,0,0,SAFE
49.987743236983995,14.55914862892203,0,0,0,0,0,SAFE
39.40322483282388,7.914885131810816,0,0,0,0,0,SAFE
37.520513645107584,32.42313846196233,1,0,0,0,1,MIXED
44.45928613195219,16.74611847501205,0,0,0,0,0,SAFE
39.90202513170443,39.459786114380286,1,0,0,0,1,MIXED
52.4400839107714,7.7893788520120735,1,0,1,0,0,MIXED
39.811079562363005,12.857554566290897,0,0,0,0,0,SAFE
43.166975826260796,7.987740073685647,0,0,0,0,0,SAFE
45.51053218689357,29.520881320393144,1,0,0,0,1,MIXED
31.490975127966692,3.7185326290793306,1,0,0,1,0,MIXED
38.13473155762154,10.632044398921703,0,0,0,0,0,SAFE
57.98772699796744,25.017092200148387,2,0,1,0,1,UNSAFE
49.55457881694611,12.356343064865996,0,0,0,0,0,SAFE
39.70949274570549,0.4829458623460141,1,0,0,1,0,MIXED
48.25392182438254,19.910546048087856,0,0,0,0,0,SAFE
52.28797891742627,12.891702866438326,1,0,1,0,0,MIXED
40.86576683039682,16.700455285606356,0,0,0,0,0,SAFE
49.135180604056764,0.29784377902521086,1,0,0,1,0,MIXED
47.888449069907,14.795044378271694,0,0,0,0,0,SAFE
33.53090185637043,-5.846057526540665,1,0,0,1,0,MIXED
40.908210304973174,29.4771298327407,1,0,0,0,1,MIXED
55.397477333931164,18.553762106700965,1,0,1,0,0,MIXED
57.69604531073798,14.570589170432552,1,0,1,0,0,MIXED
49.62642841314225,10.487691110935728,0,0,0,0,0,SAFE
37.883209285726814,8.224908831193638,0,0,0,0,0,SAFE
25.5157684230055,27.870922599469118,2,1,0,0,1,UNSAFE
36.86694048689587,6.985612202448037,0,0,0,0,0,SAFE
32.560226547098594,12.95640563463717,0,0,0,0,0,SAFE
56.10793848447794,35.93778850822717,2,0,1,0,1,UNSAFE
28.713064993583334,11.455520040237177,1,1,0,0,0,MIXED
33.72513783925041,24.8833774121152,0,0,0,0,0,SAFE
44.29274837835141,8.63430672620165,0,0,0,0,0,SAFE
42.580584644728155,10.225813785922915,0,0,0,0,0,SAFE
54.913968754999175,20.469595150160384,1,0,1,0,0,MIXED
47.3585873673315,-10.0,1,0,0,1,0,MIXED
41.465690569369514,35.83210959059034,1,0,0,0,1,MIXED
52.60903256029347,-3.470895859203033,2,0,1,1,0,UNSAFE
39.49259333853125,2.9848053408127857,1,0,0,1,0,MIXED
55.68881248290296,17.442782822759085,1,0,1,0,0,MIXED
35.85763552214851,15.34157943540789,0,0,0,0,0,SAFE
21.14107576745213,4.150386965434233,2,1,0,1,0,UNSAFE
42.291549806610476,23.456753684533226,0,0,0,0,0,SAFE
26.469487035221274,11.188446922975707,1,1,0,0,0,MIXED
50.07748590815058,0.48546675626727875,2,0,1,1,0,UNSAFE
43.833462678273385,15.659745031060034,0,0,0,0,0,SAFE
55.715042562852815,12.698638068883623,1,0,1,0,0,MIXED
40.62719521299944,23.549597531646885,0,0,0,0,0,SAFE
31.389210655605243,12.791167934491414,0,0,0,0,0,SAFE
38.35419991327591,13.610881872948998,0,0,0,0,0,SAFE
48.787251591702706,20.54161485082173,0,0,0,0,0,SAFE
36.01054153177059,16.366992033272126,0,0,0,0,0,SAFE
53.92353291280419,6.686343012026947,1,0,1,0,0,MIXED
43.1613342431761,13.068393230613715,0,0,0,0,0,SAFE
41.495959873305786,-1.3065762224940087,1,0,0,1,0,MIXED
53.28610283449763,7.256480991118167,1,0,1,0,0,MIXED
50.20857576122826,8.78623391952489,1,0,1,0,0,MIXED
36.99596278483392,27.13123250465467,1,0,0,0,1,MIXED
49.95107682782339,17.08665898963983,0,0,0,0,0,SAFE
48.08920439845056,12.114472197436001,0,0,0,0,0,SAFE
41.93305897824888,8.38375607536181,0,0,0,0,0,SAFE
49.23251959440208,8.065866688326476,0,0,0,0,0,SAFE
53.88125075950282,11.841658316801755,1,0,1,0,0,MIXED
42.164068512130676,22.587280206543344,0,0,0,0,0,SAFE
42.19091536951666,12.020916857146897,0,0,0,0,0,SAFE
41.75981241753223,23.93818353557584,0,0,0,0,0,SAFE
36.697182222906356,13.737629927267353,0,0,0,0,0,SAFE
42.0822938186998,23.645851955276562,0,0,0,0,0,SAFE
41.20123700902851,33.08299094493722,1,0,0,0,1,MIXED
40.74769137827924,12.6231636159472,0,0,0,0,0,SAFE
40.63174302705815,1.8335857134198985,1,0,0,1,0,MIXED
33.70618522593052,9.693331102609068,0,0,0,0,0,SAFE
51.08663879080104,14.668739406379899,1,0,1,0,0,MIXED
38.12284648307435,27.265347456065953,1,0,0,0,1,MIXED
54.409417063138086,27.553824609077605,2,0,1,0,1,UNSAFE
35.17528002211874,10.047513798063441,0,0,0,0,0,SAFE
56.50988856251775,17.41139692000022,1,0,1,0,0,MIXED
39.85898348083137,22.18347961330837,0,0,0,0,0,SAFE
50.0583925388649,9.285504290717356,1,0,1,0,0,MIXED
43.75551966895945,24.265600692170587,0,0,0,0,0,SAFE
32.71770283232117,15.123454574261398,0,0,0,0,0,SAFE
33.08488277559428,5.164195030731891,0,0,0,0,0,SAFE
37.495199380157565,19.771195378794705,0,0,0,0,0,SAFE
39.42381897089492,8.515818750315939,0,0,0,0,0,SAFE
42.412436506599676,3.5303727173357036,1,0,0,1,0,MIXED
45.43042574267128,26.3138676195831,1,0,0,0,1,MIXED
41.366367672095905,12.973510066997918,0,0,0,0,0,SAFE
44.987522825724554,-5.284694188315449,1,0,0,1,0,MIXED
46.29453965278294,46.01885803744864,1,0,0,0,1,MIXED
41.018590231082236,13.808749662836693,0,0,0,0,0,SAFE
47.94885600079747,31.453326681979622,1,0,0,0,1,MIXED
49.799742755473076,-6.556068785835507,1,0,0,1,0,MIXED
46.50719070130197,40.719301452416744,1,0,0,0,1,MIXED
46.97952837407572,3.453980867282505,1,0,0,1,0,MIXED
44.25463699534891,2.1931274865893293,1,0,0,1,0,MIXED
51.862429514150875,5.4411741197207455,1,0,1,0,0,MIXED
42.59394907753619,6.422199980081523,0,0,0,0,0,SAFE
37.62841553961607,29.86150645860495,1,0,0,0,1,MIXED
42.82765731914958,9.407975262742799,0,0,0,0,0,SAFE
32.83817623290622,-3.7170148639943648,1,0,0,1,0,MIXED
31.989754931818506,16.11959241444378,0,0,0,0,0,SAFE
49.84187014978131,9.396485075777989,0,0,0,0,0,SAFE
54.56434880575212,7.8249957777177315,1,0,1,0,0,MIXED
40.09590621696096,4.20423279662748,1,0,0,1,0,MIXED
49.92609387654285,35.975106140445675,1,0,0,0,1,MIXED
27.905464312510418,11.538379313653017,1,1,0,0,0,MIXED
52.11823877640028,0.530544785743988,2,0,1,1,0,UNSAFE
46.53347125576869,27.214722002075707,1,0,0,0,1,MIXED
42.6258305148547,20.502630709401327,0,0,0,0,0,SAFE
56.08721908902086,34.48426554101147,2,0,1,0,1,UNSAFE
41.50426229572414,9.676221507007668,0,0,0,0,0,SAFE
34.640159111410426,24.769641504287126,0,0,0,0,0,SAFE
31.025795537672252,12.474259620087977,0,0,0,0,0,SAFE
42.82151816763573,9.969974872812454,0,0,0,0,0,SAFE
44.23856212015299,40.64513318292758,1,0,0,0,1,MIXED
41.02721127722766,10.645943725726104,0,0,0,0,0,SAFE
50.122654595054826,17.39583644145522,1,0,1,0,0,MIXED
53.51468616969101,16.646876198197184,1,0,1,0,0,MIXED
40.012614336231735,-2.837248880945552,1,0,0,1,0,MIXED
29.04212244950608,-3.356986904271025,2,1,0,1,0,UNSAFE
45.03471333027392,1.3775052013254037,1,0,0,1,0,MIXED
52.04461892735506,15.302465648559537,1,0,1,0,0,MIXED
40.04650464718665,6.561449247956618,0,0,0,0,0,SAFE
46.97806998616165,6.955021804575885,0,0,0,0,0,SAFE
34.11697596744095,26.883499206053486,1,0,0,0,1,MIXED
44.83696928620018,12.650705717517278,0,0,0,0,0,SAFE
47.131463877869734,15.089318731106987,0,0,0,0,0,SAFE
45.06410520361347,6.83152097624545,0,0,0,0,0,SAFE
58.56318887128498,9.20380032323775,1,0,1,0,0,MIXED
54.448130615599815,13.111311506955236,1,0,1,0,0,MIXED
48.4567769252397,22.342234990261364,0,0,0,0,0,SAFE
51.174814041200364,6.593762928358553,1,0,1,0,0,MIXED
50.605083210230895,33.4643985091144,2,0,1,0,1,UNSAFE
39.93045616606514,15.347060671421223,0,0,0,0,0,SAFE
37.812426860158766,11.535637478149,0,0,0,0,0,SAFE
55.691382391459925,4.957654738697958,2,0,1,1,0,UNSAFE
34.46304942519382,31.10900936414377,1,0,0,0,1,MIXED
46.9963874071069,36.20370249042524,1,0,0,0,1,MIXED
38.39649089739317,16.262811372375694,0,0,0,0,0,SAFE
36.714584449825566,16.43301168647696,0,0,0,0,0,SAFE
27.80722642172557,21.84954556655008,1,1,0,0,0,MIXED
44.58779266793871,14.42445337534081,0,0,0,0,0,SAFE
38.877085403202685,6.052460126319005,0,0,0,0,0,SAFE
47.821703296262086,3.2891001429659354,1,0,0,1,0,MIXED
46.095167296393946,35.74451394809458,1,0,0,0,1,MIXED
53.88417190915439,-0.051279426706532405,2,0,1,1,0,UNSAFE
37.70609551725358,19.214507405553377,0,0,0,0,0,SAFE
41.4377446238852,1.0059428171757894,1,0,0,1,0,MIXED
45.08252761178793,14.899831048837006,0,0,0,0,0,SAFE
57.314603268830254,12.467712973825533,1,0,1,0,0,MIXED
51.344027082612726,2.3291159687002434,2,0,1,1,0,UNSAFE
33.775925616827934,22.2166195980949,0,0,0,0,0,SAFE
50.669846244858995,5.426072739256076,1,0,1,0,0,MIXED
42.19261925187129,1.1842082647092216,1,0,0,1,0,MIXED
40.55024138955616,23.36922785624126,0,0,0,0,0,SAFE
38.52033200691084,12.509652940561972,0,0,0,0,0,SAFE
32.961636813631586,8.516415863750742,0,0,0,0,0,SAFE
56.06488732971471,15.72924891717133,1,0,1,0,0,MIXED
33.981537866795215,11.852280500820083,0,0,0,0,0,SAFE
29.2205790306675,4.858403078597878,2,1,0,1,0,UNSAFE
52.882717912371625,13.57517575613395,1,0,1,0,0,MIXED
57.12584140880965,14.046521615039442,1,0,1,0,0,MIXED
41.712170430468035,21.408941585421232,0,0,0,0,0,SAFE
20.61929934224479,17.04939323653575,1,1,0,0,0,MIXED
41.608108095512385,29.860388935151473,1,0,0,0,1,MIXED
49.71743515330894,3.663083144531994,1,0,0,1,0,MIXED
51.93710894902064,12.376854744190048,1,0,1,0,0,MIXED
34.76437418963164,16.971032508712025,0,0,0,0,0,SAFE
40.37784515468945,30.384653140285238,1,0,0,0,1,MIXED
44.72497622792968,17.056589208860057,0,0,0,0,0,SAFE
49.20517666284352,25.92871618092712,1,0,0,0,1,MIXED
48.268840754378395,29.194634728149538,1,0,0,0,1,MIXED
46.86945930331031,16.67651464726702,0,0,0,0,0,SAFE
51.91337649670423,14.091038599178614,1,0,1,0,0,MIXED
42.26597213075729,32.215769172969146,1,0,0,0,1,MIXED
54.97539302364185,14.918241930766772,1,0,1,0,0,MIXED
38.37158738155507,29.631735002084984,1,0,0,0,1,MIXED
48.403346863321715,18.15581254197363,0,0,0,0,0,SAFE
39.42501831848044,18.31696578714594,0,0,0,0,0,SAFE
41.82633232089838,8.356618204270042,0,0,0,0,0,SAFE
43.03233862869788,17.654240456396074,0,0,0,0,0,SAFE
38.99683946463815,24.038256886095176,0,0,0,0,0,SAFE
52.310659138487914,24.698976936554125,1,0,1,0,0,MIXED
39.79001291828804,22.55821504188372,0,0,0,0,0,SAFE
42.62369117968032,2.6425402143404835,1,0,0,1,0,MIXED
47.381835027981964,16.46131640956948,0,0,0,0,0,SAFE
62.74838401655446,29.5727086327856,2,0,1,0,1,UNSAFE
47.68920125547619,17.491705012881795,0,0,0,0,0,SAFE
43.309778040464145,4.963105963668923,1,0,0,1,0,MIXED
28.088102182400714,6.2744089091843485,1,1,0,0,0,MIXED
41.61826385463656,-6.055392782089839,1,0,0,1,0,MIXED
37.64542566181801,12.52386966875574,0,0,0,0,0,SAFE
40.276587572116334,8.382764018118554,0,0,0,0,0,SAFE
39.267889484948796,32.23893828123862,1,0,0,0,1,MIXED
47.297162251924824,9.396992231018503,0,0,0,0,0,SAFE
41.45321769310429,14.716866643477331,0,0,0,0,0,SAFE
35.85635653007879,7.308697822561454,0,0,0,0,0,SAFE
50.084192162613704,10.80215622483184,1,0,1,0,0,MIXED
33.24242890375303,14.568596559305574,0,0,0,0,0,SAFE
42.94407802503299,-4.727042241938353,1,0,0,1,0,MIXED
41.674029137462455,23.679799343482603,0,0,0,0,0,SAFE
45.60983508417466,37.29795115194971,1,0,0,0,1,MIXED
52.00887585849743,29.489340247508537,2,0,1,0,1,UNSAFE
64.40068748731461,22.58156261774598,1,0,1,0,0,MIXED
43.304561663461605,24.73740293431332,0,0,0,0,0,SAFE
37.52610853284005,16.076863194949695,0,0,0,0,0,SAFE
36.81817885537349,18.979845575628815,0,0,0,0,0,SAFE
36.784727295841435,8.130715001382823,0,0,0,0,0,SAFE
45.30778634484403,13.622885592194327,0,0,0,0,0,SAFE
26.579830914266026,0.44443078687910464,2,1,0,1,0,UNSAFE
32.82186806830829,6.170280938860257,0,0,0,0,0,SAFE
45.31538663582911,17.18938847071636,0,0,0,0,0,SAFE
50.52223497359359,22.52801822941771,1,0,1,0,0,MIXED
50.575223649461265,21.083961914591228,1,0,1,0,0,MIXED
43.67743447273192,25.993517422876558,1,0,0,0,1,MIXED
49.3553023339208,18.760953675539913,0,0,0,0,0,SAFE
52.16857496688114,-8.457882425033965,2,0,1,1,0,UNSAFE
39.676294606876404,11.94209534348269,0,0,0,0,0,SAFE
51.221463019852564,30.713949969507695,2,0,1,0,1,UNSAFE
30.398565038317898,29.11167174149276,1,0,0,0,1,MIXED
32.62843851178985,3.5878475443917743,1,0,0,1,0,MIXED
40.12571438138108,11.817935278674154,0,0,0,0,0,SAFE
29.532661762264986,21.49877973492567,1,1,0,0,0,MIXED
47.435219397812816,25.540415961636707,1,0,0,0,1,MIXED
38.53235736177708,14.604172850275514,0,0,0,0,0,SAFE
41.756582680778855,31.879954414684644,1,0,0,0,1,MIXED
19.326041738934254,5.430556510108966,1,1,0,0,0,MIXED
42.044326742334384,4.144297650844971,1,0,0,1,0,MIXED
39.933437141831064,13.739244636300906,0,0,0,0,0,SAFE
36.73851112966025,15.644689261026725,0,0,0,0,0,SAFE
47.02519422206251,12.63733554968998,0,0,0,0,0,SAFE
38.37444212825012,13.342350833461278,0,0,0,0,0,SAFE
41.94050922683528,-2.40319565334422,1,0,0,1,0,MIXED
45.69243134369023,10.489987705532055,0,0,0,0,0,SAFE
52.09228059848841,20.910534756424745,1,0,1,0,0,MIXED
51.36053123375724,4.889962062850916,2,0,1,1,0,UNSAFE
39.028906870500585,2.5754151254259092,1,0,0,1,0,MIXED
36.35847032856539,27.521054245085917,1,0,0,0,1,MIXED
53.89992462337996,3.5186670519554024,2,0,1,1,0,UNSAFE
38.333778653461735,14.238043279760507,0,0,0,0,0,SAFE
46.68484513447825,-2.598102635364924,1,0,0,1,0,MIXED
29.175999347772493,19.896261438724025,1,1,0,0,0,MIXED
26.407691448656607,10.532025938611298,1,1,0,0,0,MIXED
43.296734468470724,19.156659699331172,0,0,0,0,0,SAFE
40.86625523564934,11.342432809524695,0,0,0,0,0,SAFE
48.756566877731835,17.852059263657576,0,0,0,0,0,SAFE
36.82386702438832,15.377228966822383,0,0,0,0,0,SAFE
45.065352181249544,32.182372414513814,1,0,0,0,1,MIXED
48.29058934633264,27.145568559539438,1,0,0,0,1,MIXED
37.11514082960296,9.758170937449973,0,0,0,0,0,SAFE
40.11696005749608,13.56427353361836,0,0,0,0,0,SAFE
33.93580033757688,27.659336265568182,1,0,0,0,1,MIXED
49.066813102070334,11.943221386984927,0,0,0,0,0,SAFE
47.13368519211083,17.22899163003838,0,0,0,0,0,SAFE
47.758623847451,1.5569287647436987,1,0,0,1,0,MIXED
40.83471141442052,14.419614720942047,0,0,0,0,0,SAFE
46.98913679689321,8.715623988178667,0,0,0,0,0,SAFE
22.00055420734083,4.183002823170794,2,1,0,1,0,UNSAFE
41.511616114312744,15.638842255033316,0,0,0,0,0,SAFE
55.469984980999875,20.82746440658099,1,0,1,0,0,MIXED
42.652242233851915,14.676087232185623,0,0,0,0,0,SAFE
50.833467057357545,9.098895478425618,1,0,1,0,0,MIXED
40.87772969807521,4.107418798616983,1,0,0,1,0,MIXED
53.35124838956243,18.924989370016135,1,0,1,0,0,MIXED
36.33981363196843,13.855449896816921,0,0,0,0,0,SAFE
46.07720610565024,12.492810872777245,0,0,0,0,0,SAFE
37.72423502629919,8.457263140156686,0,0,0,0,0,SAFE
44.71169519392892,11.41945720789315,0,0,0,0,0,SAFE
38.36993812189803,1.639382449445943,1,0,0,1,0,MIXED
42.62112461221736,13.187765612080918,0,0,0,0,0,SAFE
39.42681321086428,16.987706774887183,0,0,0,0,0,SAFE
47.98401810188718,22.015654719404687,0,0,0,0,0,SAFE
46.4218280071981,12.593297213642787,0,0,0,0,0,SAFE
37.464013312470065,4.560843586775627,1,0,0,1,0,MIXED
37.25474794129534,15.196500951365696,0,0,0,0,0,SAFE
35.70971102678014,15.96057139117443,0,0,0,0,0,SAFE
34.27634657670509,-1.6099188900702224,1,0,0,1,0,MIXED
48.55524896691836,10.255854046341554,0,0,0,0,0,SAFE
35.30373077420887,4.061528587025617,1,0,0,1,0,MIXED
45.3842877978432,28.74907711467967,1,0,0,0,1,MIXED
38.77540911195084,12.844366253374183,0,0,0,0,0,SAFE
50.57305471911258,-3.104457043583121,2,0,1,1,0,UNSAFE
57.734949143301336,39.44100302326369,2,0,1,0,1,UNSAFE
20.349299764639337,14.02496771083243,1,1,0,0,0,MIXED
36.24842374504349,12.352282290952662,0,0,0,0,0,SAFE
38.65291944307261,23.117590984793583,0,0,0,0,0,SAFE
41.09944074425607,5.890927858000435,0,0,0,0,0,SAFE
40.622518709639,20.147842369624097,0,0,0,0,0,SAFE
32.530229377877745,-1.462336889699806,1,0,0,1,0,MIXED
57.94194240668256,8.575733202915638,1,0,1,0,0,MIXED
40.90117610464382,11.022045941744274,0,0,0,0,0,SAFE
46.38470163265713,32.72789923091044,1,0,0,0,1,MIXED
46.63947073383427,-0.18365147539991078,1,0,0,1,0,MIXED
30.927012583931763,11.010352246730836,0,0,0,0,0,SAFE
39.854134403733866,-2.2195126954660047,1,0,0,1,0,MIXED
48.55472736139552,4.136794421185215,1,0,0,1,0,MIXED
53.946412497006044,33.20632597205721,2,0,1,0,1,UNSAFE
40.01397173894258,19.389726404181847,0,0,0,0,0,SAFE
32.14442222332639,21.236763264791144,0,0,0,0,0,SAFE
38.01446061252504,4.127646784116465,1,0,0,1,0,MIXED
39.685320093976124,10.34251991594637,0,0,0,0,0,SAFE
39.39872477596997,24.49679902816359,0,0,0,0,0,SAFE
35.71753925891414,32.35022999773876,1,0,0,0,1,MIXED
31.399522937397172,31.154302731785954,1,0,0,0,1,MIXED
33.86791502474645,14.989867674633844,0,0,0,0,0,SAFE
38.07843109217584,11.562713284621454,0,0,0,0,0,SAFE
48.41085789084439,29.998267972288104,1,0,0,0,1,MIXED
51.52419763964514,10.951436676581523,1,0,1,0,0,MIXED
43.47404177923643,7.1792212633163786,0,0,0,0,0,SAFE
34.06759749940244,3.5369909427133113,1,0,0,1,0,MIXED
38.499413544126966,17.49605631014942,0,0,0,0,0,SAFE
26.705478721987962,14.536462974192343,1,1,0,0,0,MIXED
54.128200996396195,26.219110690741253,2,0,1,0,1,UNSAFE
37.31852738778667,1.0312709071721393,1,0,0,1,0,MIXED
45.678642451718616,-8.174282502075002,1,0,0,1,0,MIXED
50.88123292706142,12.864125421167595,1,0,1,0,0,MIXED
56.650402564619206,-2.2696548557646565,2,0,1,1,0,UNSAFE
49.345169801662664,13.994911631858015,0,0,0,0,0,SAFE
39.35159574822335,1.3015653478785545,1,0,0,1,0,MIXED
46.76598325369373,21.761373847768578,0,0,0,0,0,SAFE
56.281022415727115,25.080502628605924,2,0,1,0,1,UNSAFE
37.24883736835412,4.961374163824852,1,0,0,1,0,MIXED
31.052068531820908,29.732243456394702,1,0,0,0,1,MIXED
35.77460572577707,29.80229868971307,1,0,0,0,1,MIXED
46.20057632689653,18.299028815939604,0,0,0,0,0,SAFE
39.545053499517614,21.606729130022508,0,0,0,0,0,SAFE
41.87623389730558,11.307867085311896,0,0,0,0,0,SAFE
47.5680382931856,13.560278907788694,0,0,0,0,0,SAFE
35.613321770089385,20.998267754606513,0,0,0,0,0,SAFE
41.48811475497148,19.889100117578046,0,0,0,0,0,SAFE
38.36912113316651,2.9087869531904413,1,0,0,1,0,MIXED
55.8805917001142,30.466114107635743,2,0,1,0,1,UNSAFE
49.07027969009569,11.121893146257268,0,0,0,0,0,SAFE
39.59745621471142,28.823274458964647,1,0,0,0,1,MIXED
39.16935969946069,8.674439636527024,0,0,0,0,0,SAFE
56.977877405091625,14.523223183861276,1,0,1,0,0,MIXED
56.14740262811077,1.0160808930999803,2,0,1,1,0,UNSAFE
46.14547906227602,35.71082599216615,1,0,0,0,1,MIXED
42.23800595727089,12.359955077322038,0,0,0,0,0,SAFE
32.657984659212644,25.823430544352473,1,0,0,0,1,MIXED
35.8389753388745,14.051914406100115,0,0,0,0,0,SAFE
32.12398176165911,30.56894600097433,1,0,0,0,1,MIXED
51.23908248580546,14.68415250786869,1,0,1,0,0,MIXED
32.766808515304575,30.35907049242632,1,0,0,0,1,MIXED
39.07254618362282,3.9479515918248147,1,0,0,1,0,MIXED
27.90305590021965,8.540348681062252,1,1,0,0,0,MIXED
30.362895019760483,8.771791634771754,0,0,0,0,0,SAFE
47.95526986958172,11.245998360247667,0,0,0,0,0,SAFE
44.84554705690969,7.766653404677681,0,0,0,0,0,SAFE
42.52135253091385,34.20900822086021,1,0,0,0,1,MIXED
39.21211137578483,18.844294376196586,0,0,0,0,0,SAFE
29.475782180252494,30.201061224168704,2,1,0,0,1,UNSAFE
38.18234696844108,25.50533649906501,1,0,0,0,1,MIXED
41.01455763392876,21.11579365020806,0,0,0,0,0,SAFE
47.36809941768801,10.47559660487283,0,0,0,0,0,SAFE
50.73525148609482,7.410151360069004,1,0,1,0,0,MIXED
48.223473760220344,11.09794705833469,0,0,0,0,0,SAFE
44.79646358905648,10.38006997645739,0,0,0,0,0,SAFE
42.39980779765276,4.25306298308233,1,0,0,1,0,MIXED
43.98045587751035,15.44187834959586,0,0,0,0,0,SAFE
37.67877156742022,14.449720336097037,0,0,0,0,0,SAFE
43.07203580934328,8.836429467348879,0,0,0,0,0,SAFE
40.96993139416265,4.944480591050791,1,0,0,1,0,MIXED
60.76586431168806,25.591186602081848,2,0,1,0,1,UNSAFE
44.18475284505241,26.72112927476695,1,0,0,0,1,MIXED
26.16598018652978,-10.0,2,1,0,1,0,UNSAFE
38.80567150600075,1.2143585639789105,1,0,0,1,0,MIXED
40.10715580441337,17.05656640594899,0,0,0,0,0,SAFE
49.36331598672489,3.617360157247864,1,0,0,1,0,MIXED
45.197045489280576,15.143896931522326,0,0,0,0,0,SAFE
44.78007447946468,9.802280492464002,0,0,0,0,0,SAFE
53.06508111889696,13.964913515702738,1,0,1,0,0,MIXED
56.19345778803015,7.096113463177764,1,0,1,0,0,MIXED
47.94261871964443,14.403315194394715,0,0,0,0,0,SAFE
39.37806066666589,21.323153404675466,0,0,0,0,0,SAFE
39.60661216648328,-10.0,1,0,0,1,0,MIXED
17.49705501460554,27.72422160284049,2,1,0,0,1,UNSAFE
51.84206766303757,33.873409462559465,2,0,1,0,1,UNSAFE
41.85977401374258,2.0736519800210864,1,0,0,1,0,MIXED
38.64332925879199,15.114245153613128,0,0,0,0,0,SAFE
33.943694205719126,31.485747229738667,1,0,0,0,1,MIXED
59.9160230371499,19.782807007301777,1,0,1,0,0,MIXED
41.91309002641443,2.050330215255677,1,0,0,1,0,MIXED
54.37147116924841,15.763068108490465,1,0,1,0,0,MIXED
39.6866848127151,19.811740886745376,0,0,0,0,0,SAFE
37.314307768086515,16.468751731218184,0,0,0,0,0,SAFE
30.46026519323472,25.87087189252434,1,0,0,0,1,MIXED
41.16471167091461,26.588008606340118,1,0,0,0,1,MIXED
40.39091057726704,13.638002912160216,0,0,0,0,0,SAFE
32.30146057366434,22.597569730181434,0,0,0,0,0,SAFE
34.99328036781527,10.135776268007714,0,0,0,0,0,SAFE
42.008377488660294,16.212241836893565,0,0,0,0,0,SAFE
28.351224478257926,12.691941345119835,1,1,0,0,0,MIXED
48.361841749149704,11.216619654760974,0,0,0,0,0,SAFE
40.20214596629343,16.624060508427267,0,0,0,0,0,SAFE
40.99231653962401,4.694844976123955,1,0,0,1,0,MIXED
41.709231010664766,24.94073170005896,0,0,0,0,0,SAFE
33.59059242186328,11.25518110514182,0,0,0,0,0,SAFE
30.94694940851938,24.41381950490345,0,0,0,0,0,SAFE
41.261134345296966,6.498003663941368,0,0,0,0,0,SAFE
42.73812480114542,2.963997851045473,1,0,0,1,0,MIXED
33.73203574831675,0.39866470148219335,1,0,0,1,0,MIXED
33.4657660995408,28.573375839998064,1,0,0,0,1,MIXED
36.13505334973923,19.662251226514787,0,0,0,0,0,SAFE
35.30958864035263,22.59533745763219,0,0,0,0,0,SAFE
33.79134399254947,15.392279277617565,0,0,0,0,0,SAFE
42.42281047895159,38.278053364265915,1,0,0,0,1,MIXED
47.04340230384132,9.070959856707265,0,0,0,0,0,SAFE
47.48039170920411,36.38174470485208,1,0,0,0,1,MIXED
28.962911276125638,6.575179574312733,1,1,0,0,0,MIXED
40.10481952709365,10.829117728580488,0,0,0,0,0,SAFE
39.337946413361,1.9576773440675694,1,0,0,1,0,MIXED
53.2316484284001,0.7739140152338067,2,0,1,1,0,UNSAFE
40.398297523020005,25.458305917606978,1,0,0,0,1,MIXED
41.75852114283318,5.20605833097231,0,0,0,0,0,SAFE
31.210594749008337,12.700008039722178,0,0,0,0,0,SAFE
35.94376347319627,17.05231091702978,0,0,0,0,0,SAFE
30.788390818206565,23.13035736887622,0,0,0,0,0,SAFE
42.924396185315715,16.89836394352477,0,0,0,0,0,SAFE
53.52861422592014,10.62204501628134,1,0,1,0,0,MIXED
36.19346644213421,9.522363716531268,0,0,0,0,0,SAFE
40.45978744381394,14.090351052086714,0,0,0,0,0,SAFE
35.354418107185815,-5.230852530330591,1,0,0,1,0,MIXED
37.512567992967696,18.5982566628689,0,0,0,0,0,SAFE
43.09006645002794,26.99554469825827,1,0,0,0,1,MIXED
57.643892351710306,22.593337714584685,1,0,1,0,0,MIXED
53.060165139265806,22.6677429226312,1,0,1,0,0,MIXED
55.67919404741907,33.50853634291268,2,0,1,0,1,UNSAFE
49.60932136623141,22.063801464245856,0,0,0,0,0,SAFE
40.35814262450106,14.586627190360902,0,0,0,0,0,SAFE
39.2973013491979,21.21251610895056,0,0,0,0,0,SAFE
36.23721570112521,13.0889379022009,0,0,0,0,0,SAFE
23.1586409185736,32.230898947725095,2,1,0,0,1,UNSAFE
40.236203339309455,19.555804373365767,0,0,0,0,0,SAFE
53.66229355769122,18.002934374411797,1,0,1,0,0,MIXED
53.55474961674745,2.5826218784863304,2,0,1,1,0,UNSAFE
61.179012716781614,25.87110198488766,2,0,1,0,1,UNSAFE
43.67361993989313,29.250793326254453,1,0,0,0,1,MIXED
32.65092091208503,12.113851212305061,0,0,0,0,0,SAFE
53.55400317121904,-3.670601808949648,2,0,1,1,0,UNSAFE
46.48366219967044,20.321761598451538,0,0,0,0,0,SAFE
57.7538065345773,-0.8295541972223646,2,0,1,1,0,UNSAFE
54.877048456253064,9.405292568510973,1,0,1,0,0,MIXED
38.42392432070516,2.779956130402068,1,0,0,1,0,MIXED
33.2971837002646,19.035223474539222,0,0,0,0,0,SAFE
33.101344681749154,22.402843336529155,0,0,0,0,0,SAFE
36.69627162424197,2.869661941513524,1,0,0,1,0,MIXED
37.777526829120845,18.36707191756306,0,0,0,0,0,SAFE
39.78117390455184,15.342101183327983,0,0,0,0,0,SAFE
47.569659694688674,25.824214516169484,1,0,0,0,1,MIXED
39.51923753128455,4.557779844238414,1,0,0,1,0,MIXED
42.60875583138013,19.706495861040718,0,0,0,0,0,SAFE
30.314197552224396,6.09391702992415,0,0,0,0,0,SAFE
36.24650483229647,12.921778112796234,0,0,0,0,0,SAFE
35.91172877098571,22.070407250968998,0,0,0,0,0,SAFE
29.15893438833266,-0.7971869719442459,2,1,0,1,0,UNSAFE
39.3288895079083,13.243471958601432,0,0,0,0,0,SAFE
30.36284901713517,8.932511573524351,0,0,0,0,0,SAFE
38.791649460647285,11.067020529778544,0,0,0,0,0,SAFE
43.21505186631433,8.38421115576438,0,0,0,0,0,SAFE
53.822690400066186,19.88204639733572,1,0,1,0,0,MIXED
35.54309183486942,15.945114933675729,0,0,0,0,0,SAFE
42.99212254884484,27.14721474497781,1,0,0,0,1,MIXED
37.19694056866919,22.673386977205734,0,0,0,0,0,SAFE
42.33483580625982,29.915665164487663,1,0,0,0,1,MIXED
52.327131621115264,16.969793045926004,1,0,1,0,0,MIXED
39.901739031871514,20.066059096794557,0,0,0,0,0,SAFE
40.55639978298267,31.80307105978335,1,0,0,0,1,MIXED
42.627760625416094,10.943573674871628,0,0,0,0,0,SAFE
38.32307931140859,2.8696441480129273,1,0,0,1,0,MIXED
46.45247302474658,6.799887973604974,0,0,0,0,0,SAFE
50.78518601750198,2.070649459984269,2,0,1,1,0,UNSAFE
43.017931591786,26.502237584974537,1,0,0,0,1,MIXED
24.78202348301091,35.18265543792186,2,1,0,0,1,UNSAFE
38.59771842241513,16.410953821621394,0,0,0,0,0,SAFE
46.57159380413075,22.261290561155533,0,0,0,0,0,SAFE
44.191071506077456,24.973845837063678,0,0,0,0,0,SAFE
46.1525657033745,32.608811400323034,1,0,0,0,1,MIXED
46.17862034283678,34.646355198830875,1,0,0,0,1,MIXED
49.208630721901244,-3.0575012576826275,1,0,0,1,0,MIXED
62.88882142710273,9.256558915227812,1,0,1,0,0,MIXED
53.964352121613885,15.267934431194384,1,0,1,0,0,MIXED
50.488722060820635,8.115210891342059,1,0,1,0,0,MIXED
47.0059563447167,12.468094546055946,0,0,0,0,0,SAFE
54.63202489271911,19.38668167417009,1,0,1,0,0,MIXED
49.48754113041253,-6.640768714730704,1,0,0,1,0,MIXED
41.315418561691,19.10551635058296,0,0,0,0,0,SAFE
43.788919251517655,24.611572137178506,0,0,0,0,0,SAFE
39.07276603890036,15.487871050346305,0,0,0,0,0,SAFE
51.44981411531994,-7.78689003445357,2,0,1,1,0,UNSAFE
46.71480401310673,11.661151740064467,0,0,0,0,0,SAFE
34.70145500357103,18.3654422427598,0,0,0,0,0,SAFE
51.81961037446924,25.39143831484181,2,0,1,0,1,UNSAFE
40.91909575274697,23.757409637609484,0,0,0,0,0,SAFE
48.94454318756675,14.126287295068332,0,0,0,0,0,SAFE
36.455355584094335,8.6476596887767,0,0,0,0,0,SAFE
48.702826790945096,14.578531862873094,0,0,0,0,0,SAFE
33.63054224215529,-1.8486283550912503,1,0,0,1,0,MIXED
48.654651616771034,9.532215777357763,0,0,0,0,0,SAFE
44.64310204524785,27.397069070691238,1,0,0,0,1,MIXED
31.52860418517212,14.54862619487155,0,0,0,0,0,SAFE
40.63444683024904,18.797428756279608,0,0,0,0,0,SAFE
51.91327998736348,1.7054818533759217,2,0,1,1,0,UNSAFE
46.558383589646134,25.315237749937012,1,0,0,0,1,MIXED
40.50898348834574,13.625530071068765,0,0,0,0,0,SAFE
45.34759495187938,18.448170778897882,0,0,0,0,0,SAFE
46.65882085893698,20.612805264012167,0,0,0,0,0,SAFE
34.14422155507479,24.902664977049433,0,0,0,0,0,SAFE
51.33426529752191,16.860828936902983,1,0,1,0,0,MIXED
30.046757547602667,13.852542939999093,0,0,0,0,0,SAFE
43.55524701552455,3.5539976221318277,1,0,0,1,0,MIXED
39.118895491383896,0.9063061244145825,1,0,0,1,0,MIXED
46.85833779989155,16.659553149020514,0,0,0,0,0,SAFE
28.833734681486042,18.514648615819805,1,1,0,0,0,MIXED
41.54792842087767,20.164142827544048,0,0,0,0,0,SAFE
38.86774052995658,6.9852059925697585,0,0,0,0,0,SAFE
35.833242988337545,9.618297834515953,0,0,0,0,0,SAFE
42.150600772648374,16.47958465424792,0,0,0,0,0,SAFE
40.474240977535175,10.76680451003481,0,0,0,0,0,SAFE
39.18877385595614,40.07724785506933,1,0,0,0,1,MIXED
35.834198788014334,9.420279914538074,0,0,0,0,0,SAFE
68.35083286694518,19.210133024605526,1,0,1,0,0,MIXED
30.960154672770436,23.426872039772633,0,0,0,0,0,SAFE
34.71968888639082,24.090615078050973,0,0,0,0,0,SAFE
40.31230176503455,10.602041505105927,0,0,0,0,0,SAFE
54.87331975062067,20.66401352659245,1,0,1,0,0,MIXED
49.78391549959366,19.349196795199465,0,0,0,0,0,SAFE
38.44444380965521,21.11354420258208,0,0,0,0,0,SAFE
51.67372314147568,16.347380435175534,1,0,1,0,0,MIXED
56.41314083477205,23.504872032019087,1,0,1,0,0,MIXED
43.6958603981729,17.51486531017818,0,0,0,0,0,SAFE
43.097897031741,2.4876121440500842,1,0,0,1,0,MIXED
41.27942243353116,17.211864853411672,0,0,0,0,0,SAFE
38.67131902986777,18.376770187046947,0,0,0,0,0,SAFE
42.17045992284089,22.736918910987683,0,0,0,0,0,SAFE
47.30489904852585,16.671532875848413,0,0,0,0,0,SAFE
31.062296869584014,32.907227386811705,1,0,0,0,1,MIXED
40.864872011430855,14.191135463048683,0,0,0,0,0,SAFE
39.2598332104049,10.115883439344636,0,0,0,0,0,SAFE
54.35246438400419,28.860443203860797,2,0,1,0,1,UNSAFE
45.555147228621365,13.924998455692746,0,0,0,0,0,SAFE
46.95294388011003,15.737969817693727,0,0,0,0,0,SAFE
40.47821665341521,18.381059215063303,0,0,0,0,0,SAFE
38.47073802443644,17.522642640034324,0,0,0,0,0,SAFE
43.633767404973085,21.029360212579245,0,0,0,0,0,SAFE
37.04690434019513,22.101363528765408,0,0,0,0,0,SAFE
34.74950805639596,9.274333483787613,0,0,0,0,0,SAFE
37.768599526834045,4.279482276263218,1,0,0,1,0,MIXED
50.1252982670853,5.309475238102028,1,0,1,0,0,MIXED
36.408669300746624,27.554077104866423,1,0,0,0,1,MIXED
37.435338385170795,13.118573148619033,0,0,0,0,0,SAFE
33.90376799266771,23.329512076226848,0,0,0,0,0,SAFE
48.773889953528524,22.389459041234467,0,0,0,0,0,SAFE
46.30023862555155,15.735891110194768,0,0,0,0,0,SAFE
37.80498666449613,6.850306933339791,0,0,0,0,0,SAFE
52.31924421409336,22.6480427172659,1,0,1,0,0,MIXED
36.45356618239661,15.398317682231344,0,0,0,0,0,SAFE
39.59907925611989,3.7178929429424983,1,0,0,1,0,MIXED
43.42121101297042,10.845073357608042,0,0,0,0,0,SAFE
34.379706669634515,0.2086744585823812,1,0,0,1,0,MIXED
29.48957199835463,11.285738723053605,1,1,0,0,0,MIXED
41.31924023660068,6.246991898376839,0,0,0,0,0,SAFE
47.20591542125782,14.344534582170377,0,0,0,0,0,SAFE
46.6150824847892,13.170892098122922,0,0,0,0,0,SAFE
35.70305891834315,16.14117571138614,0,0,0,0,0,SAFE
31.89860390385342,20.39438520636648,0,0,0,0,0,SAFE
34.50280634789493,24.18232526533449,0,0,0,0,0,SAFE
39.29235403006468,25.62533516309917,1,0,0,0,1,MIXED
33.019014491293476,8.222302992711796,0,0,0,0,0,SAFE
45.04747957478857,26.70497093426755,1,0,0,0,1,MIXED
55.332871266519376,15.413661636808728,1,0,1,0,0,MIXED
56.70196504629405,12.103354501745695,1,0,1,0,0,MIXED
50.79014097890378,5.578190030406947,1,0,1,0,0,MIXED
45.36160405490603,-8.416930408564454,1,0,0,1,0,MIXED
33.02727190677501,19.66676798080765,0,0,0,0,0,SAFE
31.50048918239581,19.269496107891847,0,0,0,0,0,SAFE
49.25166496649891,9.98679807281722,0,0,0,0,0,SAFE
34.248376354606414,10.258133841452612,0,0,0,0,0,SAFE
34.27350144652652,13.987864419840824,0,0,0,0,0,SAFE
42.81672499910466,11.939898769031913,0,0,0,0,0,SAFE
55.39487392149457,7.805961803130247,1,0,1,0,0,MIXED
53.1314654340425,4.587607636878863,2,0,1,1,0,UNSAFE
42.582220559532395,26.831054085480694,1,0,0,0,1,MIXED
51.05085721802654,10.79742102299765,1,0,1,0,0,MIXED
46.44055776057076,19.211790836642262,0,0,0,0,0,SAFE
37.68048657125808,21.15949937148074,0,0,0,0,0,SAFE
56.89993737641898,19.717006650626306,1,0,1,0,0,MIXED
46.530851032565366,21.721549782007074,0,0,0,0,0,SAFE
30.312187141158876,19.602246732062888,0,0,0,0,0,SAFE
33.86592340129178,9.101130593022003,0,0,0,0,0,SAFE
59.29553424950802,12.4673839034119,1,0,1,0,0,MIXED
36.07860716564618,26.525825789013922,1,0,0,0,1,MIXED
34.41858397726099,10.525808558103229,0,0,0,0,0,SAFE
51.992417343889336,15.427675653079593,1,0,1,0,0,MIXED
29.507223638987767,20.439896143226193,1,1,0,0,0,MIXED
38.82827294362793,30.398514865302452,1,0,0,0,1,MIXED
37.15050441892693,25.512259737259264,1,0,0,0,1,MIXED
56.20558425892571,6.490567761884293,1,0,1,0,0,MIXED
40.45429583393446,18.886252741444505,0,0,0,0,0,SAFE
35.14123397956661,17.702949467078305,0,0,0,0,0,SAFE
40.20063769995206,12.549324284066348,0,0,0,0,0,SAFE
42.391507141664896,15.712647155785643,0,0,0,0,0,SAFE
43.31104615260832,9.011736545432157,0,0,0,0,0,SAFE
37.558626205201975,13.814124111751696,0,0,0,0,0,SAFE
41.64193887011364,10.611506600533833,0,0,0,0,0,SAFE
44.59151713668815,-3.147617486751969,1,0,0,1,0,MIXED
36.156269928728385,12.200721737971454,0,0,0,0,0,SAFE
35.15107850375516,31.29198014808891,1,0,0,0,1,MIXED
42.150894773799614,16.767696782259033,0,0,0,0,0,SAFE
38.13415433627631,14.84221079627039,0,0,0,0,0,SAFE
32.27797228557813,13.301829639049265,0,0,0,0,0,SAFE
34.50393257123395,12.225964152438376,0,0,0,0,0,SAFE
21.520667469580022,3.7199679155647445,2,1,0,1,0,UNSAFE
53.71141123611467,23.303977491075422,1,0,1,0,0,MIXED
52.552314687321854,28.877212696709236,2,0,1,0,1,UNSAFE
47.383899393315815,10.47131314620865,0,0,0,0,0,SAFE
33.70199242987502,26.467446054496968,1,0,0,0,1,MIXED
42.516543795099125,39.94022816381907,1,0,0,0,1,MIXED
39.079216191913964,34.7289585478048,1,0,0,0,1,MIXED
40.74566567443396,28.360485972587004,1,0,0,0,1,MIXED
55.57353389785964,4.770500718192876,2,0,1,1,0,UNSAFE
38.12001537367305,4.670207743014691,1,0,0,1,0,MIXED
32.16044409393421,21.670668505249502,0,0,0,0,0,SAFE
40.42697303800783,15.523663231901363,0,0,0,0,0,SAFE
46.44991307978624,-3.573868337149147,1,0,0,1,0,MIXED
52.29412803165644,11.509058366600824,1,0,1,0,0,MIXED
46.25921044990286,21.20712839228547,0,0,0,0,0,SAFE
52.96637248611073,13.951426122169664,1,0,1,0,0,MIXED
25.010900327656554,15.571276134535609,1,1,0,0,0,MIXED
43.605654865292806,4.657391408598828,1,0,0,1,0,MIXED
43.17992523546351,11.38981565273708,0,0,0,0,0,SAFE
31.257968405739916,21.71484895009284,0,0,0,0,0,SAFE
37.49019879281763,10.936207852629309,0,0,0,0,0,SAFE
38.29936922170332,27.354785974641466,1,0,0,0,1,MIXED
41.67267070581286,15.790998205458216,0,0,0,0,0,SAFE
38.47491076490883,19.628668222549052,0,0,0,0,0,SAFE
52.79454438760537,21.478608174865066,1,0,1,0,0,MIXED
47.49493569067885,21.062302058843457,0,0,0,0,0,SAFE
30.958058853510693,6.238811683008617,0,0,0,0,0,SAFE
40.36010085120699,7.741359575067745,0,0,0,0,0,SAFE
33.48370380195202,-3.721757408705738,1,0,0,1,0,MIXED
31.227766294926873,12.434744426573996,0,0,0,0,0,SAFE
41.44458906544892,7.069462238694245,0,0,0,0,0,SAFE
42.631401701465805,10.661663590916238,0,0,0,0,0,SAFE
50.724588698990786,13.383742359751627,1,0,1,0,0,MIXED
47.570647051213726,17.032137622946927,0,0,0,0,0,SAFE
30.78343168604756,14.093418242628246,0,0,0,0,0,SAFE
32.11500720537053,13.918791617830788,0,0,0,0,0,SAFE
36.03895346215449,18.819630334848082,0,0,0,0,0,SAFE
31.26116530027039,15.147018252794371,0,0,0,0,0,SAFE
46.57932466050555,24.075955693089952,0,0,0,0,0,SAFE
35.88665793692622,15.17750972207175,0,0,0,0,0,SAFE
43.47317578329259,30.47126279542768,1,0,0,0,1,MIXED
30.149359513998903,5.888974549289511,0,0,0,0,0,SAFE
64.43569994188864,12.269027160440253,1,0,1,0,0,MIXED
26.872049520773803,9.17449856651834,1,1,0,0,0,MIXED
19.849014228285103,17.409207124561533,1,1,0,0,0,MIXED
48.47827808222575,5.883376238312469,0,0,0,0,0,SAFE
38.234208621987946,24.236541553689126,0,0,0,0,0,SAFE
27.998276281231437,1.7842878780045446,2,1,0,1,0,UNSAFE
40.17507854627488,7.476651625331816,0,0,0,0,0,SAFE
39.6490648202113,2.362496805934782,1,0,0,1,0,MIXED
43.714507887372065,13.507669148200113,0,0,0,0,0,SAFE
46.39352395386426,17.003995004802924,0,0,0,0,0,SAFE
43.65352057996819,0.5369264546988628,1,0,0,1,0,MIXED
45.940732413158976,11.691335981955579,0,0,0,0,0,SAFE
40.667213538803054,25.482643763908097,1,0,0,0,1,MIXED
36.244515547864836,28.511843284590007,1,0,0,0,1,MIXED
53.555802394984745,22.52784437364372,1,0,1,0,0,MIXED
34.15503351386062,-6.862932456269316,1,0,0,1,0,MIXED
50.63067931407953,16.113850613310795,1,0,1,0,0,MIXED
36.0384202334283,26.735623437556026,1,0,0,0,1,MIXED
35.107528952977525,10.758447417690572,0,0,0,0,0,SAFE
46.199122914535955,3.8639716838512257,1,0,0,1,0,MIXED
41.12415272314346,25.891371839133615,1,0,0,0,1,MIXED
43.68888594896904,27.474263368236805,1,0,0,0,1,MIXED
51.068818864047984,15.077383344216194,1,0,1,0,0,MIXED
23.306068989140893,3.9422770478469342,2,1,0,1,0,UNSAFE
48.10667289907592,-0.5025142028528702,1,0,0,1,0,MIXED
39.3864592913044,18.384806136890322,0,0,0,0,0,SAFE
53.75656556609208,9.249803035455859,1,0,1,0,0,MIXED
36.852098327334964,14.475542335044995,0,0,0,0,0,SAFE
44.80730375848082,13.45753172603906,0,0,0,0,0,SAFE
50.394146791086484,7.008561669715281,1,0,1,0,0,MIXED
42.96128746703235,19.45212710247019,0,0,0,0,0,SAFE
38.798137520753144,23.397099365599665,0,0,0,0,0,SAFE
43.19166832993879,22.88845713152274,0,0,0,0,0,SAFE
43.55283286439066,18.76404571487228,0,0,0,0,0,SAFE
36.94086594520516,8.692282948087765,0,0,0,0,0,SAFE
51.79517183943021,21.355104445203324,1,0,1,0,0,MIXED
33.81627867022078,16.808634246548316,0,0,0,0,0,SAFE
23.009791571716594,9.260598363005833,1,1,0,0,0,MIXED
49.688221412959244,13.748544112888405,0,0,0,0,0,SAFE
42.94330135732825,-10.0,1,0,0,1,0,MIXED
38.86197105491079,18.382722238272123,0,0,0,0,0,SAFE
45.72231900318672,24.623557113343644,0,0,0,0,0,SAFE
40.31793798581258,13.343441873758508,0,0,0,0,0,SAFE
31.3430605647211,12.95478460826802,0,0,0,0,0,SAFE
31.90739950081761,-3.4787011980541678,1,0,0,1,0,MIXED
33.31856503911537,30.086849078039712,1,0,0,0,1,MIXED
39.83551038789379,17.198773630233656,0,0,0,0,0,SAFE
37.89202999041555,-2.9055101945189747,1,0,0,1,0,MIXED
49.48890499943766,-6.7219813985558865,1,0,0,1,0,MIXED
37.561658585666734,14.453851191499389,0,0,0,0,0,SAFE
43.843917147438844,7.735303954711301,0,0,0,0,0,SAFE
27.296308135560203,6.989067076645618,1,1,0,0,0,MIXED
36.009936099042704,7.269065048449197,0,0,0,0,0,SAFE
49.76046872166083,2.863972218608577,1,0,0,1,0,MIXED
44.407834195505274,16.582970372179158,0,0,0,0,0,SAFE
49.68364061977336,13.668681282630688,0,0,0,0,0,SAFE
48.32904773758047,13.27779861905902,0,0,0,0,0,SAFE
45.475140212678404,-0.029410872472405813,1,0,0,1,0,MIXED
20.89377538967113,18.775468535658533,1,1,0,0,0,MIXED
45.44946500831384,19.755023331518824,0,0,0,0,0,SAFE
37.800539881962564,29.897222522103725,1,0,0,0,1,MIXED
38.32097747410383,19.208790196723697,0,0,0,0,0,SAFE
46.75708980003263,32.1874015974911,1,0,0,0,1,MIXED
39.46376304168133,8.468070937708472,0,0,0,0,0,SAFE
30.014836924677414,30.52367006662473,1,0,0,0,1,MIXED
45.37128725638832,19.53061105894302,0,0,0,0,0,SAFE
66.93363393059136,18.250447411862993,1,0,1,0,0,MIXED
31.581428759199742,13.040964250070239,0,0,0,0,0,SAFE
34.201740729210776,11.041316054172276,0,0,0,0,0,SAFE
38.779283177963144,9.129756089329504,0,0,0,0,0,SAFE
30.853739957156826,30.925016336722962,1,0,0,0,1,MIXED
44.39078435550715,12.745279652997617,0,0,0,0,0,SAFE
48.061102636125945,19.71067274849391,0,0,0,0,0,SAFE
44.20552586193638,21.849980727668267,0,0,0,0,0,SAFE
43.07147795006925,21.702214569915913,0,0,0,0,0,SAFE
48.0248984070222,16.62718735032803,0,0,0,0,0,SAFE
40.236844052031074,30.303978014539087,1,0,0,0,1,MIXED
38.176787681812534,18.913136004273458,0,0,0,0,0,SAFE
45.311267285912535,8.904421477363645,0,0,0,0,0,SAFE
35.53742091750805,11.461479791301489,0,0,0,0,0,SAFE
38.06226517459514,0.4186943836113457,1,0,0,1,0,MIXED
36.788039339845795,17.66222984634562,0,0,0,0,0,SAFE
52.12754867318879,20.543913351736332,1,0,1,0,0,MIXED
21.203724013038094,21.413037147573277,1,1,0,0,0,MIXED
37.53478571283426,19.53080074687763,0,0,0,0,0,SAFE
41.88691792631498,13.073123739131722,0,0,0,0,0,SAFE
41.18211417630287,14.7757569173022,0,0,0,0,0,SAFE
52.75523977672195,14.803398129149127,1,0,1,0,0,MIXED
50.684289065449605,24.39905865845657,1,0,1,0,0,MIXED
47.336364380669224,-2.866188201296776,1,0,0,1,0,MIXED
50.933061249292855,10.42098705864412,1,0,1,0,0,MIXED
47.72581824859818,5.2746716675958645,0,0,0,0,0,SAFE
32.51940765357395,34.76388736831199,1,0,0,0,1,MIXED
34.34413546529508,26.461066390517473,1,0,0,0,1,MIXED
42.94736257149217,10.798799416398285,0,0,0,0,0,SAFE
41.64136892535835,1.9890550346868885,1,0,0,1,0,MIXED
41.889964963126154,4.172596861040406,1,0,0,1,0,MIXED
38.836449645488116,24.25299563969576,0,0,0,0,0,SAFE
44.03352541246126,0.17829501119478408,1,0,0,1,0,MIXED
48.811905015310955,14.929002380908575,0,0,0,0,0,SAFE
37.66251785272529,22.466763039089308,0,0,0,0,0,SAFE
40.66234530418398,3.343386600942873,1,0,0,1,0,MIXED
56.78247769159684,14.827125571090123,1,0,1,0,0,MIXED
41.348918364142264,10.9489482826941,0,0,0,0,0,SAFE
51.439725915660716,9.751214918579599,1,0,1,0,0,MIXED
29.640161129507163,8.213223381040216,1,1,0,0,0,MIXED
52.614196803638336,23.321321614571175,1,0,1,0,0,MIXED
39.95987477872111,28.73255141640474,1,0,0,0,1,MIXED
47.98353783057506,12.334106363653934,0,0,0,0,0,SAFE
40.67272115919136,18.29317731945434,0,0,0,0,0,SAFE
35.34490440268947,15.04505065509351,0,0,0,0,0,SAFE
44.46810691690632,-1.8696623860853983,1,0,0,1,0,MIXED
40.485437419456815,11.969438146343117,0,0,0,0,0,SAFE
50.22454415968258,-3.44496993811034,2,0,1,1,0,UNSAFE
38.947951842370315,10.18245352635413,0,0,0,0,0,SAFE
49.6805677113728,14.564534306351073,0,0,0,0,0,SAFE
56.36875716521895,21.622133819063865,1,0,1,0,0,MIXED
38.718216046483846,17.396586965589588,0,0,0,0,0,SAFE
39.16744952504433,23.5939609049042,0,0,0,0,0,SAFE
31.342418293671905,6.763040234286667,0,0,0,0,0,SAFE
45.64551934843937,27.25756448723621,1,0,0,0,1,MIXED
24.38425123088641,28.744712159904157,2,1,0,0,1,UNSAFE
40.87891897257595,-3.8387496193716295,1,0,0,1,0,MIXED
17.986177264885292,-0.2938606580827958,2,1,0,1,0,UNSAFE
41.84236115323679,14.341019621911155,0,0,0,0,0,SAFE
47.06560347767448,9.505128224390365,0,0,0,0,0,SAFE
33.13567562843063,10.869136123391069,0,0,0,0,0,SAFE
42.26888229529262,17.307727949552774,0,0,0,0,0,SAFE
35.686682405820754,24.014467003353595,0,0,0,0,0,SAFE
37.02882582620773,6.3028263767509625,0,0,0,0,0,SAFE
37.66086792425368,25.748401757026073,1,0,0,0,1,MIXED
40.93762837647473,8.054864969302281,0,0,0,0,0,SAFE
49.40886200358835,36.427485399487466,1,0,0,0,1,MIXED
43.67746107447158,27.338424608654336,1,0,0,0,1,MIXED
50.288623604598314,8.94360248341667,1,0,1,0,0,MIXED
42.21307344380986,2.174553702960127,1,0,0,1,0,MIXED
40.36046186910692,8.73809630874276,0,0,0,0,0,SAFE
38.77691234259492,7.501049686196634,0,0,0,0,0,SAFE
39.70322553443546,20.322326862649142,0,0,0,0,0,SAFE
41.04406471648004,-3.6437319775538555,1,0,0,1,0,MIXED
36.03103548081211,-0.19399352558252403,1,0,0,1,0,MIXED
43.95248180785414,20.033173640541875,0,0,0,0,0,SAFE
44.05238577483332,7.125956067006126,0,0,0,0,0,SAFE
43.97483143304973,10.298857442311249,0,0,0,0,0,SAFE
32.89419640199798,22.419299197089302,0,0,0,0,0,SAFE
48.54422202979018,24.48895481083506,0,0,0,0,0,SAFE
37.13321119974035,26.79362312693079,1,0,0,0,1,MIXED
38.05134198937546,21.53501321538513,0,0,0,0,0,SAFE
37.912698705866596,12.760178362542291,0,0,0,0,0,SAFE
22.630577140886484,11.980867855830844,1,1,0,0,0,MIXED
42.72871973428022,10.899503826361613,0,0,0,0,0,SAFE
56.04950454468111,3.375339146747237,2,0,1,1,0,UNSAFE
37.49135010316859,5.951273900141468,0,0,0,0,0,SAFE
37.48978416803623,25.31413062940705,1,0,0,0,1,MIXED
53.82425435461571,7.992073890810582,1,0,1,0,0,MIXED
36.215939658214374,3.428713514060851,1,0,0,1,0,MIXED
52.45028309215443,26.210044069163025,2,0,1,0,1,UNSAFE
41.1521456000897,1.0390080369312003,1,0,0,1,0,MIXED
31.546699476349986,16.706294503845932,0,0,0,0,0,SAFE
46.39470334757199,-5.661448050211483,1,0,0,1,0,MIXED
39.42952071569694,31.182958895573837,1,0,0,0,1,MIXED
40.25992634695772,29.89638090790624,1,0,0,0,1,MIXED
47.19236903164547,4.157203991646423,1,0,0,1,0,MIXED
39.65862965318515,13.713057614552971,0,0,0,0,0,SAFE
34.379907455251946,5.301319771890588,0,0,0,0,0,SAFE
54.054148736948484,5.226393803070483,1,0,1,0,0,MIXED
50.62748861126944,10.635155216349837,1,0,1,0,0,MIXED
41.79488536093462,20.618444182385726,0,0,0,0,0,SAFE
37.21153061676257,20.67904313494533,0,0,0,0,0,SAFE
25.628562403612943,19.39707388414637,1,1,0,0,0,MIXED
22.251759003426912,12.731532733015424,1,1,0,0,0,MIXED
48.83394388254793,21.22295306058376,0,0,0,0,0,SAFE
31.612716168304473,3.3033560390648304,1,0,0,1,0,MIXED
36.490623677418924,16.862158623581347,0,0,0,0,0,SAFE
25.744534479650373,14.867764241514418,1,1,0,0,0,MIXED
44.49143499040051,12.169628191290164,0,0,0,0,0,SAFE
46.202567744424414,17.23724158326204,0,0,0,0,0,SAFE
37.666765924808836,-4.3618936025949,1,0,0,1,0,MIXED
43.067304652566584,5.469246347700222,0,0,0,0,0,SAFE
37.37325900110764,19.791242179630856,0,0,0,0,0,SAFE
53.33866706747481,14.61939876557991,1,0,1,0,0,MIXED
46.43251869156696,0.5552065884710942,1,0,0,1,0,MIXED
43.96418864796028,14.400940623228376,0,0,0,0,0,SAFE
51.83382064500945,9.595415239712434,1,0,1,0,0,MIXED
40.06689906270103,25.588144671327946,1,0,0,0,1,MIXED
41.263729660842806,3.9115861871273143,1,0,0,1,0,MIXED
62.41306618632098,4.214072366632667,2,0,1,1,0,UNSAFE
41.48239934760381,18.466881560256134,0,0,0,0,0,SAFE
44.14094007224892,13.102562959936012,0,0,0,0,0,SAFE
40.521917035789535,12.650681337120446,0,0,0,0,0,SAFE
33.07252913126902,36.50219214422729,1,0,0,0,1,MIXED
40.24007265829298,20.969309928230956,0,0,0,0,0,SAFE
39.32277713854716,11.452363276445165,0,0,0,0,0,SAFE
38.356450698642796,-0.4984578798925057,1,0,0,1,0,MIXED
40.71503087903385,10.929923456805698,0,0,0,0,0,SAFE
51.372196073478214,3.0329988241548467,2,0,1,1,0,UNSAFE
37.38282257956116,6.015595332459178,0,0,0,0,0,SAFE
53.54024315209447,6.305915551453287,1,0,1,0,0,MIXED
46.49839875780909,24.701614734059802,0,0,0,0,0,SAFE
40.831016708676735,1.2318899905953167,1,0,0,1,0,MIXED
31.086769129890477,23.597640647960795,0,0,0,0,0,SAFE
31.91524784960114,18.920266110599123,0,0,0,0,0,SAFE
42.91479287856477,18.77132484311027,0,0,0,0,0,SAFE
45.772678462767104,5.663292155820983,0,0,0,0,0,SAFE
34.19577456788207,22.149271341004024,0,0,0,0,0,SAFE
36.965243115484824,-10.0,1,0,0,1,0,MIXED
47.19004238307092,4.637387119312317,1,0,0,1,0,MIXED
45.737087023242026,28.928218493169695,1,0,0,0,1,MIXED
42.13409965809558,24.95765831663531,0,0,0,0,0,SAFE
43.23038144428962,30.874293281411475,1,0,0,0,1,MIXED
33.503143129943155,14.917850195835102,0,0,0,0,0,SAFE
47.38529284033174,13.095882429899545,0,0,0,0,0,SAFE
51.217751973221354,10.679604604892194,1,0,1,0,0,MIXED
58.55496921303111,36.22197504272245,2,0,1,0,1,UNSAFE
44.2565759698184,20.52601180354617,0,0,0,0,0,SAFE
51.533371484997105,3.128026010326332,2,0,1,1,0,UNSAFE
31.503999883377674,27.564189138576346,1,0,0,0,1,MIXED
44.191907782983996,12.734947540202104,0,0,0,0,0,SAFE
42.08898642304929,-8.860414723640694,1,0,0,1,0,MIXED
40.47550148434399,7.469532608067764,0,0,0,0,0,SAFE
49.34457306892066,24.95030778384006,0,0,0,0,0,SAFE
46.613441873039285,18.954586487991417,0,0,0,0,0,SAFE
30.021226010237857,20.906430799968742,0,0,0,0,0,SAFE
47.03518356418707,27.4519265376873,1,0,0,0,1,MIXED
58.94567849944158,-1.9256067357160873,2,0,1,1,0,UNSAFE
38.89218539505429,7.577333628423553,0,0,0,0,0,SAFE
43.38005750708059,15.134018582180387,0,0,0,0,0,SAFE
40.12734341535884,25.276043614011737,1,0,0,0,1,MIXED
33.188686310553734,4.588785326073939,1,0,0,1,0,MIXED
33.80619783121566,11.396724125740132,0,0,0,0,0,SAFE
32.17127827270523,14.514285112007295,0,0,0,0,0,SAFE
40.67607844295306,7.1348488600092,0,0,0,0,0,SAFE
48.990130032449564,14.404994717132631,0,0,0,0,0,SAFE
50.50117891225443,13.04950148795568,1,0,1,0,0,MIXED
41.80644089414916,9.372175953182893,0,0,0,0,0,SAFE
41.94362767571612,22.122313061320465,0,0,0,0,0,SAFE
38.709326141837614,20.184119625346643,0,0,0,0,0,SAFE
35.49802431163407,22.590505655222096,0,0,0,0,0,SAFE
37.36075338150458,23.516798732290503,0,0,0,0,0,SAFE
42.48781233946932,30.209537333910635,1,0,0,0,1,MIXED
32.76745818996633,0.23823226688131705,1,0,0,1,0,MIXED
37.070262032195465,1.1538905196568692,1,0,0,1,0,MIXED
30.93812084457378,21.21550760459876,0,0,0,0,0,SAFE
41.96656965269873,10.203190232957411,0,0,0,0,0,SAFE
38.90429922155654,9.027623356736605,0,0,0,0,0,SAFE
55.20295334255235,7.644942923569634,1,0,1,0,0,MIXED
31.422928815333606,22.960506174863276,0,0,0,0,0,SAFE
40.27395501321743,35.38773688817885,1,0,0,0,1,MIXED
37.79035488964692,23.45984179756792,0,0,0,0,0,SAFE
50.65757864479444,9.786641677979963,1,0,1,0,0,MIXED
36.056633856727714,22.413665309309046,0,0,0,0,0,SAFE
46.599135343311445,0.8938989928907333,1,0,0,1,0,MIXED
32.972514909562236,-10.0,1,0,0,1,0,MIXED
46.763094831830415,12.381728068642545,0,0,0,0,0,SAFE
40.702796632197746,-1.9144409770185327,1,0,0,1,0,MIXED
33.21518117528539,10.220410874324338,0,0,0,0,0,SAFE
36.62139519881743,16.178360755176314,0,0,0,0,0,SAFE
46.667745013054514,37.69612569285197,1,0,0,0,1,MIXED
41.839863759752596,26.154026630969454,1,0,0,0,1,MIXED
35.360217784161804,-1.7494631497535593,1,0,0,1,0,MIXED
39.181586826319005,-0.977217178742416,1,0,0,1,0,MIXED
42.11738533735283,7.195458754913348,0,0,0,0,0,SAFE
26.365828905963316,32.36025145860177,2,1,0,0,1,UNSAFE
37.69950629515696,-1.3761930294419784,1,0,0,1,0,MIXED
49.185374324058316,7.713856374607148,0,0,0,0,0,SAFE
50.721328269525294,7.666056653219506,1,0,1,0,0,MIXED
37.67281847789762,18.448317094770466,0,0,0,0,0,SAFE
46.74575504563288,22.684837373405983,0,0,0,0,0,SAFE
41.282070890165365,20.286167215545834,0,0,0,0,0,SAFE
47.96502885538737,17.0056913856685,0,0,0,0,0,SAFE
40.85873509388563,0.5470505176886995,1,0,0,1,0,MIXED
46.79339325423991,15.421736991411509,0,0,0,0,0,SAFE
38.69107318119434,27.7776636359166,1,0,0,0,1,MIXED
30.577330936693475,31.440363153648864,1,0,0,0,1,MIXED
41.82181377092427,18.175181785028983,0,0,0,0,0,SAFE
38.83964708375783,-1.6707291252333007,1,0,0,1,0,MIXED
40.88312081227376,18.347449068927926,0,0,0,0,0,SAFE
47.40980357122075,13.019668015610986,0,0,0,0,0,SAFE
24.459681270364655,-0.41661344582625404,2,1,0,1,0,UNSAFE
58.41615699010635,4.074640162278843,2,0,1,1,0,UNSAFE
53.41639566591367,5.659132625824045,1,0,1,0,0,MIXED
40.54035272217706,21.252082595999042,0,0,0,0,0,SAFE
35.43844442735301,30.922151357590543,1,0,0,0,1,MIXED
42.60582686454729,19.6085084629967,0,0,0,0,0,SAFE
39.859143935846994,21.587202870170906,0,0,0,0,0,SAFE
54.6303419187989,13.687140623767856,1,0,1,0,0,MIXED
55.83770232599389,8.884041916208822,1,0,1,0,0,MIXED
48.11276831481368,19.891143362430498,0,0,0,0,0,SAFE
33.45134341854104,17.138097046373318,0,0,0,0,0,SAFE
42.05892750280298,6.468078237231548,0,0,0,0,0,SAFE
44.864019473553014,16.462895461085175,0,0,0,0,0,SAFE
41.419304421542265,14.314225309413152,0,0,0,0,0,SAFE
41.27991792861104,11.323003787536726,0,0,0,0,0,SAFE
43.11867276011985,8.560857876362196,0,0,0,0,0,SAFE
63.25447593176,0.906667545346842,2,0,1,1,0,UNSAFE
37.322111382124326,9.942578954230594,0,0,0,0,0,SAFE
58.323947314596296,1.798653500225008,2,0,1,1,0,UNSAFE
45.407378383888876,17.4839406504654,0,0,0,0,0,SAFE
44.66881843739638,27.363431626109403,1,0,0,0,1,MIXED
51.72663487797671,10.490431734798825,1,0,1,0,0,MIXED
43.55213959595193,-3.641020321521438,1,0,0,1,0,MIXED
42.79274406817543,7.060105721680809,0,0,0,0,0,SAFE
40.50894059231587,-1.85371864816695,1,0,0,1,0,MIXED
45.2389782937526,-1.9656869557560768,1,0,0,1,0,MIXED
43.18627685433269,2.734944069774505,1,0,0,1,0,MIXED
35.202871718912924,26.547321025451627,1,0,0,0,1,MIXED
46.70334356730898,26.49203137670543,1,0,0,0,1,MIXED
54.477817060010324,7.271612928602352,1,0,1,0,0,MIXED
53.991773299526976,0.3449434382109846,2,0,1,1,0,UNSAFE
47.968802676359225,10.066622854000286,0,0,0,0,0,SAFE
34.55759885888547,21.144698673044424,0,0,0,0,0,SAFE
49.5596122013537,24.15268386646545,0,0,0,0,0,SAFE
43.71887911115834,16.31957301329239,0,0,0,0,0,SAFE
46.21493268559922,18.03764075517191,0,0,0,0,0,SAFE
46.330846716687844,17.039994611107144,0,0,0,0,0,SAFE
48.74227059605091,-1.272078065504278,1,0,0,1,0,MIXED
40.94981219930891,1.1615350615441393,1,0,0,1,0,MIXED
44.21361614083908,31.419301758536978,1,0,0,0,1,MIXED
38.20732174442425,16.272520302972154,0,0,0,0,0,SAFE
48.05189371937311,-5.6772293176652475,1,0,0,1,0,MIXED
37.8231161428465,18.6451565927285,0,0,0,0,0,SAFE
18.8240421947418,5.231915069250286,1,1,0,0,0,MIXED
50.80686378705032,25.02996900450725,2,0,1,0,1,UNSAFE
44.9945458189608,23.821976399431776,0,0,0,0,0,SAFE
43.72083387537171,20.553949074423144,0,0,0,0,0,SAFE
39.47477032927509,16.158126829220926,0,0,0,0,0,SAFE
36.941036908673425,27.634833441823133,1,0,0,0,1,MIXED
54.172475276017614,28.799128006970733,2,0,1,0,1,UNSAFE
38.7351299065771,5.462259606349125,0,0,0,0,0,SAFE
52.2157892860013,20.43907202591413,1,0,1,0,0,MIXED
44.62867473218914,8.663679150548543,0,0,0,0,0,SAFE
45.40531050109412,4.147219403380651,1,0,0,1,0,MIXED
47.07249884863226,28.788866996062104,1,0,0,0,1,MIXED
55.048364351263615,22.08524054109816,1,0,1,0,0,MIXED
30.943827603031025,16.973301309460215,0,0,0,0,0,SAFE
59.1174539524617,6.3138840955771585,1,0,1,0,0,MIXED
41.526547416718266,29.135243518009773,1,0,0,0,1,MIXED
46.93707137658868,39.801563244851046,1,0,0,0,1,MIXED
36.13704493417129,5.10244214259178,0,0,0,0,0,SAFE
51.79300348668139,3.0412137172846414,2,0,1,1,0,UNSAFE
40.42585608945971,14.343534551404234,0,0,0,0,0,SAFE
50.28791578708738,21.14267968025247,1,0,1,0,0,MIXED
45.656519313414904,10.975691220983332,0,0,0,0,0,SAFE
51.72003215265555,55.258240427272646,2,0,1,0,1,UNSAFE
47.53025679138332,15.996722075468364,0,0,0,0,0,SAFE
31.617096232062714,8.625185506828466,0,0,0,0,0,SAFE
40.29031812842157,9.653997597328674,0,0,0,0,0,SAFE
41.87137732378522,32.780160768072875,1,0,0,0,1,MIXED
51.97733533895387,13.411672835317457,1,0,1,0,0,MIXED
32.33376044267312,28.37367642902413,1,0,0,0,1,MIXED
41.60756581230908,-2.265004256023552,1,0,0,1,0,MIXED
47.69944094794429,25.256866842334652,1,0,0,0,1,MIXED
22.592732760522647,6.754453578670965,1,1,0,0,0,MIXED
41.11636790953829,22.345109113086174,0,0,0,0,0,SAFE
37.87402732300663,6.6785809802606355,0,0,0,0,0,SAFE
47.81735399744226,10.316776266858408,0,0,0,0,0,SAFE
46.336437204389576,3.8848434502540936,1,0,0,1,0,MIXED
31.181335846108812,22.55269157570397,0,0,0,0,0,SAFE
44.02015928253771,24.22455733236207,0,0,0,0,0,SAFE
37.739255992628465,7.048946975202549,0,0,0,0,0,SAFE
52.88575110032728,-0.2295876399447021,2,0,1,1,0,UNSAFE
52.011685673445,28.20504707482383,2,0,1,0,1,UNSAFE
48.8807161141286,8.12192482989552,0,0,0,0,0,SAFE
35.467809306197125,12.899442270018005,0,0,0,0,0,SAFE
31.639682585348805,5.383060012464032,0,0,0,0,0,SAFE
47.15787433207237,21.49349114224157,0,0,0,0,0,SAFE
33.60340138772035,21.761219353000747,0,0,0,0,0,SAFE
45.63442644591845,30.098862545771034,1,0,0,0,1,MIXED
46.55309153494017,25.585810537343782,1,0,0,0,1,MIXED
45.81662072744169,24.799291096971878,0,0,0,0,0,SAFE
31.7030627474578,13.782555428890866,0,0,0,0,0,SAFE
41.688137854179764,12.562500530647176,0,0,0,0,0,SAFE
45.55109304253381,21.34379654495751,0,0,0,0,0,SAFE
45.13805661656919,13.230561187786622,0,0,0,0,0,SAFE
36.114159361239004,25.971860741562338,1,0,0,0,1,MIXED
44.79786253291068,4.813861416005915,1,0,0,1,0,MIXED
40.45049966680301,-2.432996777073612,1,0,0,1,0,MIXED
42.28296491477954,13.01620057401404,0,0,0,0,0,SAFE
37.4042643971573,30.846001898035293,1,0,0,0,1,MIXED
32.7507670436631,22.063929516823354,0,0,0,0,0,SAFE
59.49366528745499,25.77267903716688,2,0,1,0,1,UNSAFE
41.74768974321786,3.659313605766725,1,0,0,1,0,MIXED
31.103502587324357,10.88448305042478,0,0,0,0,0,SAFE
36.50399412868873,7.804530910418677,0,0,0,0,0,SAFE
39.38949235623005,13.977529071143131,0,0,0,0,0,SAFE
45.88169558116237,2.622037805375708,1,0,0,1,0,MIXED
36.5420496309356,13.403279171775187,0,0,0,0,0,SAFE
40.43611845261385,33.36423707413423,1,0,0,0,1,MIXED
43.85797274179086,-1.1358981195942448,1,0,0,1,0,MIXED
45.34545089269412,20.45663722743979,0,0,0,0,0,SAFE
40.998975774042094,2.866033255907986,1,0,0,1,0,MIXED
56.064437562507706,4.301160864187427,2,0,1,1,0,UNSAFE
47.28617765132747,17.000505290639353,0,0,0,0,0,SAFE
46.80648439223816,32.068579241673305,1,0,0,0,1,MIXED
46.49311097712828,9.41335772956467,0,0,0,0,0,SAFE
50.84793820102369,8.689005499558803,1,0,1,0,0,MIXED
43.30846409116214,2.069163919842099,1,0,0,1,0,MIXED
33.73375018130598,15.513866704361863,0,0,0,0,0,SAFE
44.94469366864698,-2.0239062269103023,1,0,0,1,0,MIXED
45.97829894400532,6.805710234017026,0,0,0,0,0,SAFE
52.237504125369334,11.480355711754918,1,0,1,0,0,MIXED
33.01102184360011,15.758045579592523,0,0,0,0,0,SAFE
34.6701199913702,27.689451414331256,1,0,0,0,1,MIXED
42.004241660264796,13.483233769067128,0,0,0,0,0,SAFE
46.734408151448065,4.9505256079970685,1,0,0,1,0,MIXED
31.68677075737189,19.08351579441637,0,0,0,0,0,SAFE
33.20263433592953,3.999898462505433,1,0,0,1,0,MIXED
48.6940482497671,20.2506410998394,0,0,0,0,0,SAFE
31.969363660376708,8.808639570586635,0,0,0,0,0,SAFE
34.77014755242944,32.763192980405805,1,0,0,0,1,MIXED
49.24808342056487,10.79155153994726,0,0,0,0,0,SAFE
46.60955751474794,1.4381381406917075,1,0,0,1,0,MIXED
36.618830790484054,16.048632659418864,0,0,0,0,0,SAFE
45.6178459931673,14.02540874486556,0,0,0,0,0,SAFE
43.98410808571381,15.783364599531263,0,0,0,0,0,SAFE
40.69138078382146,12.038544078091062,0,0,0,0,0,SAFE
38.58988101857773,17.31937508628588,0,0,0,0,0,SAFE
45.28652471359565,16.98359167318834,0,0,0,0,0,SAFE
32.57122359999153,5.010721488568123,0,0,0,0,0,SAFE
45.19105444758454,29.71673300670878,1,0,0,0,1,MIXED
43.21932369247004,10.883315875230057,0,0,0,0,0,SAFE
43.794723643542206,3.6317857748657154,1,0,0,1,0,MIXED
52.471545252291705,16.86594144508028,1,0,1,0,0,MIXED
36.644342294315614,13.332045339071248,0,0,0,0,0,SAFE
37.78371014349108,28.11669976816834,1,0,0,0,1,MIXED
40.382079284423526,16.55365746115593,0,0,0,0,0,SAFE
46.58981165321033,7.592333962354579,0,0,0,0,0,SAFE
43.54967572908126,17.744355693942097,0,0,0,0,0,SAFE
29.567369431835033,17.5269648877761,1,1,0,0,0,MIXED
41.63390348045489,16.299662921159968,0,0,0,0,0,SAFE
42.28503770792453,17.59169872950082,0,0,0,0,0,SAFE
52.69874580540926,3.204925879148906,2,0,1,1,0,UNSAFE
39.26278131599664,21.666186289628364,0,0,0,0,0,SAFE
45.84740694182329,19.594055533420843,0,0,0,0,0,SAFE
64.0286177253867,21.14135524116706,1,0,1,0,0,MIXED
51.0475023700402,11.929279411474916,1,0,1,0,0,MIXED
34.05670100882174,11.85682570766366,0,0,0,0,0,SAFE
47.69568137074723,19.068278548291755,0,0,0,0,0,SAFE
45.22601096479104,12.856556132028722,0,0,0,0,0,SAFE
39.009579049496196,13.201427557067221,0,0,0,0,0,SAFE
47.7958036013217,23.407274281704183,0,0,0,0,0,SAFE
33.950066802630175,22.62342559431449,0,0,0,0,0,SAFE
36.79423015395016,19.689216518410532,0,0,0,0,0,SAFE
40.46427406030009,30.657885492389845,1,0,0,0,1,MIXED
38.65540296815084,16.786118408947832,0,0,0,0,0,SAFE
46.85274526047542,6.2604114987711785,0,0,0,0,0,SAFE
41.41714355658444,12.334151153768627,0,0,0,0,0,SAFE
37.88949213275222,10.602769985167605,0,0,0,0,0,SAFE
50.89611678509436,9.014492652396667,1,0,1,0,0,MIXED
46.53126306137285,18.145950020311442,0,0,0,0,0,SAFE
30.824159073798594,20.191694384264412,0,0,0,0,0,SAFE
30.691894321938445,21.2809182816516,0,0,0,0,0,SAFE
37.94246685495322,15.083672532564522,0,0,0,0,0,SAFE
31.64576040298929,16.223823236048162,0,0,0,0,0,SAFE
49.41560334376496,6.930345719773792,0,0,0,0,0,SAFE
37.14266331084791,19.546210235674895,0,0,0,0,0,SAFE
45.83694658917551,-9.341792984085068,1,0,0,1,0,MIXED
58.123250910262186,20.28553483548331,1,0,1,0,0,MIXED
47.575349299623696,13.56459553337983,0,0,0,0,0,SAFE
27.15717193158204,21.7472206125024,1,1,0,0,0,MIXED
37.47849577415291,20.439316941833397,0,0,0,0,0,SAFE
40.24959143789817,17.380393791163776,0,0,0,0,0,SAFE
35.800028948726045,23.643889426789315,0,0,0,0,0,SAFE
32.49296768433862,37.4556942533919,1,0,0,0,1,MIXED
59.90358907989609,31.326995854665107,2,0,1,0,1,UNSAFE
52.203831886196085,14.15451641766359,1,0,1,0,0,MIXED
51.33237364597767,14.038235017238723,1,0,1,0,0,MIXED
29.571859662037546,30.032014140306877,2,1,0,0,1,UNSAFE
51.030595703380044,14.686608923445647,1,0,1,0,0,MIXED
32.198525941350795,9.137993234210262,0,0,0,0,0,SAFE
27.430835320899924,24.45080852617977,1,1,0,0,0,MIXED
29.17352826508656,17.868308701466763,1,1,0,0,0,MIXED
35.2504532177625,0.7329655500052326,1,0,0,1,0,MIXED
43.906840746228575,11.662006146879687,0,0,0,0,0,SAFE
48.70551284340294,2.3239473127129315,1,0,0,1,0,MIXED
35.941482836209424,-8.876422084908913,1,0,0,1,0,MIXED
24.525226541376618,32.981924099785125,2,1,0,0,1,UNSAFE
58.66878595279735,15.927262052239529,1,0,1,0,0,MIXED
35.40936987274791,12.01551074509893,0,0,0,0,0,SAFE
48.98859361989091,9.856109801779539,0,0,0,0,0,SAFE
43.90107093633351,14.872439495187503,0,0,0,0,0,SAFE
37.449498639337136,9.738072540081289,0,0,0,0,0,SAFE
44.346566973484066,5.231118636125586,0,0,0,0,0,SAFE
45.61383476498813,10.28421040350818,0,0,0,0,0,SAFE
43.018938437185845,28.839625661685588,1,0,0,0,1,MIXED
40.65446363818438,24.198043401919925,0,0,0,0,0,SAFE
27.66373715292937,10.296369863594053,1,1,0,0,0,MIXED
42.22150896860858,34.23330679206459,1,0,0,0,1,MIXED
26.320383333920876,14.037901381072231,1,1,0,0,0,MIXED
53.65351080733011,7.14979594733128,1,0,1,0,0,MIXED
40.29728951659464,18.317389850555394,0,0,0,0,0,SAFE
43.476068429782245,30.65770475454414,1,0,0,0,1,MIXED
45.58779048058585,28.27772895514219,1,0,0,0,1,MIXED
39.11993314152071,7.594745887497034,0,0,0,0,0,SAFE
40.19421445584292,3.4089690663239836,1,0,0,1,0,MIXED
45.86809356968076,11.141218872447542,0,0,0,0,0,SAFE
36.6256888001802,19.986584096210017,0,0,0,0,0,SAFE
32.85027377620569,22.705022138557943,0,0,0,0,0,SAFE
38.173300892069115,26.59096444094184,1,0,0,0,1,MIXED
38.85809937416346,21.31909666557924,0,0,0,0,0,SAFE
43.436498990183246,22.439018737144867,0,0,0,0,0,SAFE
42.87957513718102,-1.6339741234324379,1,0,0,1,0,MIXED
50.07034831393706,14.123170775420927,1,0,1,0,0,MIXED
48.316128618838505,21.902464768688567,0,0,0,0,0,SAFE
35.81362815190926,5.8520459482470315,0,0,0,0,0,SAFE
47.24284081159203,11.967509705894862,0,0,0,0,0,SAFE
49.49143423573197,13.217990571369768,0,0,0,0,0,SAFE
50.187278219586304,19.23304484209102,1,0,1,0,0,MIXED
44.30379994971319,11.259888012597257,0,0,0,0,0,SAFE
43.85942091249213,26.928527149527092,1,0,0,0,1,MIXED
41.56627633069344,20.311744436838552,0,0,0,0,0,SAFE
42.37088060999765,16.24604042745422,0,0,0,0,0,SAFE
55.787286055506385,27.017300310395512,2,0,1,0,1,UNSAFE
42.635230521565745,17.144540879360342,0,0,0,0,0,SAFE
36.385035971592245,13.270284537350468,0,0,0,0,0,SAFE
44.47518230038892,23.50613589569128,0,0,0,0,0,SAFE
47.99376717528735,3.907409440954897,1,0,0,1,0,MIXED
49.815861845429055,14.11226320622447,0,0,0,0,0,SAFE
34.1040691545797,28.363847374319214,1,0,0,0,1,MIXED
53.70623197390363,17.637469823406605,1,0,1,0,0,MIXED
47.67034881524188,22.67449208744432,0,0,0,0,0,SAFE
53.16617722249801,22.28068525431725,1,0,1,0,0,MIXED
31.37849378049145,35.09807748971127,1,0,0,0,1,MIXED
50.525255115840345,9.904757947272353,1,0,1,0,0,MIXED
33.76299942114072,20.048134304040836,0,0,0,0,0,SAFE
39.77391969305937,18.29995353998959,0,0,0,0,0,SAFE
47.947254730226106,9.335581120032046,0,0,0,0,0,SAFE
33.0711360585253,18.85818467871978,0,0,0,0,0,SAFE
37.73289715778421,16.460957857323983,0,0,0,0,0,SAFE
31.25338850430188,12.478172755253624,0,0,0,0,0,SAFE
47.71961512831997,21.059325076467967,0,0,0,0,0,SAFE
35.69313623301385,3.317356306819484,1,0,0,1,0,MIXED
42.12610951801434,20.61032797019409,0,0,0,0,0,SAFE
45.241401121540406,9.878401556386901,0,0,0,0,0,SAFE
44.382595539892826,30.023554712759946,1,0,0,0,1,MIXED
43.64115749847222,-1.3314793581862006,1,0,0,1,0,MIXED
43.62560270480514,35.43956971212609,1,0,0,0,1,MIXED
31.700873495075236,15.29724661829022,0,0,0,0,0,SAFE
40.189316535742925,15.95882959275064,0,0,0,0,0,SAFE
43.554017225230176,26.399719860629247,1,0,0,0,1,MIXED
42.678266291206484,27.772595572120473,1,0,0,0,1,MIXED
41.05875472970814,11.498632260253668,0,0,0,0,0,SAFE
36.64653613569115,-3.1708702912015276,1,0,0,1,0,MIXED
44.206251295406716,35.540002884718426,1,0,0,0,1,MIXED
45.665883818286886,21.867473541616796,0,0,0,0,0,SAFE
38.69574939988436,12.556666087263293,0,0,0,0,0,SAFE
49.877131906666094,35.0869364028982,1,0,0,0,1,MIXED
53.90358348637456,23.05244629728022,1,0,1,0,0,MIXED
42.28120463512407,17.097189142673237,0,0,0,0,0,SAFE
35.971941444573964,0.5183247869734302,1,0,0,1,0,MIXED
32.985613137920474,15.498000345219374,0,0,0,0,0,SAFE
39.66406190858658,0.30558295280315306,1,0,0,1,0,MIXED
41.70141296760211,11.81569675534055,0,0,0,0,0,SAFE
32.61720915772736,11.298209893799296,0,0,0,0,0,SAFE
39.43237599426924,8.833628600755333,0,0,0,0,0,SAFE
49.41336131820752,-4.029015620933119,1,0,0,1,0,MIXED
26.113608074312232,15.032857844490918,1,1,0,0,0,MIXED
42.769017515138444,19.042151360189735,0,0,0,0,0,SAFE
37.68821193376725,5.820761949076683,0,0,0,0,0,SAFE
41.94147093844042,10.58421864652004,0,0,0,0,0,SAFE
54.40857123724555,11.757727500748082,1,0,1,0,0,MIXED
41.574518786263376,39.75418139597942,1,0,0,0,1,MIXED
40.4419181861545,20.561568651990907,0,0,0,0,0,SAFE
47.170475467090824,22.314016437182147,0,0,0,0,0,SAFE
44.31589812329002,16.938407944105098,0,0,0,0,0,SAFE
42.80267431869693,9.240060977662267,0,0,0,0,0,SAFE
44.60415042271415,35.28645837424592,1,0,0,0,1,MIXED
51.68545527170846,18.039180222246365,1,0,1,0,0,MIXED
48.84663838484792,6.308240912693478,0,0,0,0,0,SAFE
39.91590276640225,24.478498441840554,0,0,0,0,0,SAFE
53.89733754766553,7.2913382790462204,1,0,1,0,0,MIXED
38.13129352461474,36.813757938785365,1,0,0,0,1,MIXED
42.77008999815178,33.233619727003784,1,0,0,0,1,MIXED
43.65485853820634,17.461802823254352,0,0,0,0,0,SAFE
39.55607289872082,24.425551415102287,0,0,0,0,0,SAFE
52.862220402432,4.64997769859133,2,0,1,1,0,UNSAFE
39.18039558223651,24.150785243742206,0,0,0,0,0,SAFE
40.963610897725374,10.066145314667898,0,0,0,0,0,SAFE
50.07633723095522,26.03453204712511,2,0,1,0,1,UNSAFE
38.40286327462289,17.123665279879457,0,0,0,0,0,SAFE
32.332201632766136,6.045190895213009,0,0,0,0,0,SAFE
42.99332185706704,15.314067875798436,0,0,0,0,0,SAFE
34.26499126615492,7.840260752744246,0,0,0,0,0,SAFE
33.47964504035552,19.550598569132106,0,0,0,0,0,SAFE
26.258886426464798,4.8842277043980395,2,1,0,1,0,UNSAFE
27.096467617341432,19.190206038579806,1,1,0,0,0,MIXED
27.57813159956239,15.317291985355403,1,1,0,0,0,MIXED
55.11619212597939,31.734339812709017,2,0,1,0,1,UNSAFE
27.552739446569433,17.984096016309557,1,1,0,0,0,MIXED
34.08822962895636,3.06863964289742,1,0,0,1,0,MIXED
41.09224036487941,27.282911569331254,1,0,0,0,1,MIXED
46.797270993762865,7.848590715171193,0,0,0,0,0,SAFE
47.64027197928002,-7.437083318816793,1,0,0,1,0,MIXED
35.97643361253408,6.761084552987493,0,0,0,0,0,SAFE
42.626565533911446,12.971720363400003,0,0,0,0,0,SAFE
40.86823125104092,13.252804698938613,0,0,0,0,0,SAFE
42.179257927912694,20.401309669582236,0,0,0,0,0,SAFE
43.19464820881906,12.156481833954416,0,0,0,0,0,SAFE
45.21398623843826,23.261235436527638,0,0,0,0,0,SAFE
37.55179287421897,14.405972693273242,0,0,0,0,0,SAFE
51.29525250437269,3.9723932273264335,2,0,1,1,0,UNSAFE
56.43761757004755,1.6084502526042463,2,0,1,1,0,UNSAFE
39.23708311036211,5.498100031239879,0,0,0,0,0,SAFE
59.50341597495502,9.966499711528481,1,0,1,0,0,MIXED
37.99327074777174,11.292512600600809,0,0,0,0,0,SAFE
42.7648224631516,11.715582210954889,0,0,0,0,0,SAFE
40.93690556302081,-10.0,1,0,0,1,0,MIXED
42.45727868801462,15.178066214866448,0,0,0,0,0,SAFE
50.30855037929915,28.090609482794022,2,0,1,0,1,UNSAFE
40.49833550886562,23.162290816739553,0,0,0,0,0,SAFE
33.18744975644155,22.673423426961044,0,0,0,0,0,SAFE
37.420193606923384,3.153025318699452,1,0,0,1,0,MIXED
40.5152905743676,29.00472447197779,1,0,0,0,1,MIXED
43.44804429384677,29.964881476783802,1,0,0,0,1,MIXED
36.010138289473566,25.478511045479898,1,0,0,0,1,MIXED
36.78271970210444,17.25328671489203,0,0,0,0,0,SAFE
43.73346262927532,21.614917339241728,0,0,0,0,0,SAFE
44.00592495929062,7.608154621781827,0,0,0,0,0,SAFE
49.04245561674051,32.31656594325394,1,0,0,0,1,MIXED
37.32957262195105,-3.3523207644503223,1,0,0,1,0,MIXED
45.99455654683031,11.68819605947851,0,0,0,0,0,SAFE
40.95117715235763,20.56177755731012,0,0,0,0,0,SAFE
38.34886056139521,12.311480286563286,0,0,0,0,0,SAFE
41.19904386450731,29.697539379850163,1,0,0,0,1,MIXED
42.24055683290865,2.643264191850399,1,0,0,1,0,MIXED
32.43297215087108,16.39229921659601,0,0,0,0,0,SAFE
32.96457599447217,-0.6230348692416072,1,0,0,1,0,MIXED
47.08428792747208,21.844984028686447,0,0,0,0,0,SAFE
39.05490772884917,17.93659291151709,0,0,0,0,0,SAFE
43.504973153564,21.024193859690854,0,0,0,0,0,SAFE
46.837999231518396,-10.0,1,0,0,1,0,MIXED
40.076008332140844,20.17904188178133,0,0,0,0,0,SAFE
38.71634727168789,15.362026392598267,0,0,0,0,0,SAFE
48.00559985342462,15.809252332521623,0,0,0,0,0,SAFE
54.06335533787893,26.26986252281121,2,0,1,0,1,UNSAFE
41.05148677622853,13.019538292752213,0,0,0,0,0,SAFE
19.197407158389083,11.734978031094741,1,1,0,0,0,MIXED
31.173848858315786,17.212295420006228,0,0,0,0,0,SAFE
43.22296568896002,21.958557560267778,0,0,0,0,0,SAFE
53.17336377558553,14.737305703280317,1,0,1,0,0,MIXED
60.243330495385564,17.32451445219904,1,0,1,0,0,MIXED
31.518268850266935,9.379281248898803,0,0,0,0,0,SAFE
39.018026397537426,20.92127151153379,0,0,0,0,0,SAFE
34.4220007981656,12.02024117190604,0,0,0,0,0,SAFE
40.71167775363131,10.518791923444564,0,0,0,0,0,SAFE
48.491323053437746,21.41321388465356,0,0,0,0,0,SAFE
51.33253708083167,11.689748188888004,1,0,1,0,0,MIXED
51.620220541183215,1.3600291402295426,2,0,1,1,0,UNSAFE
30.89292559208114,2.861983139087867,1,0,0,1,0,MIXED
42.07369354105671,27.023781165777557,1,0,0,0,1,MIXED
37.18286335488296,10.233065950355629,0,0,0,0,0,SAFE
40.2718563575253,20.728281233876547,0,0,0,0,0,SAFE
38.17899757316341,9.665830420834986,0,0,0,0,0,SAFE
31.23683789313848,9.28278888822879,0,0,0,0,0,SAFE
51.41969402348266,15.909260084784767,1,0,1,0,0,MIXED
36.08116391801668,27.361439727289344,1,0,0,0,1,MIXED
37.3182919835185,29.199555794824654,1,0,0,0,1,MIXED
53.2288558232008,15.560116263746686,1,0,1,0,0,MIXED
30.0116037810265,37.89500615345755,1,0,0,0,1,MIXED
45.09820845011637,11.7611297527941,0,0,0,0,0,SAFE
49.64902331820045,22.023027870213472,0,0,0,0,0,SAFE
52.48750679909152,8.376522113201037,1,0,1,0,0,MIXED
44.54778730219514,3.1412976975506304,1,0,0,1,0,MIXED
47.330675165929875,14.770546303728127,0,0,0,0,0,SAFE
44.2480740438945,13.536502761595298,0,0,0,0,0,SAFE
39.99208943529311,6.317688259852861,0,0,0,0,0,SAFE
48.32344171747387,29.897040367414377,1,0,0,0,1,MIXED
37.54665312871932,20.53540504971095,0,0,0,0,0,SAFE
45.457468997281936,15.080978113488587,0,0,0,0,0,SAFE
29.787234133082265,1.9840264888940755,2,1,0,1,0,UNSAFE
35.752144390787436,-6.390047235719315,1,0,0,1,0,MIXED
53.26424583924492,18.677032291797136,1,0,1,0,0,MIXED
41.76031161280702,-6.902358192678285,1,0,0,1,0,MIXED
27.409033159836795,14.976586118130417,1,1,0,0,0,MIXED
57.763919723871815,8.013558041269182,1,0,1,0,0,MIXED
48.91038411529951,10.200975923250391,0,0,0,0,0,SAFE
42.44191407431093,27.14683848892932,1,0,0,0,1,MIXED
39.23238695866765,8.098950919478668,0,0,0,0,0,SAFE
53.34456443299811,15.455578211135954,1,0,1,0,0,MIXED
50.729640724689304,8.14751106615313,1,0,1,0,0,MIXED
53.2533936716878,17.73627274534611,1,0,1,0,0,MIXED
45.47830100971727,16.316293114291746,0,0,0,0,0,SAFE
37.95620014402799,14.983171895050283,0,0,0,0,0,SAFE
38.45927809608507,24.595460626447856,0,0,0,0,0,SAFE
40.3755426634507,0.034927722061004474,1,0,0,1,0,MIXED
28.56461012008573,-2.2671815232042434,2,1,0,1,0,UNSAFE
46.94376606043153,3.4849568862655573,1,0,0,1,0,MIXED
44.400686206708535,16.36574517491413,0,0,0,0,0,SAFE
41.482331240721784,19.384052033823693,0,0,0,0,0,SAFE
43.26642829672421,-10.0,1,0,0,1,0,MIXED
39.41099807321208,19.25103134063431,0,0,0,0,0,SAFE
55.122262486039986,31.864576165824975,2,0,1,0,1,UNSAFE
31.094795891317947,11.50274700687227,0,0,0,0,0,SAFE
29.47108149033602,30.198850751100828,2,1,0,0,1,UNSAFE
50.10284966518841,18.505878868631747,1,0,1,0,0,MIXED
43.32875889008168,28.80631100349474,1,0,0,0,1,MIXED
51.69060155808111,26.58044696656121,2,0,1,0,1,UNSAFE
45.65343887825808,11.507717004858375,0,0,0,0,0,SAFE
48.13699865614046,23.160419052551145,0,0,0,0,0,SAFE
40.47490024326432,11.487510811657586,0,0,0,0,0,SAFE
51.06650615646568,31.641161087696066,2,0,1,0,1,UNSAFE
36.00483375268187,12.366233245520256,0,0,0,0,0,SAFE
44.807464611637585,19.865989977486105,0,0,0,0,0,SAFE
37.821069126069645,33.835206303440444,1,0,0,0,1,MIXED
45.37676212436137,20.31383408470553,0,0,0,0,0,SAFE
56.07107265209403,10.5093837475541,1,0,1,0,0,MIXED
41.29254498846178,2.4667777097837114,1,0,0,1,0,MIXED
40.621196221971374,0.11072476064637193,1,0,0,1,0,MIXED
47.98279483354538,19.199967500699923,0,0,0,0,0,SAFE
39.78344554369168,13.995762921821521,0,0,0,0,0,SAFE
48.09173132151192,3.6420391311010203,1,0,0,1,0,MIXED
43.633342939620185,21.995098064587445,0,0,0,0,0,SAFE
27.741807380742067,21.84938005702019,1,1,0,0,0,MIXED
28.607500293907464,13.824055161484674,1,1,0,0,0,MIXED
32.69287116723819,29.31246579290015,1,0,0,0,1,MIXED
32.74303156678122,-1.5018989196538257,1,0,0,1,0,MIXED
43.066817132770524,10.862970199791771,0,0,0,0,0,SAFE
29.963158170688537,20.258151991548495,1,1,0,0,0,MIXED
26.068007500402565,4.637590274168751,2,1,0,1,0,UNSAFE
37.39825383663372,23.0222239215514,0,0,0,0,0,SAFE
52.363746936105215,26.027822473275727,2,0,1,0,1,UNSAFE
40.773809676302136,-9.273082447951563,1,0,0,1,0,MIXED
45.12682416974847,29.705737392246135,1,0,0,0,1,MIXED
51.87032326250855,19.6294900974372,1,0,1,0,0,MIXED
32.483977885292376,9.74692996371585,0,0,0,0,0,SAFE
57.4705151899654,0.8327046533586628,2,0,1,1,0,UNSAFE
32.81727017479692,24.42551551165284,0,0,0,0,0,SAFE
38.55072604155578,3.1824487779537804,1,0,0,1,0,MIXED
54.22376942978413,19.6105597814514,1,0,1,0,0,MIXED
38.94559068498258,3.542251641004846,1,0,0,1,0,MIXED
58.3792525108795,14.755481812533924,1,0,1,0,0,MIXED
53.178624499755955,23.936335446094397,1,0,1,0,0,MIXED
37.832787506694125,9.87058885010219,0,0,0,0,0,SAFE
53.57051918347136,29.62517332619978,2,0,1,0,1,UNSAFE
26.984672191034125,20.497802609821925,1,1,0,0,0,MIXED
41.030281562211044,4.666768370614939,1,0,0,1,0,MIXED
44.09396875773758,1.5040320901360555,1,0,0,1,0,MIXED
38.2683571628312,7.015262672300324,0,0,0,0,0,SAFE
38.00166988675201,14.285215063380091,0,0,0,0,0,SAFE
33.87546670475611,30.731790288732977,1,0,0,0,1,MIXED
45.946265867153,32.94563028382055,1,0,0,0,1,MIXED
40.719360247375846,9.51210037702891,0,0,0,0,0,SAFE
56.067324915944226,9.21940260126015,1,0,1,0,0,MIXED
40.573663824087,22.200474104973146,0,0,0,0,0,SAFE
32.098193533621775,22.1129468479365,0,0,0,0,0,SAFE
46.66677652931682,27.693253180378328,1,0,0,0,1,MIXED
49.120356024081126,27.99978352877571,1,0,0,0,1,MIXED
41.116624795932715,6.373296812929395,0,0,0,0,0,SAFE
58.8798833126669,-0.26695615521966864,2,0,1,1,0,UNSAFE
30.587895369009537,20.651280405088315,0,0,0,0,0,SAFE
54.9998883854188,16.895508459141652,1,0,1,0,0,MIXED
49.994429597617646,-4.9580272747195835,1,0,0,1,0,MIXED
38.003640302550906,-3.7394780714325933,1,0,0,1,0,MIXED
48.24328766582928,-0.4723132658901452,1,0,0,1,0,MIXED
31.77744923173882,20.140252049614027,0,0,0,0,0,SAFE
50.494594816141834,13.410318917707833,1,0,1,0,0,MIXED
46.56138003286808,20.37788166873092,0,0,0,0,0,SAFE
40.276585124460226,4.052945171137512,1,0,0,1,0,MIXED
46.51913125507714,21.13095690775083,0,0,0,0,0,SAFE
49.15219522472207,18.120664240788976,0,0,0,0,0,SAFE
32.65200069216539,21.903401613691802,0,0,0,0,0,SAFE
41.98895135817327,10.172625556766569,0,0,0,0,0,SAFE
39.6429133024503,8.097428216096203,0,0,0,0,0,SAFE
49.11075023083543,0.8188526641997953,1,0,0,1,0,MIXED
34.05211252154865,11.712271153283051,0,0,0,0,0,SAFE
54.910006785911996,25.542805490928487,2,0,1,0,1,UNSAFE
28.873273574022196,28.51347088752486,2,1,0,0,1,UNSAFE
52.79536173586947,3.259916739773569,2,0,1,1,0,UNSAFE
21.828333835228438,14.277783776527576,1,1,0,0,0,MIXED
50.97939527439858,30.912619698002022,2,0,1,0,1,UNSAFE
35.033381885109996,32.51979104662965,1,0,0,0,1,MIXED
24.17654083346639,11.319493861707123,1,1,0,0,0,MIXED
38.66231464627402,26.52337024924303,1,0,0,0,1,MIXED
52.38641972751824,24.542236554333954,1,0,1,0,0,MIXED
31.195599610032843,23.62619031798922,0,0,0,0,0,SAFE
46.07233574874793,-1.7123438527959074,1,0,0,1,0,MIXED
25.463889369586504,25.37989290020776,2,1,0,0,1,UNSAFE
40.559205592166045,2.148179075451246,1,0,0,1,0,MIXED
40.33462457032985,18.64041081113203,0,0,0,0,0,SAFE
41.33719098665962,-0.5198615312608634,1,0,0,1,0,MIXED
57.08445522851288,25.04217968987892,2,0,1,0,1,UNSAFE
39.316980386612265,12.049053440977124,0,0,0,0,0,SAFE
44.875899157705405,3.7037860425966844,1,0,0,1,0,MIXED
44.58141149229575,1.6926756313923441,1,0,0,1,0,MIXED
41.43572626523867,3.3142850014314114,1,0,0,1,0,MIXED
33.05532814138628,31.457226136182097,1,0,0,0,1,MIXED
42.473807154276436,17.074064854011677,0,0,0,0,0,SAFE
25.908961111349416,9.029982414789522,1,1,0,0,0,MIXED
45.68969694963478,16.94136265947505,0,0,0,0,0,SAFE
24.767761429170356,17.07137916657081,1,1,0,0,0,MIXED
44.932470428397515,27.837619981986997,1,0,0,0,1,MIXED
36.75815104849326,-7.4206872013567065,1,0,0,1,0,MIXED
34.025833985558755,4.029349611314428,1,0,0,1,0,MIXED
47.89367102223979,-10.0,1,0,0,1,0,MIXED
38.41314831941902,29.257954735772547,1,0,0,0,1,MIXED
42.057699702669076,23.963168161764237,0,0,0,0,0,SAFE
28.865613331591298,-1.0198951320632261,2,1,0,1,0,UNSAFE
53.49793966276187,16.012153657572533,1,0,1,0,0,MIXED
42.826194897673155,3.8184717189300343,1,0,0,1,0,MIXED
42.80625383160185,3.540624316599036,1,0,0,1,0,MIXED
51.4949635912452,42.278307098681715,2,0,1,0,1,UNSAFE
45.87152842932264,8.650536145384564,0,0,0,0,0,SAFE
21.730733356042734,-1.8446411454234095,2,1,0,1,0,UNSAFE
54.43889464821709,4.708081567289268,2,0,1,1,0,UNSAFE
39.0333209465079,21.553259745791784,0,0,0,0,0,SAFE
53.85831839489434,13.00413078836162,1,0,1,0,0,MIXED
38.76266504267172,15.716210285106838,0,0,0,0,0,SAFE
36.97889746688626,9.26180796707045,0,0,0,0,0,SAFE
45.29504094027099,16.852915178344865,0,0,0,0,0,SAFE
59.05284245246867,19.388488166354296,1,0,1,0,0,MIXED
51.20916438475062,4.28714823276869,2,0,1,1,0,UNSAFE
46.20125832024217,7.77018653398941,0,0,0,0,0,SAFE
45.16362610637246,21.885145981148412,0,0,0,0,0,SAFE
42.39895075201179,39.073257214747926,1,0,0,0,1,MIXED
53.42383815286762,26.772453328290965,2,0,1,0,1,UNSAFE
48.11428953896011,32.633608177300445,1,0,0,0,1,MIXED
30.504245620246273,28.70283117990576,1,0,0,0,1,MIXED
34.070045504003815,9.356608809332704,0,0,0,0,0,SAFE
46.491139552493344,27.332201655107234,1,0,0,0,1,MIXED
32.771386946544304,9.87455122322269,0,0,0,0,0,SAFE
42.78025658001049,13.13633995304286,0,0,0,0,0,SAFE
48.8322564898815,49.3592761598452,1,0,0,0,1,MIXED
45.35456566820704,7.648035618376838,0,0,0,0,0,SAFE
31.627933354888036,11.747460864143944,0,0,0,0,0,SAFE
34.478000911769676,19.675497919754232,0,0,0,0,0,SAFE
45.61617308627381,10.368317954750434,0,0,0,0,0,SAFE
57.879640110270266,7.645526807601057,1,0,1,0,0,MIXED
41.04455145681461,21.391626658898176,0,0,0,0,0,SAFE
49.13643915015863,27.775765215431992,1,0,0,0,1,MIXED
45.42797183194591,25.509127007879968,1,0,0,0,1,MIXED
36.679134623776484,24.18081960350382,0,0,0,0,0,SAFE
49.2378332012512,30.12886674753536,1,0,0,0,1,MIXED
28.65251206217166,5.928168843989328,1,1,0,0,0,MIXED
48.58512775493841,-10.0,1,0,0,1,0,MIXED
45.9360493903068,25.598044249313674,1,0,0,0,1,MIXED
37.38899801959648,10.698099998880881,0,0,0,0,0,SAFE
33.40690122208077,9.784528802685966,0,0,0,0,0,SAFE
38.05945198430594,8.171587255344786,0,0,0,0,0,SAFE
36.09857457772402,12.289952151116065,0,0,0,0,0,SAFE
39.73516547475103,33.741318998610566,1,0,0,0,1,MIXED
38.84651885506392,18.441502161918585,0,0,0,0,0,SAFE
37.38493626818959,9.104042241585429,0,0,0,0,0,SAFE
28.36503569813902,-0.7136624781109333,2,1,0,1,0,UNSAFE
32.344013762776,16.836968347600706,0,0,0,0,0,SAFE
50.609389242276684,-2.8666452689551782,2,0,1,1,0,UNSAFE
37.607385589209464,1.3310929064965151,1,0,0,1,0,MIXED
39.8857832469316,25.757694937071506,1,0,0,0,1,MIXED
38.424940787136194,14.524830278003034,0,0,0,0,0,SAFE
53.641827171138516,19.57900930507909,1,0,1,0,0,MIXED
35.91926515346558,16.589152858357252,0,0,0,0,0,SAFE
35.37960790878167,19.204820127359998,0,0,0,0,0,SAFE
46.12272123258207,1.3284029950154732,1,0,0,1,0,MIXED
43.401195339086186,13.824267420040803,0,0,0,0,0,SAFE
46.3574191773769,23.313470510191333,0,0,0,0,0,SAFE
45.81959683299684,11.968066466202476,0,0,0,0,0,SAFE
49.466640166912,6.269372236897485,0,0,0,0,0,SAFE
31.435824053044005,-10.0,1,0,0,1,0,MIXED
41.43887238610276,6.784535605065647,0,0,0,0,0,SAFE
45.182035808602805,-4.712273940443676,1,0,0,1,0,MIXED
36.822571592803996,19.702699058644853,0,0,0,0,0,SAFE
33.761310829208156,19.09256748612862,0,0,0,0,0,SAFE
37.54381923945567,14.671916902200024,0,0,0,0,0,SAFE
46.76126405133485,24.52797023115313,0,0,0,0,0,SAFE
42.739939290564855,6.859897051212551,0,0,0,0,0,SAFE
38.3356891009628,21.369553630869582,0,0,0,0,0,SAFE
33.829971332139145,13.219334033597942,0,0,0,0,0,SAFE
38.912927213108205,13.966382166810353,0,0,0,0,0,SAFE
33.92573976600498,-3.5194435221211187,1,0,0,1,0,MIXED
46.16594092767715,24.641314234886487,0,0,0,0,0,SAFE
27.662600340014748,18.68926160926216,1,1,0,0,0,MIXED
50.66546331876141,20.959110467623233,1,0,1,0,0,MIXED
38.666638570591466,5.565036302492423,0,0,0,0,0,SAFE
42.64782463479992,17.477850588468808,0,0,0,0,0,SAFE
42.76646008924719,13.198653698824343,0,0,0,0,0,SAFE
33.33878620701794,19.226882913088517,0,0,0,0,0,SAFE
45.76683595530819,17.008221254616718,0,0,0,0,0,SAFE
42.88794916057006,31.792494877461053,1,0,0,0,1,MIXED
37.00496972341283,27.81435097456656,1,0,0,0,1,MIXED
36.127804246225296,26.08950572956428,1,0,0,0,1,MIXED
51.86694040064435,12.069487965981175,1,0,1,0,0,MIXED
55.28770443248667,19.69035886746089,1,0,1,0,0,MIXED
34.98182047087546,11.258434056107909,0,0,0,0,0,SAFE
51.06209844885321,24.230647018766497,1,0,1,0,0,MIXED
33.535676788965674,13.607426878095028,0,0,0,0,0,SAFE
43.6281838622121,9.923954109243912,0,0,0,0,0,SAFE
60.862397786997754,17.336637434053255,1,0,1,0,0,MIXED
41.5055024727756,26.908510442580898,1,0,0,0,1,MIXED
39.07829172128932,25.07427610617323,1,0,0,0,1,MIXED
28.65814083533612,10.463459537544338,1,1,0,0,0,MIXED
50.392563347017976,30.70197720589671,2,0,1,0,1,UNSAFE
35.813634295952056,6.101783637813515,0,0,0,0,0,SAFE
46.53957144296367,8.769661050822872,0,0,0,0,0,SAFE
39.85137665795685,23.76405024737158,0,0,0,0,0,SAFE
37.6471825470879,-4.654257515356857,1,0,0,1,0,MIXED
31.591324515152948,15.099555857202809,0,0,0,0,0,SAFE
27.092614812216922,12.028395827026793,1,1,0,0,0,MIXED
30.863227870048064,31.399390068655983,1,0,0,0,1,MIXED
59.32114075812538,4.418028976579315,2,0,1,1,0,UNSAFE
44.054069440303344,5.395962680031477,0,0,0,0,0,SAFE
39.52547518356391,33.034693279558056,1,0,0,0,1,MIXED
38.26649161818812,12.139625377628864,0,0,0,0,0,SAFE
34.45976586217842,26.461893776648633,1,0,0,0,1,MIXED
15.893866379807786,10.57202678468379,1,1,0,0,0,MIXED
41.63291124691633,8.389226701490855,0,0,0,0,0,SAFE
48.90836406184934,27.02027283970474,1,0,0,0,1,MIXED
30.70368389696388,35.93486653770805,1,0,0,0,1,MIXED
30.613929405171874,27.886306816758417,1,0,0,0,1,MIXED
43.198621588285555,9.962989028861854,0,0,0,0,0,SAFE
38.72506456259331,14.664872093396863,0,0,0,0,0,SAFE
43.667342894910256,5.798456486284746,0,0,0,0,0,SAFE
40.12848033857288,7.293271770724053,0,0,0,0,0,SAFE
32.279603783409016,6.826882975421029,0,0,0,0,0,SAFE
32.800202938436485,10.798450872494813,0,0,0,0,0,SAFE
45.45979924374733,16.207103541779624,0,0,0,0,0,SAFE
57.794758213285206,-7.10453013719917,2,0,1,1,0,UNSAFE
45.75472772971351,15.064202385243522,0,0,0,0,0,SAFE
48.52536273897574,22.164652043104088,0,0,0,0,0,SAFE
40.680065998918586,16.726512848567555,0,0,0,0,0,SAFE
36.047446296652126,21.13679979354454,0,0,0,0,0,SAFE
26.968991583018393,22.768264386493172,1,1,0,0,0,MIXED
41.81461244611112,10.129379621689111,0,0,0,0,0,SAFE
40.13973440442619,13.408037654116193,0,0,0,0,0,SAFE
52.37843008384401,47.334936632485125,2,0,1,0,1,UNSAFE
51.758966593203056,9.346742141102437,1,0,1,0,0,MIXED
47.038254594282236,21.73329166057484,0,0,0,0,0,SAFE
34.59871422042224,2.392007027793184,1,0,0,1,0,MIXED
41.49375256866569,23.077076027014346,0,0,0,0,0,SAFE
29.105533859188572,7.791021323455939,1,1,0,0,0,MIXED
46.58121367192325,15.417236132705801,0,0,0,0,0,SAFE
53.330188964791965,0.8863254592365664,2,0,1,1,0,UNSAFE
60.817319467595645,-0.3799244356957949,2,0,1,1,0,UNSAFE
25.766690249373916,14.41087220502693,1,1,0,0,0,MIXED
32.924328574031925,14.612443359551209,0,0,0,0,0,SAFE
41.410184968362664,13.042257878925687,0,0,0,0,0,SAFE
35.26071174242577,19.32656152579691,0,0,0,0,0,SAFE
39.461303081862646,26.036648707547634,1,0,0,0,1,MIXED
40.557021979773545,5.353525771334105,0,0,0,0,0,SAFE
28.498315585252918,13.278905685516285,1,1,0,0,0,MIXED
31.84636342909902,1.5003814599522194,1,0,0,1,0,MIXED
46.2196584731759,-2.776700611633917,1,0,0,1,0,MIXED
53.297547026663295,16.5971638439554,1,0,1,0,0,MIXED
41.64925895180031,4.65234059449414,1,0,0,1,0,MIXED
48.1149783707435,14.970950664026047,0,0,0,0,0,SAFE
36.511226858073584,16.99824696651589,0,0,0,0,0,SAFE
28.537716356484957,-1.3532713154913871,2,1,0,1,0,UNSAFE
33.03851131759137,18.495272676097137,0,0,0,0,0,SAFE
41.973933425550946,25.489792655557526,1,0,0,0,1,MIXED
34.640081182651386,20.746678404813416,0,0,0,0,0,SAFE
41.08903558083775,5.569548052590713,0,0,0,0,0,SAFE
45.08246136570335,14.339881417547675,0,0,0,0,0,SAFE
36.96704644683681,15.419990871440916,0,0,0,0,0,SAFE
40.96375691250086,13.463119314824976,0,0,0,0,0,SAFE
38.699254800713604,1.950514611063623,1,0,0,1,0,MIXED
42.59812332715898,6.9728562627858555,0,0,0,0,0,SAFE
33.83736905884746,12.59300155897393,0,0,0,0,0,SAFE
47.87221235337743,16.856135076909812,0,0,0,0,0,SAFE
37.75086233313929,9.286539421321425,0,0,0,0,0,SAFE
47.086506097510146,-8.967357694472401,1,0,0,1,0,MIXED
48.378919913595844,-3.740157749303389,1,0,0,1,0,MIXED
30.676736733416156,9.857341687367745,0,0,0,0,0,SAFE
59.36099314344676,31.774193600142667,2,0,1,0,1,UNSAFE
47.65190204637709,18.5654237829545,0,0,0,0,0,SAFE
27.101784255900203,16.567581628806987,1,1,0,0,0,MIXED
37.60622785152023,6.833306663772783,0,0,0,0,0,SAFE
43.23842471979727,10.288899905533011,0,0,0,0,0,SAFE
48.9543963677508,-4.359547676126674,1,0,0,1,0,MIXED
42.60009137876786,6.209027764859567,0,0,0,0,0,SAFE
38.722913368674455,18.046264194792414,0,0,0,0,0,SAFE
33.06153709911946,16.64232139312465,0,0,0,0,0,SAFE
40.30129435832588,8.394131348231113,0,0,0,0,0,SAFE
38.235420111912646,13.45448108813074,0,0,0,0,0,SAFE
35.8573078994943,15.070944753256114,0,0,0,0,0,SAFE
39.7745870266714,8.887174629330392,0,0,0,0,0,SAFE
54.718737871223865,19.152399225616207,1,0,1,0,0,MIXED
38.938302139016365,16.45860430824709,0,0,0,0,0,SAFE
33.78543890581194,10.632283932214168,0,0,0,0,0,SAFE
39.439380396494016,2.5320609009011736,1,0,0,1,0,MIXED
45.09883238395534,9.943872973871741,0,0,0,0,0,SAFE
39.15626666042077,9.312801408766447,0,0,0,0,0,SAFE
65.6727247251448,8.373848498259871,1,0,1,0,0,MIXED
25.45058436891338,-0.9993197095883559,2,1,0,1,0,UNSAFE
48.07442098156348,28.3645269168313,1,0,0,0,1,MIXED
36.54562246901717,27.78949669635464,1,0,0,0,1,MIXED
47.93271999874035,13.10519869013911,0,0,0,0,0,SAFE
39.91642972983571,16.808702264156533,0,0,0,0,0,SAFE
49.019646577229125,18.972945655950223,0,0,0,0,0,SAFE
36.585533585610435,13.257929529736893,0,0,0,0,0,SAFE
57.850107637775395,17.51213797296192,1,0,1,0,0,MIXED
48.95460341506092,20.398849872492324,0,0,0,0,0,SAFE
44.18686195198162,16.08698900015069,0,0,0,0,0,SAFE
49.17912500259983,22.186422353106835,0,0,0,0,0,SAFE
44.11114782409239,8.062374744521119,0,0,0,0,0,SAFE
45.084470444387776,14.329920635319166,0,0,0,0,0,SAFE
39.533952709239394,41.78775974966068,1,0,0,0,1,MIXED
29.687589538337377,24.58512859057483,1,1,0,0,0,MIXED
35.09863244596936,16.31195489343396,0,0,0,0,0,SAFE
62.54870015272148,5.37631005175937,1,0,1,0,0,MIXED
36.20901876138189,14.824862628483997,0,0,0,0,0,SAFE
35.2222643389491,23.84056350940301,0,0,0,0,0,SAFE
37.72376451149364,21.54009640149337,0,0,0,0,0,SAFE
31.366486945599448,-3.0683150215422543,1,0,0,1,0,MIXED
40.1681201683756,-0.6850783803759501,1,0,0,1,0,MIXED
54.1461513021236,-0.2980349049499793,2,0,1,1,0,UNSAFE
33.698506498634416,19.1361988547461,0,0,0,0,0,SAFE
37.30908839950395,-0.18387969867603893,1,0,0,1,0,MIXED
58.31971328057568,4.98366196840426,2,0,1,1,0,UNSAFE
40.42993754002761,12.908074798939698,0,0,0,0,0,SAFE
47.68247321573262,19.62352460671059,0,0,0,0,0,SAFE
35.385591698151956,11.741727825566933,0,0,0,0,0,SAFE
40.18462053166547,22.48959498198562,0,0,0,0,0,SAFE
32.65342468113119,35.18110556755782,1,0,0,0,1,MIXED
35.926532900324446,14.912506032434067,0,0,0,0,0,SAFE
32.72008448245407,2.018409883593833,1,0,0,1,0,MIXED
35.004572727379006,5.29476782335745,0,0,0,0,0,SAFE
38.68594380676136,5.210349712362593,0,0,0,0,0,SAFE
47.564419370353676,7.170161046816251,0,0,0,0,0,SAFE
34.84947605238468,11.070311358827313,0,0,0,0,0,SAFE
49.942711029570354,17.148761736103992,0,0,0,0,0,SAFE
41.20248376090024,0.6695523003132102,1,0,0,1,0,MIXED
32.85833232109032,2.2159005996037635,1,0,0,1,0,MIXED
52.45480978937877,20.305631231316475,1,0,1,0,0,MIXED
35.10703592860645,9.356283561743446,0,0,0,0,0,SAFE
35.39767859010133,6.141387836192914,0,0,0,0,0,SAFE
45.68240824972944,12.124637792156868,0,0,0,0,0,SAFE
58.64934195437971,27.503598245169982,2,0,1,0,1,UNSAFE
52.47584272373378,21.713569749481263,1,0,1,0,0,MIXED
38.61872743594249,20.97790884529584,0,0,0,0,0,SAFE
39.20933844377073,31.302760507283626,1,0,0,0,1,MIXED
45.234235064399364,17.62360358603015,0,0,0,0,0,SAFE
43.01658129943607,32.40266427360858,1,0,0,0,1,MIXED
30.529997329305715,33.382878276687265,1,0,0,0,1,MIXED
40.5107695403669,0.9385102418434883,1,0,0,1,0,MIXED
35.98232214685555,-1.5080726272358262,1,0,0,1,0,MIXED
47.22925396468512,4.617070496534804,1,0,0,1,0,MIXED
43.3493413296376,26.342170301658477,1,0,0,0,1,MIXED
36.623864571470904,12.318963069756077,0,0,0,0,0,SAFE
31.573067120671872,11.116428910488024,0,0,0,0,0,SAFE
62.59218900218698,22.779331641104417,1,0,1,0,0,MIXED
39.88215664885116,8.88311963818285,0,0,0,0,0,SAFE
41.65893283474853,16.300507521936396,0,0,0,0,0,SAFE
38.64744234283394,20.30059195771129,0,0,0,0,0,SAFE
34.37242007951673,5.4161232501573195,0,0,0,0,0,SAFE
44.96156365640164,3.3135824643560223,1,0,0,1,0,MIXED
47.83213802290032,14.857193876030665,0,0,0,0,0,SAFE
27.376726250262294,16.094991255609468,1,1,0,0,0,MIXED
28.518827003288045,21.933620096556613,1,1,0,0,0,MIXED
40.01028536599523,33.5108421650682,1,0,0,0,1,MIXED
50.57050275498086,4.393074937681753,2,0,1,1,0,UNSAFE
25.83408108926866,7.448987432086262,1,1,0,0,0,MIXED
32.22993117735703,33.25738086877094,1,0,0,0,1,MIXED
41.91748272575879,24.334188041831666,0,0,0,0,0,SAFE
39.71975269959531,13.203325117193543,0,0,0,0,0,SAFE
41.738983819928734,26.065393185924464,1,0,0,0,1,MIXED
44.49299804539679,4.426661565233349,1,0,0,1,0,MIXED
54.98011310469134,12.071845010136869,1,0,1,0,0,MIXED
38.35583900898681,-10.0,1,0,0,1,0,MIXED
47.075196729290695,16.010126396618833,0,0,0,0,0,SAFE
42.79940525281522,10.971753288891819,0,0,0,0,0,SAFE
37.398257278937734,11.304195731695701,0,0,0,0,0,SAFE
45.70528696901823,21.391177730333506,0,0,0,0,0,SAFE
40.15174729300321,24.48937494316759,0,0,0,0,0,SAFE
41.368206551860176,9.957735818763446,0,0,0,0,0,SAFE
43.58732459925891,1.406135815061397,1,0,0,1,0,MIXED
43.86174647263399,-0.4218210552637167,1,0,0,1,0,MIXED
33.77818432012989,-5.186914067166242,1,0,0,1,0,MIXED
40.59906437862799,31.09633702309094,1,0,0,0,1,MIXED
41.06338671134852,21.435853794331273,0,0,0,0,0,SAFE
60.81851117849911,19.04055848120096,1,0,1,0,0,MIXED
35.87830364329582,8.724313972641628,0,0,0,0,0,SAFE
42.00526566578405,8.671053547390756,0,0,0,0,0,SAFE
37.53530400149255,24.8525390925949,0,0,0,0,0,SAFE
50.209250246177696,-1.468924820486638,2,0,1,1,0,UNSAFE
35.45464385679824,10.359956130866074,0,0,0,0,0,SAFE
46.792711569322016,26.430755885056563,1,0,0,0,1,MIXED
63.61574347419107,10.343267037173387,1,0,1,0,0,MIXED
38.67417028526377,20.88570015637714,0,0,0,0,0,SAFE
36.54226624836112,13.59038138509483,0,0,0,0,0,SAFE
38.679695129731634,-10.0,1,0,0,1,0,MIXED
42.985865841212366,13.176390406972097,0,0,0,0,0,SAFE
52.169848402055194,15.054904075363549,1,0,1,0,0,MIXED
31.96202017348662,12.419011270204766,0,0,0,0,0,SAFE
25.271337254906975,2.8908216480035733,2,1,0,1,0,UNSAFE
47.084047745223984,12.526595600463367,0,0,0,0,0,SAFE
49.380065915984524,-4.668922508780476,1,0,0,1,0,MIXED
40.060308821409976,10.244875016122148,0,0,0,0,0,SAFE
49.64678866090565,21.727627681666227,0,0,0,0,0,SAFE
47.138017200706386,30.414100380841013,1,0,0,0,1,MIXED
39.05530312570747,28.35080835300719,1,0,0,0,1,MIXED
33.64635079296211,4.191222502343061,1,0,0,1,0,MIXED
48.02197257198671,-0.04740738408801626,1,0,0,1,0,MIXED
46.582125027351665,16.01313193721326,0,0,0,0,0,SAFE
50.574821829238985,14.405560350451106,1,0,1,0,0,MIXED
42.448391570364215,20.09264992924906,0,0,0,0,0,SAFE
36.698803599521774,7.937936925097787,0,0,0,0,0,SAFE
45.795435518747354,14.707121908693626,0,0,0,0,0,SAFE
38.741488661565754,14.172159003023324,0,0,0,0,0,SAFE
54.75647606270664,10.569815932601074,1,0,1,0,0,MIXED
38.223843093743874,-2.074442246624951,1,0,0,1,0,MIXED
41.66117649474308,21.56883511240392,0,0,0,0,0,SAFE
48.689584925446944,16.082176016305326,0,0,0,0,0,SAFE
49.64666858464707,22.31230401880242,0,0,0,0,0,SAFE
50.903601837538105,24.84302655477562,1,0,1,0,0,MIXED
54.55982556885801,13.303068334337503,1,0,1,0,0,MIXED
31.383535661107935,21.6371874368542,0,0,0,0,0,SAFE
48.24442551458221,30.699953933811393,1,0,0,0,1,MIXED
52.250322849357644,34.45472455864565,2,0,1,0,1,UNSAFE
46.95883184261226,17.288105919386282,0,0,0,0,0,SAFE
30.920135029394025,18.080965345140804,0,0,0,0,0,SAFE
37.579973145029456,17.11510013432471,0,0,0,0,0,SAFE
42.436105490477246,19.71733588850135,0,0,0,0,0,SAFE
41.22135432369191,24.350201907325847,0,0,0,0,0,SAFE
20.214765496999537,16.899935751578443,1,1,0,0,0,MIXED
51.619918233220496,33.700485084562146,2,0,1,0,1,UNSAFE
47.855690707080505,31.848830225825388,1,0,0,0,1,MIXED
43.35148796606994,15.02862575927063,0,0,0,0,0,SAFE
46.23532514582201,14.968057171089349,0,0,0,0,0,SAFE
35.74114025586111,9.847597558681006,0,0,0,0,0,SAFE
33.10277675139074,20.283770948652446,0,0,0,0,0,SAFE
42.09113450000382,11.397138832419024,0,0,0,0,0,SAFE
37.46652994530168,20.050563461996266,0,0,0,0,0,SAFE
48.24358544488056,3.6948600349481726,1,0,0,1,0,MIXED
31.69852264179506,24.54509955621015,0,0,0,0,0,SAFE
30.998934092091233,20.474868338224844,0,0,0,0,0,SAFE
54.935273590032104,31.192348033931346,2,0,1,0,1,UNSAFE
47.902980725056736,22.088095153221207,0,0,0,0,0,SAFE
60.01525960157164,-8.343956628937708,2,0,1,1,0,UNSAFE
38.28531459135492,23.484918490766013,0,0,0,0,0,SAFE
39.30170393726434,27.397783086070348,1,0,0,0,1,MIXED
41.68516751751846,16.317438603375976,0,0,0,0,0,SAFE
39.8026026860325,9.774890411919392,0,0,0,0,0,SAFE
37.62312029481878,17.71166296836776,0,0,0,0,0,SAFE
35.803480273417065,24.532048834912874,0,0,0,0,0,SAFE
47.22580739682259,25.994164409698403,1,0,0,0,1,MIXED
32.968605152056014,-1.9947654678644398,1,0,0,1,0,MIXED
41.96651395494589,43.988006135595214,1,0,0,0,1,MIXED
52.129670224756566,9.45553691493287,1,0,1,0,0,MIXED
45.396097075450726,22.275869074436834,0,0,0,0,0,SAFE
31.052894074137107,28.69625869034605,1,0,0,0,1,MIXED
40.66060698543247,14.093191553921397,0,0,0,0,0,SAFE
42.19027727547085,26.44540139307895,1,0,0,0,1,MIXED
35.958542734388736,-2.069700047844524,1,0,0,1,0,MIXED
44.58364234320035,-5.4365808617312865,1,0,0,1,0,MIXED
39.59117123891568,26.86874289858818,1,0,0,0,1,MIXED
46.63275122806991,25.423560657252757,1,0,0,0,1,MIXED
46.96281092162263,39.10334488783408,1,0,0,0,1,MIXED
37.29408297874548,18.981316770083232,0,0,0,0,0,SAFE
38.495036230298794,24.56801269914871,0,0,0,0,0,SAFE
41.50740099159603,32.18844879444045,1,0,0,0,1,MIXED
37.75347235678419,29.07126525716984,1,0,0,0,1,MIXED
46.74511624435176,14.675389309130194,0,0,0,0,0,SAFE
46.339538702879395,17.612643875291923,0,0,0,0,0,SAFE
44.84763744201448,12.93128926905609,0,0,0,0,0,SAFE
36.38729193956007,11.649288800374695,0,0,0,0,0,SAFE
28.53484017641422,23.419483325326254,1,1,0,0,0,MIXED
32.11868822259616,12.823529447643004,0,0,0,0,0,SAFE
47.18436033184827,23.39396717099911,0,0,0,0,0,SAFE
27.802784505302093,14.081519247749222,1,1,0,0,0,MIXED
45.67795759559058,15.520161092623267,0,0,0,0,0,SAFE
52.75259966138836,6.781931000853977,1,0,1,0,0,MIXED
25.607670958478426,23.103260167685214,1,1,0,0,0,MIXED
37.703311043052096,-2.585405975859981,1,0,0,1,0,MIXED
40.73190087546821,27.305579759317013,1,0,0,0,1,MIXED
31.893979057498413,38.359959539472676,1,0,0,0,1,MIXED
35.296947243706704,15.8701085412575,0,0,0,0,0,SAFE
32.246940657219135,15.416103486960141,0,0,0,0,0,SAFE
40.930017425930586,0.10506097668912773,1,0,0,1,0,MIXED
64.60661575160728,10.046628309813054,1,0,1,0,0,MIXED
38.04429954155177,24.690358793536547,0,0,0,0,0,SAFE
56.51403906678775,26.264368680043027,2,0,1,0,1,UNSAFE
32.39055901578731,17.139090094946628,0,0,0,0,0,SAFE
26.94902014092004,24.017050813223562,1,1,0,0,0,MIXED
28.918494891756303,6.96798676390763,1,1,0,0,0,MIXED
41.974387967749514,19.45006561141012,0,0,0,0,0,SAFE
39.91252301283745,30.19083676732882,1,0,0,0,1,MIXED
47.78591665753824,21.447247540642085,0,0,0,0,0,SAFE
32.16479278412269,31.993678975454028,1,0,0,0,1,MIXED
35.575478845771904,32.37542432987094,1,0,0,0,1,MIXED
58.177560455404574,20.12656532363775,1,0,1,0,0,MIXED
50.25610478143537,-10.0,2,0,1,1,0,UNSAFE
40.43998067607698,26.021656399195397,1,0,0,0,1,MIXED
49.396082146512676,2.8027666190012255,1,0,0,1,0,MIXED
39.65022368105701,-10.0,1,0,0,1,0,MIXED
45.30394272138203,-3.833284012268237,1,0,0,1,0,MIXED
51.04382274230058,26.82724860717409,2,0,1,0,1,UNSAFE
38.20506548474801,20.212759304540885,0,0,0,0,0,SAFE
40.26321020751593,17.41908395014866,0,0,0,0,0,SAFE
32.8219246140548,21.224926232399092,0,0,0,0,0,SAFE
28.870518158204668,-3.299301623293818,2,1,0,1,0,UNSAFE
41.024573466664066,12.887567203887205,0,0,0,0,0,SAFE
44.178413844414,8.504925097636711,0,0,0,0,0,SAFE
57.08553332628472,16.60604989379442,1,0,1,0,0,MIXED
43.863054228129805,16.972338774070458,0,0,0,0,0,SAFE
50.02327895158462,20.760174144844644,1,0,1,0,0,MIXED
45.536143197666235,22.35984104865591,0,0,0,0,0,SAFE
27.40308290362247,-2.8684765058577746,2,1,0,1,0,UNSAFE
41.39153003758845,13.023261173180979,0,0,0,0,0,SAFE
46.638478752385666,15.200169021835054,0,0,0,0,0,SAFE
46.65491947563368,2.544047304387142,1,0,0,1,0,MIXED
41.914043436730445,1.5894326204221585,1,0,0,1,0,MIXED
45.094863474971206,-3.7828504236332066,1,0,0,1,0,MIXED
44.78648078832704,0.3100061910288776,1,0,0,1,0,MIXED
38.931777654225634,23.94927691449249,0,0,0,0,0,SAFE
43.81903990878734,-1.4566022372430112,1,0,0,1,0,MIXED
36.620849242447804,-0.013785254768020394,1,0,0,1,0,MIXED
28.441932003158453,16.176631761339742,1,1,0,0,0,MIXED
46.48238674848083,19.406059207156893,0,0,0,0,0,SAFE
46.82101451903801,14.880891491141815,0,0,0,0,0,SAFE
39.81287825000026,4.269306729376856,1,0,0,1,0,MIXED
38.47936262599601,1.786516146738295,1,0,0,1,0,MIXED
35.23867578298464,15.889268704380418,0,0,0,0,0,SAFE
41.057551299672625,45.647280378947755,1,0,0,0,1,MIXED
31.23363521995994,13.74901279168218,0,0,0,0,0,SAFE
30.610143110370206,11.122141240300492,0,0,0,0,0,SAFE
39.223254543078525,23.448800262331382,0,0,0,0,0,SAFE
38.40266768625663,13.08680399943841,0,0,0,0,0,SAFE
38.55745630022224,0.9894825594279091,1,0,0,1,0,MIXED
36.78318102565514,11.180632849161823,0,0,0,0,0,SAFE
42.59060706725108,20.58947287224825,0,0,0,0,0,SAFE
40.12322792231177,12.478237360186533,0,0,0,0,0,SAFE
28.233494732103576,20.39734517256351,1,1,0,0,0,MIXED
36.43281690279967,22.471232382297757,0,0,0,0,0,SAFE
52.53151958283357,13.120849733069948,1,0,1,0,0,MIXED
33.813509753872864,14.83301386913702,0,0,0,0,0,SAFE
44.78961598414911,11.844799987532792,0,0,0,0,0,SAFE
37.487692724965406,20.635322106974137,0,0,0,0,0,SAFE
45.98062619755356,11.537103596728423,0,0,0,0,0,SAFE
28.76747067791448,19.563781853794524,1,1,0,0,0,MIXED
35.86138245246899,17.14341075370309,0,0,0,0,0,SAFE
43.2092578534323,-3.8894742704266534,1,0,0,1,0,MIXED
42.64865347529259,20.145325253744556,0,0,0,0,0,SAFE
47.097219322483895,16.173657510963128,0,0,0,0,0,SAFE
26.182511648403278,27.770810621866374,2,1,0,0,1,UNSAFE
45.28818134034064,2.966806706295227,1,0,0,1,0,MIXED
35.697895678733815,17.312242092945205,0,0,0,0,0,SAFE
47.43827354638604,10.120371436522984,0,0,0,0,0,SAFE
48.6042032590326,-2.927668291001776,1,0,0,1,0,MIXED
33.6603279112497,-5.643640098420825,1,0,0,1,0,MIXED
34.820758857042456,30.08077184544095,1,0,0,0,1,MIXED
58.46241787668322,17.345904682304425,1,0,1,0,0,MIXED
36.89256634185156,12.783600991490566,0,0,0,0,0,SAFE
45.78671912666418,-0.629808516390824,1,0,0,1,0,MIXED
37.42000659215036,29.34893074450249,1,0,0,0,1,MIXED
33.6343194453731,7.509751007384571,0,0,0,0,0,SAFE
42.10554924785152,17.83142259504709,0,0,0,0,0,SAFE
36.99996763040422,15.769643832519554,0,0,0,0,0,SAFE
46.863516269915515,34.614518237636474,1,0,0,0,1,MIXED
40.99004496452175,14.587026846594373,0,0,0,0,0,SAFE
54.21961876783608,9.508341417019047,1,0,1,0,0,MIXED
31.405175737902553,17.502489756589625,0,0,0,0,0,SAFE
50.60940020070332,18.610471351996853,1,0,1,0,0,MIXED
41.22387473962203,0.5160662686516115,1,0,0,1,0,MIXED
41.53304603785301,27.331549263163367,1,0,0,0,1,MIXED
32.12706334768623,12.552528261967286,0,0,0,0,0,SAFE
38.90012214273311,8.022954293622547,0,0,0,0,0,SAFE
43.983384036152046,19.433052412560077,0,0,0,0,0,SAFE
45.462615238347496,5.23190236384875,0,0,0,0,0,SAFE
28.832130445330538,17.623884365307283,1,1,0,0,0,MIXED
37.95264766813879,33.38312379686786,1,0,0,0,1,MIXED
57.07607756811957,34.9068979439604,2,0,1,0,1,UNSAFE
34.479112791722294,20.693690867420933,0,0,0,0,0,SAFE
48.967620138011874,22.583542335444022,0,0,0,0,0,SAFE
39.16481644644913,27.79164902965326,1,0,0,0,1,MIXED
42.003799890932186,16.281061249354394,0,0,0,0,0,SAFE
29.69733238578285,21.447649695729886,1,1,0,0,0,MIXED
39.91670629142071,19.64778862100525,0,0,0,0,0,SAFE
43.88090959843694,16.809365766637708,0,0,0,0,0,SAFE
41.63429142026653,22.86599734660454,0,0,0,0,0,SAFE
40.40885970491947,0.44802580547016646,1,0,0,1,0,MIXED
46.55164485099147,6.909944750883614,0,0,0,0,0,SAFE
31.40590525854288,4.777566658574017,1,0,0,1,0,MIXED
44.266659034855365,14.0348119690515,0,0,0,0,0,SAFE
24.93853576261722,11.163440569473304,1,1,0,0,0,MIXED
51.35384979979811,10.487043290666211,1,0,1,0,0,MIXED
40.67618757257926,25.42991437327153,1,0,0,0,1,MIXED
48.36391406563629,25.21751087651711,1,0,0,0,1,MIXED
19.819571119570377,32.33523038442111,2,1,0,0,1,UNSAFE
47.091203483423435,39.6147641402415,1,0,0,0,1,MIXED
35.74139175380573,-2.6345060564891014,1,0,0,1,0,MIXED
42.057747653801414,12.246276702428391,0,0,0,0,0,SAFE
47.22931186891857,25.749283445863558,1,0,0,0,1,MIXED
41.301646840964025,12.592919541872742,0,0,0,0,0,SAFE
46.18175855612902,12.436713343075024,0,0,0,0,0,SAFE
39.2801431928257,25.37134938675286,1,0,0,0,1,MIXED
52.07822285522858,25.83966243863094,2,0,1,0,1,UNSAFE
40.65416229819579,-6.397889877531831,1,0,0,1,0,MIXED
40.81435130885721,7.420199873229513,0,0,0,0,0,SAFE
40.962199847915294,8.289091072823911,0,0,0,0,0,SAFE
41.83408115627518,4.607243707684356,1,0,0,1,0,MIXED
31.75426050625297,27.22691482570892,1,0,0,0,1,MIXED
34.24273909305877,15.003316252563536,0,0,0,0,0,SAFE
49.636118772822684,24.143041262295725,0,0,0,0,0,SAFE
48.35878563932281,18.028665145015353,0,0,0,0,0,SAFE
47.7920264682948,28.730881326061542,1,0,0,0,1,MIXED
45.400180751962985,-3.372023468141837,1,0,0,1,0,MIXED
37.77173435079923,21.963700717220878,0,0,0,0,0,SAFE
36.98323253032477,31.20106139458644,1,0,0,0,1,MIXED
41.49456137466855,15.852487713594362,0,0,0,0,0,SAFE
50.997953591213886,13.171501026907073,1,0,1,0,0,MIXED
43.41021628582549,23.991234839991122,0,0,0,0,0,SAFE
30.22183507333051,12.147018376124503,0,0,0,0,0,SAFE
48.63322636303296,15.656001483425941,0,0,0,0,0,SAFE
53.73867049661984,-0.7592335818691822,2,0,1,1,0,UNSAFE
28.479985856430936,22.696865166227177,1,1,0,0,0,MIXED
48.9264577194622,13.067499931681667,0,0,0,0,0,SAFE
45.20315520036579,22.452069776314065,0,0,0,0,0,SAFE
35.489094353186026,7.931516249507008,0,0,0,0,0,SAFE
43.51780943358909,24.0408895989372,0,0,0,0,0,SAFE
32.672344589136124,13.020523680649806,0,0,0,0,0,SAFE
40.04610694636449,19.179591050427643,0,0,0,0,0,SAFE
41.93041303992933,9.541164161971405,0,0,0,0,0,SAFE
51.988526246059244,9.6074251837918,1,0,1,0,0,MIXED
39.66322909582837,-0.9149763591962348,1,0,0,1,0,MIXED
36.29099298523284,20.1607607633905,0,0,0,0,0,SAFE
44.56481565083888,20.99516990065762,0,0,0,0,0,SAFE
46.40785828756536,35.877140362951536,1,0,0,0,1,MIXED
36.01712938042472,-1.1942374343478832,1,0,0,1,0,MIXED
33.59557603142781,7.963481641684086,0,0,0,0,0,SAFE
34.205384507064714,15.936608476448543,0,0,0,0,0,SAFE
52.02123924445617,30.39659072969915,2,0,1,0,1,UNSAFE
46.034468014772834,36.412722154540155,1,0,0,0,1,MIXED
39.14901554746865,-1.3251904200242635,1,0,0,1,0,MIXED
50.42542454310536,-3.385943917490625,2,0,1,1,0,UNSAFE
35.95997581840157,20.201122324227963,0,0,0,0,0,SAFE
41.180948159609756,13.09047237128494,0,0,0,0,0,SAFE
32.55367973743995,14.89197610566663,0,0,0,0,0,SAFE
50.029299909902335,15.19967916536019,1,0,1,0,0,MIXED
35.35819296287151,2.5246153940266947,1,0,0,1,0,MIXED
35.52324333635537,18.923337524143584,0,0,0,0,0,SAFE
44.74881809887768,6.994928994043313,0,0,0,0,0,SAFE
24.313924624143535,19.20012763672165,1,1,0,0,0,MIXED
34.818340808197995,21.890624790152835,0,0,0,0,0,SAFE
35.951122862978,5.120995463301913,0,0,0,0,0,SAFE
43.225375258076674,38.57699230026369,1,0,0,0,1,MIXED
47.992239928932584,16.362192992058517,0,0,0,0,0,SAFE
44.87081229104775,-2.5111586148559724,1,0,0,1,0,MIXED
33.02127703397955,-10.0,1,0,0,1,0,MIXED
55.83899115661298,30.273860291557483,2,0,1,0,1,UNSAFE
45.14254820971928,16.351151030842047,0,0,0,0,0,SAFE
29.58727998001936,12.80700039749309,1,1,0,0,0,MIXED
56.33913502723114,16.314159981957143,1,0,1,0,0,MIXED
37.48282827030483,-2.580706600036134,1,0,0,1,0,MIXED
53.04244582184644,14.299161989723437,1,0,1,0,0,MIXED
27.94612917309737,5.757343179284579,1,1,0,0,0,MIXED
31.779695861134957,13.682564742880281,0,0,0,0,0,SAFE
43.65871175690255,9.967829357214754,0,0,0,0,0,SAFE
48.21637277189505,15.788022404724417,0,0,0,0,0,SAFE
50.49849908217704,11.42805921919281,1,0,1,0,0,MIXED
66.36260473608917,9.355112765260424,1,0,1,0,0,MIXED
34.77336006595303,4.736994499042424,1,0,0,1,0,MIXED
40.312474187565556,-2.195360908657836,1,0,0,1,0,MIXED
44.35650275062248,-4.053037695648069,1,0,0,1,0,MIXED
43.293367392457846,1.4874825590364686,1,0,0,1,0,MIXED
38.94965274095926,21.045403991323592,0,0,0,0,0,SAFE
60.43230147101083,4.21999479218843,2,0,1,1,0,UNSAFE
40.79746040458887,7.762413252244578,0,0,0,0,0,SAFE
35.041037419513636,7.850266700304555,0,0,0,0,0,SAFE
48.59253180509551,10.119441357696203,0,0,0,0,0,SAFE
59.99450158616684,19.15979255894734,1,0,1,0,0,MIXED
33.9199147106074,11.332948178549227,0,0,0,0,0,SAFE
35.58522407968009,23.00068652946714,0,0,0,0,0,SAFE
28.889762747477977,1.5904861956418976,2,1,0,1,0,UNSAFE
37.26763105000687,21.829467931383256,0,0,0,0,0,SAFE
51.86448219858218,28.80542190772843,2,0,1,0,1,UNSAFE
46.23841215958024,14.1711046364198,0,0,0,0,0,SAFE
48.35700649851194,3.554993825682896,1,0,0,1,0,MIXED
27.242742223870188,19.36637577686489,1,1,0,0,0,MIXED
33.9545726628092,14.346932678345192,0,0,0,0,0,SAFE
42.957016126982516,17.481195591782967,0,0,0,0,0,SAFE
49.502332308200415,23.320751882917314,0,0,0,0,0,SAFE
43.56000053734152,10.579847195305945,0,0,0,0,0,SAFE
42.862096709410565,9.037895833250786,0,0,0,0,0,SAFE
40.42856862395063,41.181734235804136,1,0,0,0,1,MIXED
43.457517607068326,19.502450170375482,0,0,0,0,0,SAFE
36.3561548077571,25.20073416429868,1,0,0,0,1,MIXED
48.0821793813074,22.67352554655085,0,0,0,0,0,SAFE
43.71912997402771,25.341900957667708,1,0,0,0,1,MIXED
52.173481573077865,17.83098919349295,1,0,1,0,0,MIXED
41.083101127997416,23.94570990114761,0,0,0,0,0,SAFE
34.76699754752205,7.820397193846733,0,0,0,0,0,SAFE
41.57359725692079,-2.4135706843814546,1,0,0,1,0,MIXED
48.62076218850739,5.370861125341769,0,0,0,0,0,SAFE
38.22807182798594,12.867204043202289,0,0,0,0,0,SAFE
42.3142945725644,11.563467235769581,0,0,0,0,0,SAFE
41.46103162215721,14.40372367609586,0,0,0,0,0,SAFE
38.42375233898299,7.268055423612347,0,0,0,0,0,SAFE
50.651791394844814,-6.04405702266703,2,0,1,1,0,UNSAFE
40.35427872792414,10.311005281157843,0,0,0,0,0,SAFE
45.35033189381189,0.4570720348099133,1,0,0,1,0,MIXED
38.00171727005117,13.97640266010244,0,0,0,0,0,SAFE
50.56058888296367,18.32184966795424,1,0,1,0,0,MIXED
32.53209431304911,10.125232812793403,0,0,0,0,0,SAFE
49.08841082128553,2.992251340769325,1,0,0,1,0,MIXED
41.37084585302103,14.908795474737245,0,0,0,0,0,SAFE
38.913735520633885,41.95751782798915,1,0,0,0,1,MIXED
38.698148324419606,19.497651593677976,0,0,0,0,0,SAFE
35.86959103824573,20.277479919994043,0,0,0,0,0,SAFE
48.96630077481548,9.12035963253902,0,0,0,0,0,SAFE
41.562385478251734,6.047202301091266,0,0,0,0,0,SAFE
32.844769503600865,25.367954325002064,1,0,0,0,1,MIXED
37.567992432930815,-9.1361232850807,1,0,0,1,0,MIXED
56.122849251948985,6.979046769373937,1,0,1,0,0,MIXED
40.02901565001575,31.40906505494315,1,0,0,0,1,MIXED
40.86606324649888,13.366633977981365,0,0,0,0,0,SAFE
32.174615643595736,-1.3483369962756662,1,0,0,1,0,MIXED
40.668909883230974,18.62809774074895,0,0,0,0,0,SAFE
44.444203265686184,10.187389195307842,0,0,0,0,0,SAFE
42.16206239477554,-3.3720999532796725,1,0,0,1,0,MIXED
45.68133616556383,16.614058447700458,0,0,0,0,0,SAFE
57.78928715346286,15.074796464290474,1,0,1,0,0,MIXED
34.45864518283137,14.492768659111809,0,0,0,0,0,SAFE
39.3776015998733,19.347078687703977,0,0,0,0,0,SAFE
42.21513649380149,2.4005329894735628,1,0,0,1,0,MIXED
28.914053694447844,17.62908202633016,1,1,0,0,0,MIXED
53.06491632855391,15.793478840517192,1,0,1,0,0,MIXED
48.50637883136166,25.128091542036003,1,0,0,0,1,MIXED
44.13433476635735,6.855085121385917,0,0,0,0,0,SAFE
43.56246468036451,27.070728876004807,1,0,0,0,1,MIXED
46.23912439679931,22.482453428286558,0,0,0,0,0,SAFE
38.29963006646539,12.976462402545177,0,0,0,0,0,SAFE
41.05018151279706,14.486619974632042,0,0,0,0,0,SAFE
51.34366652809887,-8.471737283381671,2,0,1,1,0,UNSAFE
42.2443064366547,14.205036243051458,0,0,0,0,0,SAFE
31.027990868446807,21.71767216587465,0,0,0,0,0,SAFE
36.2039984644406,11.429673506468403,0,0,0,0,0,SAFE
56.790255262032346,25.09973649539056,2,0,1,0,1,UNSAFE
46.595895513160926,18.80776934644404,0,0,0,0,0,SAFE
40.682559820437255,34.993772653701015,1,0,0,0,1,MIXED
48.417341051521916,7.504500860347475,0,0,0,0,0,SAFE
30.79918177425877,20.668380019892695,0,0,0,0,0,SAFE
41.553046960972445,0.710618330538324,1,0,0,1,0,MIXED
45.42868932569266,12.309728396884793,0,0,0,0,0,SAFE
46.24531940421976,19.417402145809067,0,0,0,0,0,SAFE
37.13388782764929,21.328447644242047,0,0,0,0,0,SAFE
38.01675933892081,10.671181268190287,0,0,0,0,0,SAFE
37.741828747028975,26.30974427806271,1,0,0,0,1,MIXED
39.755420895565116,28.724431805642517,1,0,0,0,1,MIXED
56.26787896149488,7.612808631455512,1,0,1,0,0,MIXED
18.632037482424533,25.445095432712726,2,1,0,0,1,UNSAFE
39.26422482111887,6.3381358686800855,0,0,0,0,0,SAFE
37.290255150776254,10.851861786339708,0,0,0,0,0,SAFE
52.37754472554992,16.599112393175144,1,0,1,0,0,MIXED
52.26878904086509,19.942201192784957,1,0,1,0,0,MIXED
39.52615420839612,11.096427967907427,0,0,0,0,0,SAFE
46.49287000599681,23.204256293327084,0,0,0,0,0,SAFE
49.974341485606956,12.38461488624257,0,0,0,0,0,SAFE
43.40164685123578,20.840404092553264,0,0,0,0,0,SAFE
38.9282797925051,3.650599661972331,1,0,0,1,0,MIXED
35.54983146638301,12.589645574520146,0,0,0,0,0,SAFE
47.29765711376241,27.58977495572102,1,0,0,0,1,MIXED
31.151622330123033,9.026549860700174,0,0,0,0,0,SAFE
39.137100023493986,22.947170323066437,0,0,0,0,0,SAFE
37.775115716891996,10.70267665052528,0,0,0,0,0,SAFE
30.704059382798206,19.83407315973259,0,0,0,0,0,SAFE
40.70880740322756,8.459549650204035,0,0,0,0,0,SAFE
39.923894204143224,26.26995501931263,1,0,0,0,1,MIXED
33.960904733441254,6.583403688964038,0,0,0,0,0,SAFE
52.018019579724964,15.757748280188576,1,0,1,0,0,MIXED
47.35803277369534,19.017519100056866,0,0,0,0,0,SAFE
41.717323581648415,11.517008808514435,0,0,0,0,0,SAFE
48.65246417987055,26.62336567811155,1,0,0,0,1,MIXED
50.673506776128775,3.1452836635231627,2,0,1,1,0,UNSAFE
52.439288142754634,11.420647458023549,1,0,1,0,0,MIXED
35.95976369964133,13.306723032315267,0,0,0,0,0,SAFE
48.649027481989854,20.404641840280625,0,0,0,0,0,SAFE
39.95690870516586,23.376658668779747,0,0,0,0,0,SAFE
43.11888464607548,9.270285344606258,0,0,0,0,0,SAFE
36.33571773633206,19.102348444216197,0,0,0,0,0,SAFE
41.33985811347519,1.2449484658636383,1,0,0,1,0,MIXED
48.777291944556026,10.197249713755795,0,0,0,0,0,SAFE
54.736957183910356,0.9701001484528895,2,0,1,1,0,UNSAFE
40.55433122887991,8.000223155607724,0,0,0,0,0,SAFE
34.19661983698129,10.132092832416234,0,0,0,0,0,SAFE
56.16454087229585,16.433701700795037,1,0,1,0,0,MIXED
35.66633568962057,-3.286284103374051,1,0,0,1,0,MIXED
28.22909962921851,9.635368558812647,1,1,0,0,0,MIXED
36.930496126890716,12.759492937655146,0,0,0,0,0,SAFE
23.82252959651319,14.083184049534665,1,1,0,0,0,MIXED
50.221838201176865,31.228412473641953,2,0,1,0,1,UNSAFE
26.844430816662886,6.986072407608445,1,1,0,0,0,MIXED
35.16612911220372,16.4572142752565,0,0,0,0,0,SAFE
32.241820256988376,31.82263248726681,1,0,0,0,1,MIXED
42.34817977348592,13.768537107007882,0,0,0,0,0,SAFE
54.74170987026222,14.839523759166518,1,0,1,0,0,MIXED
45.20242725198951,7.492017267079508,0,0,0,0,0,SAFE
31.035983479564933,8.896383684957692,0,0,0,0,0,SAFE
59.49580671155859,21.33020948286956,1,0,1,0,0,MIXED
44.1962786968884,5.236266098148004,0,0,0,0,0,SAFE
49.29000640787076,1.423067256862085,1,0,0,1,0,MIXED
29.46354840254095,9.411128771183542,1,1,0,0,0,MIXED
57.63592729569158,33.97894232392612,2,0,1,0,1,UNSAFE
38.39010457399565,8.258009818020158,0,0,0,0,0,SAFE
28.87710367552176,15.780307255200844,1,1,0,0,0,MIXED
43.29610201590496,22.895562541969124,0,0,0,0,0,SAFE
49.28566010660131,13.02578082335367,0,0,0,0,0,SAFE
46.44822299807667,7.993611321534639,0,0,0,0,0,SAFE
46.29634026688549,9.927679218154413,0,0,0,0,0,SAFE
45.675668127735506,18.785013252853652,0,0,0,0,0,SAFE
42.55042900556052,22.945397181593545,0,0,0,0,0,SAFE
29.436807429114516,4.3508378177906,2,1,0,1,0,UNSAFE
39.839522611575724,0.5673661232667708,1,0,0,1,0,MIXED
38.74508388356236,11.253697049224497,0,0,0,0,0,SAFE
52.47747029333355,16.425337022914622,1,0,1,0,0,MIXED
50.23543660851102,18.01674718809718,1,0,1,0,0,MIXED
37.71466183014348,16.337168077465122,0,0,0,0,0,SAFE
47.83541067145738,26.934013264425808,1,0,0,0,1,MIXED
40.941519496524535,-1.4751064385294406,1,0,0,1,0,MIXED
28.257581940624785,11.73587389883113,1,1,0,0,0,MIXED
23.296787990816217,32.9510446573683,2,1,0,0,1,UNSAFE
46.775465851197865,8.643329905027553,0,0,0,0,0,SAFE
33.122819247929634,25.281190959761098,1,0,0,0,1,MIXED
33.090902754791955,4.8177323639894745,1,0,0,1,0,MIXED
35.87243247978647,16.140874145743254,0,0,0,0,0,SAFE
46.966379513179184,26.92672233415663,1,0,0,0,1,MIXED
50.35977039157361,15.007737092347416,1,0,1,0,0,MIXED
50.16417579005067,8.290003860236396,1,0,1,0,0,MIXED
27.43307188430427,8.288689282894918,1,1,0,0,0,MIXED
35.5499158857897,8.680129282008231,0,0,0,0,0,SAFE
34.325002166064884,10.388904224202879,0,0,0,0,0,SAFE
46.960137712748626,32.152571026625715,1,0,0,0,1,MIXED
28.197228205927814,2.1226537309925586,2,1,0,1,0,UNSAFE
35.66842993017466,22.65741877436593,0,0,0,0,0,SAFE
40.3604204562156,7.7589077689637715,0,0,0,0,0,SAFE
47.733864061643374,24.56390266341969,0,0,0,0,0,SAFE
41.849920324610956,6.837807733794563,0,0,0,0,0,SAFE
44.16223653788314,12.667317915474332,0,0,0,0,0,SAFE
40.07189404971631,9.875997813981638,0,0,0,0,0,SAFE
49.39986597857671,17.49880226326794,0,0,0,0,0,SAFE
50.28560705511704,28.363261454781256,2,0,1,0,1,UNSAFE
45.67184615093313,9.93522885114848,0,0,0,0,0,SAFE
50.32260985775828,19.656647022783545,1,0,1,0,0,MIXED
62.82694221446111,18.101028884946864,1,0,1,0,0,MIXED
47.58150431211267,17.904238912960317,0,0,0,0,0,SAFE
41.20721126505506,12.412084504124337,0,0,0,0,0,SAFE
44.353950757268535,20.21175751813855,0,0,0,0,0,SAFE
51.2351031971554,18.088505583037644,1,0,1,0,0,MIXED
38.29688659659817,11.731460034010166,0,0,0,0,0,SAFE
31.416504456774554,31.612138435723097,1,0,0,0,1,MIXED
37.67061109183321,24.674404601379067,0,0,0,0,0,SAFE
44.212406859540266,18.03731830839407,0,0,0,0,0,SAFE
41.06041699782131,7.122011113733267,0,0,0,0,0,SAFE
34.2517167960642,32.28465388804937,1,0,0,0,1,MIXED
42.91168863069797,26.25267746187651,1,0,0,0,1,MIXED
53.07925550116201,10.891530699007859,1,0,1,0,0,MIXED
45.388046127422754,15.450107754913477,0,0,0,0,0,SAFE
32.74228957586489,13.14520024095744,0,0,0,0,0,SAFE
46.70005272191382,10.009707449891422,0,0,0,0,0,SAFE
39.40125443702511,13.26633144614355,0,0,0,0,0,SAFE
58.89223465048083,-3.340489371044395,2,0,1,1,0,UNSAFE
46.013146392218076,12.46660922747835,0,0,0,0,0,SAFE
36.87476073198053,12.221242928437347,0,0,0,0,0,SAFE
47.33900995066738,22.245235940205607,0,0,0,0,0,SAFE
43.48813697947802,25.92741316456627,1,0,0,0,1,MIXED
52.15066396080461,23.163759419506142,1,0,1,0,0,MIXED
37.63046039082225,19.944415492128766,0,0,0,0,0,SAFE
45.99360527310856,6.843685663534483,0,0,0,0,0,SAFE
29.444488847565935,-5.2277562137455575,2,1,0,1,0,UNSAFE
42.55884392089721,17.980397148669184,0,0,0,0,0,SAFE
32.54574737878069,25.460323325513627,1,0,0,0,1,MIXED
43.2177451943713,28.49452614915353,1,0,0,0,1,MIXED
44.96428695986873,4.336664281208487,1,0,0,1,0,MIXED
45.66624970632119,21.701106948721012,0,0,0,0,0,SAFE
37.61901131290395,0.579070026901249,1,0,0,1,0,MIXED
42.80236851445285,4.9915536468381525,1,0,0,1,0,MIXED
50.967101304489056,10.928233195734075,1,0,1,0,0,MIXED
55.79680885194639,-6.241586675188358,2,0,1,1,0,UNSAFE
43.07836483316118,29.293926401013202,1,0,0,0,1,MIXED
34.87756547290162,13.407990643729645,0,0,0,0,0,SAFE
38.775714285087645,8.16232357847717,0,0,0,0,0,SAFE
43.95698112891425,2.045783990008962,1,0,0,1,0,MIXED
41.11224974935819,20.159942376845734,0,0,0,0,0,SAFE
40.27925030890685,4.997958000142244,1,0,0,1,0,MIXED
50.24148318881201,22.3025696161685,1,0,1,0,0,MIXED
33.670502629570066,2.0589243497745873,1,0,0,1,0,MIXED
34.384604672049406,20.452731654872153,0,0,0,0,0,SAFE
44.204583191700365,22.90082712445714,0,0,0,0,0,SAFE
39.39079825559508,5.752657624998928,0,0,0,0,0,SAFE
49.350771907315995,9.46551486548836,0,0,0,0,0,SAFE
43.49238444683183,-0.499248391153742,1,0,0,1,0,MIXED
37.441516605417604,25.093963209415133,1,0,0,0,1,MIXED
36.269803466641136,23.145038214514994,0,0,0,0,0,SAFE
23.35184243049445,9.40608340356814,1,1,0,0,0,MIXED
40.62916283297494,32.42540303342406,1,0,0,0,1,MIXED
32.647496959884386,21.709932954470897,0,0,0,0,0,SAFE
50.45545424999035,7.785103527557256,1,0,1,0,0,MIXED
39.011808409818485,16.416287738119035,0,0,0,0,0,SAFE
30.148120262459763,10.448967881386434,0,0,0,0,0,SAFE
52.208896327571324,20.226548108644206,1,0,1,0,0,MIXED
40.74598968413406,16.130723618364833,0,0,0,0,0,SAFE
46.64724292423817,22.724101479101137,0,0,0,0,0,SAFE
37.548686820967184,30.347209432796696,1,0,0,0,1,MIXED
52.53078560963729,21.772576303532126,1,0,1,0,0,MIXED
35.25632107323287,4.797760932294068,1,0,0,1,0,MIXED
39.38716962722725,15.607650976444107,0,0,0,0,0,SAFE
27.852065075527584,19.94693133545256,1,1,0,0,0,MIXED
52.29969811078777,20.76474139830877,1,0,1,0,0,MIXED
36.59157757756612,7.055966025995094,0,0,0,0,0,SAFE
44.39881875339263,13.466962846618202,0,0,0,0,0,SAFE
45.54432939404727,21.017213726056347,0,0,0,0,0,SAFE
50.7351242311573,3.6787657107047806,2,0,1,1,0,UNSAFE
43.7729515827945,11.365249960386766,0,0,0,0,0,SAFE
41.210919648517105,23.64408852668744,0,0,0,0,0,SAFE
49.78500698440995,28.98443650383654,1,0,0,0,1,MIXED
45.404722002946144,13.899832092442058,0,0,0,0,0,SAFE
39.97697224439693,-2.347550023946688,1,0,0,1,0,MIXED
52.71788035918883,11.781015862143299,1,0,1,0,0,MIXED
46.04717648002328,21.789965257424328,0,0,0,0,0,SAFE
32.037475927598884,5.766536075403653,0,0,0,0,0,SAFE
54.376159256443955,17.904355156835443,1,0,1,0,0,MIXED
37.35531468561187,13.736529888724561,0,0,0,0,0,SAFE
50.689895238662714,24.343144797343044,1,0,1,0,0,MIXED
30.271345902082857,31.342838436718925,1,0,0,0,1,MIXED
49.72918424798944,13.475247506584138,0,0,0,0,0,SAFE
32.466220455306235,25.540086400609255,1,0,0,0,1,MIXED
45.811420002356954,0.422016219222348,1,0,0,1,0,MIXED
40.143375397132985,46.261729427924884,1,0,0,0,1,MIXED
42.132014059315374,7.580294056643431,0,0,0,0,0,SAFE
33.93202699754688,32.7209898342942,1,0,0,0,1,MIXED
48.7820759166215,29.074391139172278,1,0,0,0,1,MIXED
43.985482272737265,27.540192353327868,1,0,0,0,1,MIXED
35.213436883616716,16.62590980915058,0,0,0,0,0,SAFE
44.296428119781886,28.824469318752207,1,0,0,0,1,MIXED
44.550744321123645,8.744882582637851,0,0,0,0,0,SAFE
42.51259071136299,-1.7641320246024073,1,0,0,1,0,MIXED
23.43225013383786,23.313413701082872,1,1,0,0,0,MIXED
39.002048909549245,12.385827010197323,0,0,0,0,0,SAFE
48.647573434932916,28.970103850445987,1,0,0,0,1,MIXED
46.27590363862066,34.28072830217812,1,0,0,0,1,MIXED
46.02151307245822,18.022134635799947,0,0,0,0,0,SAFE
43.92311058003679,2.1450443786638367,1,0,0,1,0,MIXED
49.64798884512098,-9.454660200152858,1,0,0,1,0,MIXED
37.30997714179377,15.229303505676125,0,0,0,0,0,SAFE
35.681901412693094,10.482440769271786,0,0,0,0,0,SAFE
56.71500452981783,26.04023885781679,2,0,1,0,1,UNSAFE
36.51337855354609,10.304334890276236,0,0,0,0,0,SAFE
31.78396841158525,22.04993786006137,0,0,0,0,0,SAFE
40.002060396716196,-4.66466470894548,1,0,0,1,0,MIXED
42.80626873448047,19.389788836018255,0,0,0,0,0,SAFE
49.70512778540042,14.26645205423225,0,0,0,0,0,SAFE
39.01863069770895,34.86264680489528,1,0,0,0,1,MIXED
42.05268924879641,22.19561831597935,0,0,0,0,0,SAFE
37.68368285298993,21.899096516358327,0,0,0,0,0,SAFE
30.354968060767217,10.379324542813663,0,0,0,0,0,SAFE
32.33380608459157,8.950266781305325,0,0,0,0,0,SAFE
52.00376032184857,8.876741106963022,1,0,1,0,0,MIXED
47.74604900379268,30.1726518205704,1,0,0,0,1,MIXED
41.779381491173446,24.9376710505628,0,0,0,0,0,SAFE
46.2486876651094,16.16436930583533,0,0,0,0,0,SAFE
48.00252471453543,33.39938089991854,1,0,0,0,1,MIXED
36.90184869993158,5.407990998239251,0,0,0,0,0,SAFE
33.85668363475725,24.944279697365545,0,0,0,0,0,SAFE
51.03494098502682,9.629630666660649,1,0,1,0,0,MIXED
24.911891604485223,8.252432600769144,1,1,0,0,0,MIXED
46.38283342245597,14.33276861017167,0,0,0,0,0,SAFE
43.44278197404294,9.766555817244022,0,0,0,0,0,SAFE
50.112712997678116,18.431918017546362,1,0,1,0,0,MIXED
46.69170777891041,16.590656830266816,0,0,0,0,0,SAFE
46.19494530888675,19.585716881809613,0,0,0,0,0,SAFE
34.57540297491374,18.73063095375128,0,0,0,0,0,SAFE
48.33206537557216,26.55141466194844,1,0,0,0,1,MIXED
45.3288571862697,5.347494812684639,0,0,0,0,0,SAFE
35.50946136340798,10.64851918747069,0,0,0,0,0,SAFE
43.5157112650922,13.777638986924067,0,0,0,0,0,SAFE
33.01014347495269,3.7027996568494874,1,0,0,1,0,MIXED
25.21182580074653,-10.0,2,1,0,1,0,UNSAFE
40.9457454163606,38.20230375142856,1,0,0,0,1,MIXED
56.374236190331416,5.217685878770288,1,0,1,0,0,MIXED
43.19922637912489,0.3542048994983418,1,0,0,1,0,MIXED
31.503123753135032,3.025274023696202,1,0,0,1,0,MIXED
40.196010524465336,13.175403897880239,0,0,0,0,0,SAFE
44.02161576645487,21.63216389704283,0,0,0,0,0,SAFE
39.30495261283873,15.362019706626281,0,0,0,0,0,SAFE
33.24949994647832,1.555029757428187,1,0,0,1,0,MIXED
30.008221231613522,21.492478011282273,0,0,0,0,0,SAFE
39.29673721529405,-3.711202628244031,1,0,0,1,0,MIXED
41.49528837853112,2.5117866821391654,1,0,0,1,0,MIXED
55.283030551783774,9.211782784131737,1,0,1,0,0,MIXED
47.45204788655297,25.889630273849875,1,0,0,0,1,MIXED
34.36057237954367,15.760471175547078,0,0,0,0,0,SAFE
46.427743211105174,16.155461724101066,0,0,0,0,0,SAFE
44.888806074478545,1.703706064408463,1,0,0,1,0,MIXED
46.43228975771619,10.13835805827291,0,0,0,0,0,SAFE
44.795609786273126,24.199888455514643,0,0,0,0,0,SAFE
47.35046806014619,18.48719725489474,0,0,0,0,0,SAFE
47.13702636947613,21.884110538887853,0,0,0,0,0,SAFE
53.964009291071406,14.659493005372289,1,0,1,0,0,MIXED
43.31165594753911,24.320668089761114,0,0,0,0,0,SAFE
38.0768991218919,1.6473252732201438,1,0,0,1,0,MIXED
45.94584139666217,12.939763153840554,0,0,0,0,0,SAFE
32.339780706125055,20.005419293798372,0,0,0,0,0,SAFE
53.449064120233984,-1.2974254628908604,2,0,1,1,0,UNSAFE
50.17859996173185,-10.0,2,0,1,1,0,UNSAFE
38.79770695854789,33.4051591224258,1,0,0,0,1,MIXED
39.373407611897065,15.899383958209919,0,0,0,0,0,SAFE
48.10292960618844,-2.164735140606524,1,0,0,1,0,MIXED
42.57675840671804,15.642130719613082,0,0,0,0,0,SAFE
56.89856778598992,2.642591690021767,2,0,1,1,0,UNSAFE
38.94768546839903,5.716442091763843,0,0,0,0,0,SAFE
33.72470557046896,26.27402727064578,1,0,0,0,1,MIXED
42.213212016006544,9.444328035734792,0,0,0,0,0,SAFE
37.85723279085972,9.36772923054604,0,0,0,0,0,SAFE
38.20957458073845,2.355546557107356,1,0,0,1,0,MIXED
39.930163659478396,11.407933083478554,0,0,0,0,0,SAFE
35.93762634877326,16.55046256304975,0,0,0,0,0,SAFE
43.91911584094527,9.433527857082924,0,0,0,0,0,SAFE
40.84692679386996,36.58623726900856,1,0,0,0,1,MIXED
58.9634660688171,4.459098098702643,2,0,1,1,0,UNSAFE
34.684419467291534,4.405967230080034,1,0,0,1,0,MIXED
50.456431519777915,11.014707004243059,1,0,1,0,0,MIXED
43.917393948770396,34.96967333280884,1,0,0,0,1,MIXED
41.9162816455163,22.062487217573207,0,0,0,0,0,SAFE
46.163365994403144,9.117826483040506,0,0,0,0,0,SAFE
50.47329385393487,6.5029919089981405,1,0,1,0,0,MIXED
52.7190382915534,9.125490347908803,1,0,1,0,0,MIXED
38.176258235711245,4.115121763732084,1,0,0,1,0,MIXED
34.60592471346683,10.732356776714646,0,0,0,0,0,SAFE
22.549211536715106,12.666676588244036,1,1,0,0,0,MIXED
37.936206102067864,22.90011098611832,0,0,0,0,0,SAFE
45.3838459068546,7.923625689007032,0,0,0,0,0,SAFE
38.331593924592745,12.653819614791022,0,0,0,0,0,SAFE
53.88765243580679,6.776953195435581,1,0,1,0,0,MIXED
36.24191468039477,3.7141584838284913,1,0,0,1,0,MIXED
30.14368416451052,18.07003623625495,0,0,0,0,0,SAFE
43.62322664858568,27.82761852835352,1,0,0,0,1,MIXED
50.33127206181544,38.97116714531808,2,0,1,0,1,UNSAFE
41.40901785967123,12.39470436203793,0,0,0,0,0,SAFE
31.598189238933124,21.965781674763257,0,0,0,0,0,SAFE
42.94827393157071,21.512663050106834,0,0,0,0,0,SAFE
32.8870062460928,18.516041890266997,0,0,0,0,0,SAFE
43.641596943631534,16.390350398936867,0,0,0,0,0,SAFE
36.53387273447581,26.893246485533986,1,0,0,0,1,MIXED
58.40246063182409,3.8965597370238463,2,0,1,1,0,UNSAFE
47.763551836743666,-10.0,1,0,0,1,0,MIXED
47.34887959585967,-3.7015461654175468,1,0,0,1,0,MIXED
37.800261216805936,1.8697533824574961,1,0,0,1,0,MIXED
40.27510804040483,23.387936983678287,0,0,0,0,0,SAFE
27.141493890183817,11.405203104843611,1,1,0,0,0,MIXED
37.893049849471545,30.810486838718745,1,0,0,0,1,MIXED
45.454088062802285,3.2278288672657744,1,0,0,1,0,MIXED
38.229644967756805,30.561042383855316,1,0,0,0,1,MIXED
47.7149225341922,5.817665375945785,0,0,0,0,0,SAFE
39.86343569293529,12.64890851591852,0,0,0,0,0,SAFE
37.696144582753554,-2.1021215632168975,1,0,0,1,0,MIXED
36.579026276880256,28.891993058653746,1,0,0,0,1,MIXED
38.9508441035106,13.96746369539081,0,0,0,0,0,SAFE
43.124205174828596,37.18141394712126,1,0,0,0,1,MIXED
42.07099817133569,25.939453535835113,1,0,0,0,1,MIXED
37.21455862359043,12.406007394975086,0,0,0,0,0,SAFE
42.10042178488228,7.258670581506155,0,0,0,0,0,SAFE
40.37025775517634,23.8805093581327,0,0,0,0,0,SAFE
35.597083511264934,15.000890309636382,0,0,0,0,0,SAFE
47.66986841324746,6.755339511872556,0,0,0,0,0,SAFE
50.763310340919645,15.728834797113226,1,0,1,0,0,MIXED
40.67901949328568,-5.081478058002148,1,0,0,1,0,MIXED
39.01110046389221,18.71592416145303,0,0,0,0,0,SAFE
55.96276015041974,20.67889154111613,1,0,1,0,0,MIXED
51.00972985422679,2.908954263780611,2,0,1,1,0,UNSAFE
40.98542003477637,27.207464423288638,1,0,0,0,1,MIXED
34.89813159680062,24.652226289731026,0,0,0,0,0,SAFE
47.866542916802665,17.747236484498202,0,0,0,0,0,SAFE
39.3703789989122,5.137048454275648,0,0,0,0,0,SAFE
56.203034352826506,21.318625177240307,1,0,1,0,0,MIXED
44.724928997403595,10.87150251797749,0,0,0,0,0,SAFE
42.30297303671982,16.647172699700327,0,0,0,0,0,SAFE
45.19900547786858,22.343402884719342,0,0,0,0,0,SAFE
35.740227793159264,0.3340303451299569,1,0,0,1,0,MIXED
42.67424681018798,-2.4721733732476174,1,0,0,1,0,MIXED
39.410712040050896,9.908101698882373,0,0,0,0,0,SAFE
45.93398553761335,34.82597035486309,1,0,0,0,1,MIXED
26.44327500877151,37.74185030318401,2,1,0,0,1,UNSAFE
40.13539872704779,18.4780868217258,0,0,0,0,0,SAFE
30.68134273901027,24.968715702263204,0,0,0,0,0,SAFE
42.331780290813796,14.38532588811713,0,0,0,0,0,SAFE
26.50091908077637,15.737968138474274,1,1,0,0,0,MIXED
48.766626590532596,12.637213645168114,0,0,0,0,0,SAFE
51.3935947651532,26.328951718913626,2,0,1,0,1,UNSAFE
36.87123693807322,30.95113858797393,1,0,0,0,1,MIXED
42.36235971460066,15.497452507878307,0,0,0,0,0,SAFE
42.79184978082185,15.69315750941126,0,0,0,0,0,SAFE
20.958933146731933,13.144936018102793,1,1,0,0,0,MIXED
31.088428226700366,31.263357022156764,1,0,0,0,1,MIXED
54.688663933769604,23.51938332455588,1,0,1,0,0,MIXED
40.09226050128889,4.919850633963014,1,0,0,1,0,MIXED
36.73935198979516,34.42641906426033,1,0,0,0,1,MIXED
36.46242090784032,-8.555953543860639,1,0,0,1,0,MIXED
50.24132406788315,30.005031136178935,2,0,1,0,1,UNSAFE
55.27372549733218,25.383480042493286,2,0,1,0,1,UNSAFE
51.61215741787825,15.52934074053542,1,0,1,0,0,MIXED
25.389635012066694,15.278810415000136,1,1,0,0,0,MIXED
46.972582179355335,13.647299434337496,0,0,0,0,0,SAFE
40.55331105008308,5.358819609816777,0,0,0,0,0,SAFE
33.986090053823794,33.3814851476607,1,0,0,0,1,MIXED
56.99477095904113,14.973528687538964,1,0,1,0,0,MIXED
44.252188840743415,5.191419429629812,0,0,0,0,0,SAFE
47.14059879951563,32.596491716142,1,0,0,0,1,MIXED
29.766153760442453,19.63883299702394,1,1,0,0,0,MIXED
46.31217794116032,20.276065148892574,0,0,0,0,0,SAFE
55.14254134278775,35.360182121711524,2,0,1,0,1,UNSAFE
40.1321305770187,21.73173672156358,0,0,0,0,0,SAFE
42.67386964580847,8.678847070603041,0,0,0,0,0,SAFE
44.166513255048116,21.71499528500248,0,0,0,0,0,SAFE
43.735429483335885,6.188187905138825,0,0,0,0,0,SAFE
38.29151488115458,10.440925798253426,0,0,0,0,0,SAFE
35.26044836055436,18.135395816056686,0,0,0,0,0,SAFE
45.34489677034462,24.795176008871962,0,0,0,0,0,SAFE
35.13902121471495,9.225213137712068,0,0,0,0,0,SAFE
54.436555615449905,13.355041359270798,1,0,1,0,0,MIXED
42.24104823401307,13.248962786043506,0,0,0,0,0,SAFE
51.064246549773145,26.718086807150293,2,0,1,0,1,UNSAFE
50.90566480471078,15.265676113575479,1,0,1,0,0,MIXED
35.020512180087984,34.25213077759254,1,0,0,0,1,MIXED
48.85047181564414,10.433410186076102,0,0,0,0,0,SAFE
53.39055077555529,9.64391084740905,1,0,1,0,0,MIXED
53.28562722550925,29.782845893844915,2,0,1,0,1,UNSAFE
34.62813782655155,20.817583030209608,0,0,0,0,0,SAFE
48.25752563169063,41.149091995863316,1,0,0,0,1,MIXED
36.061591058929146,29.325432769938292,1,0,0,0,1,MIXED
42.13876814426843,2.5863581641943068,1,0,0,1,0,MIXED
41.0401026413257,15.024647610997071,0,0,0,0,0,SAFE
33.52887845507769,18.121736188515293,0,0,0,0,0,SAFE
49.66247404398865,17.382006540620125,0,0,0,0,0,SAFE
37.665247284960984,13.51527931593034,0,0,0,0,0,SAFE
41.963653145652394,17.173216274810486,0,0,0,0,0,SAFE
50.87864609792025,17.719397533860892,1,0,1,0,0,MIXED
30.778426970962315,9.376789280113087,0,0,0,0,0,SAFE
43.328168407173095,26.24124484954114,1,0,0,0,1,MIXED
52.38277153229241,32.746853415874554,2,0,1,0,1,UNSAFE
43.04491518063444,22.633091755024935,0,0,0,0,0,SAFE
30.364307724776246,19.29881573161483,0,0,0,0,0,SAFE
33.397887188313106,14.374608042452502,0,0,0,0,0,SAFE
66.23870711097715,18.035542361904298,1,0,1,0,0,MIXED
35.08949424655737,19.077890059579055,0,0,0,0,0,SAFE
37.86339850728516,5.392558868424487,0,0,0,0,0,SAFE
58.825116267124,25.66812026266753,2,0,1,0,1,UNSAFE
44.76429299996596,11.081767097524587,0,0,0,0,0,SAFE
39.51368413622241,30.424818668441503,1,0,0,0,1,MIXED
44.45262030131654,-10.0,1,0,0,1,0,MIXED
61.367508125270696,16.83062356972285,1,0,1,0,0,MIXED
44.74695204587854,25.866948134347965,1,0,0,0,1,MIXED
45.72322261849269,22.469086177168098,0,0,0,0,0,SAFE
38.610212261080605,2.7020467603361347,1,0,0,1,0,MIXED
44.24186225178557,29.3161465227459,1,0,0,0,1,MIXED
36.817579532935056,7.719760051802236,0,0,0,0,0,SAFE
51.7681540830395,10.427547948589087,1,0,1,0,0,MIXED
38.715520689324784,11.268557270537581,0,0,0,0,0,SAFE
41.480152152076165,-0.7363809590203889,1,0,0,1,0,MIXED
37.685279099666985,17.30368019139722,0,0,0,0,0,SAFE
43.785903489398635,26.579930525795874,1,0,0,0,1,MIXED
56.71513777755844,30.12483446664403,2,0,1,0,1,UNSAFE
49.31721907259148,13.512654092327926,0,0,0,0,0,SAFE
37.01544744034496,15.17878432508402,0,0,0,0,0,SAFE
46.68463015818318,23.219377982456678,0,0,0,0,0,SAFE
46.9846858681268,13.788245286239475,0,0,0,0,0,SAFE
48.294897918738094,27.608725050835027,1,0,0,0,1,MIXED
49.04128307254033,14.67986944836601,0,0,0,0,0,SAFE
35.329210459951945,6.424325706118925,0,0,0,0,0,SAFE
36.55025901126255,17.5707519867493,0,0,0,0,0,SAFE
46.15843002844507,0.8546768205597015,1,0,0,1,0,MIXED
37.968039133091594,17.432854653053937,0,0,0,0,0,SAFE
34.80256071921918,19.33904153059605,0,0,0,0,0,SAFE
39.54057367266748,7.765797283307433,0,0,0,0,0,SAFE
42.42564345959118,18.922803295791006,0,0,0,0,0,SAFE
35.21176868584058,12.573876201859525,0,0,0,0,0,SAFE
45.74142701845686,7.379098166832325,0,0,0,0,0,SAFE
28.737945276608784,-0.36573845689754414,2,1,0,1,0,UNSAFE
38.65559308754424,1.8158172369486163,1,0,0,1,0,MIXED
39.21822483859003,31.64942851172679,1,0,0,0,1,MIXED
30.97121289849055,12.173951485222991,0,0,0,0,0,SAFE
59.05843643417107,19.081300829757097,1,0,1,0,0,MIXED
39.0582137001952,13.431173654807617,0,0,0,0,0,SAFE
45.43490006714622,31.957719306274402,1,0,0,0,1,MIXED
37.75317114018206,7.423897171117173,0,0,0,0,0,SAFE
30.96953013775818,16.03096032509804,0,0,0,0,0,SAFE
30.7545010414567,10.362173751782054,0,0,0,0,0,SAFE
34.73053247111718,25.741235102341058,1,0,0,0,1,MIXED
37.932828901065555,18.96930328005616,0,0,0,0,0,SAFE
29.1672639864915,16.315069544528455,1,1,0,0,0,MIXED
32.37471755311401,10.743515000701407,0,0,0,0,0,SAFE
59.68962059404979,24.321743772408837,1,0,1,0,0,MIXED
40.972699337349546,46.98941909783196,1,0,0,0,1,MIXED
34.678602477013456,26.652163820753614,1,0,0,0,1,MIXED
29.738604345223084,12.560772423520525,1,1,0,0,0,MIXED
31.217681998555516,17.572759150908748,0,0,0,0,0,SAFE
42.44776202863005,11.923352008164182,0,0,0,0,0,SAFE
50.736456201010455,9.329010269972096,1,0,1,0,0,MIXED
44.61481398245859,23.205549402713388,0,0,0,0,0,SAFE
30.134230328830533,7.515856583256163,0,0,0,0,0,SAFE
42.43088773852667,21.301534194283185,0,0,0,0,0,SAFE
53.369902127372264,12.841202012720796,1,0,1,0,0,MIXED
39.468231658800924,6.274039697863362,0,0,0,0,0,SAFE
44.63987273741627,12.028824263019084,0,0,0,0,0,SAFE
39.80774189739425,14.061114941114916,0,0,0,0,0,SAFE
46.41302449672271,9.36269446820739,0,0,0,0,0,SAFE
35.82273528872876,19.31724186134103,0,0,0,0,0,SAFE
17.79420078493932,8.963218263383144,1,1,0,0,0,MIXED
32.78952400474109,27.03258223016789,1,0,0,0,1,MIXED
38.47253789965683,9.392838847327692,0,0,0,0,0,SAFE
41.61102011797381,9.046275715350864,0,0,0,0,0,SAFE
38.77881473477172,15.971104104231632,0,0,0,0,0,SAFE
38.623676523949854,10.70782547727963,0,0,0,0,0,SAFE
33.91873861030953,3.4621625947946892,1,0,0,1,0,MIXED
42.48509518072225,18.066005097858223,0,0,0,0,0,SAFE
30.574746849728403,22.599414153808475,0,0,0,0,0,SAFE
48.11238111859798,24.74689138278623,0,0,0,0,0,SAFE
44.399112677924784,21.37082100288996,0,0,0,0,0,SAFE
59.48020675662657,11.984783991227067,1,0,1,0,0,MIXED
33.63446799288354,-0.3405988322146154,1,0,0,1,0,MIXED
56.04539144185853,32.68787258698657,2,0,1,0,1,UNSAFE
34.60320206452616,7.726791873214434,0,0,0,0,0,SAFE
39.40807169975062,27.242568721459833,1,0,0,0,1,MIXED
31.70158241215752,-4.6661952488887515,1,0,0,1,0,MIXED
59.34011581249729,18.123732869200754,1,0,1,0,0,MIXED
45.63530644734848,12.948939948000069,0,0,0,0,0,SAFE
45.72627938974419,-0.14205883340985892,1,0,0,1,0,MIXED
35.272635465118164,16.051578845226054,0,0,0,0,0,SAFE
23.832872856798065,11.974823861857708,1,1,0,0,0,MIXED
39.08668503732474,11.973097680496387,0,0,0,0,0,SAFE
37.59134553743215,5.041080741255028,0,0,0,0,0,SAFE
27.42374519783264,16.44747047167412,1,1,0,0,0,MIXED
39.599008105630055,1.247184534313222,1,0,0,1,0,MIXED
42.50026730267017,12.050498049272939,0,0,0,0,0,SAFE
38.31180838670308,-6.568948868074504,1,0,0,1,0,MIXED
47.462140098463145,2.669489598908699,1,0,0,1,0,MIXED
42.50616203872993,6.917315565673071,0,0,0,0,0,SAFE
38.89018785961612,26.52292491749911,1,0,0,0,1,MIXED
46.25294560642699,26.300399462894703,1,0,0,0,1,MIXED
44.64308395697259,18.961435843407806,0,0,0,0,0,SAFE
27.750887998190578,11.82475006133446,1,1,0,0,0,MIXED
40.200728545211135,27.236648203519753,1,0,0,0,1,MIXED
37.95016537674457,17.648595090561223,0,0,0,0,0,SAFE
43.80605874467802,26.576751602807274,1,0,0,0,1,MIXED
40.93004734155093,23.277869486931465,0,0,0,0,0,SAFE
28.361078926899804,-1.1401943294394172,2,1,0,1,0,UNSAFE
23.733245243003786,22.859849751333332,1,1,0,0,0,MIXED
47.38933550230989,23.968275738992823,0,0,0,0,0,SAFE
36.58110531435045,9.364523424653338,0,0,0,0,0,SAFE
41.03161885870151,29.43699302947656,1,0,0,0,1,MIXED
55.55062502097641,22.938084898413628,1,0,1,0,0,MIXED
44.64815779842801,28.35382697700126,1,0,0,0,1,MIXED
39.95326034280353,11.09058469517705,0,0,0,0,0,SAFE
40.96782303508951,5.212856305804221,0,0,0,0,0,SAFE
40.599925085027095,3.825919562160598,1,0,0,1,0,MIXED
50.20006255119662,20.436873910330178,1,0,1,0,0,MIXED
53.436499180382604,-1.2928280291418943,2,0,1,1,0,UNSAFE
57.21357557537658,-0.7247541379344025,2,0,1,1,0,UNSAFE
32.41353539933435,8.7917845313691,0,0,0,0,0,SAFE
52.461765535758914,17.255734972285733,1,0,1,0,0,MIXED
40.04936599582742,7.073725653548395,0,0,0,0,0,SAFE
30.9925187947144,26.326273236930106,1,0,0,0,1,MIXED
48.38911408838912,28.524503770923502,1,0,0,0,1,MIXED
45.17454501584899,-10.0,1,0,0,1,0,MIXED
32.04333653854838,19.648713058467088,0,0,0,0,0,SAFE
39.04226379811184,9.411580330718731,0,0,0,0,0,SAFE
33.17418588088377,24.475895674145402,0,0,0,0,0,SAFE
45.64954109931446,20.011912229081226,0,0,0,0,0,SAFE
36.93118200971954,16.762877588998094,0,0,0,0,0,SAFE
31.29788059042815,13.701720191538065,0,0,0,0,0,SAFE
21.77656337125513,-0.681161391345551,2,1,0,1,0,UNSAFE
39.42150524598391,38.751181462749315,1,0,0,0,1,MIXED
27.594055412601087,2.564194074601371,2,1,0,1,0,UNSAFE
43.73419837354248,32.69422906014603,1,0,0,0,1,MIXED
43.61737997590459,22.021418523041564,0,0,0,0,0,SAFE
39.29916999458818,9.893784110606234,0,0,0,0,0,SAFE
42.65747481654205,8.417106093738958,0,0,0,0,0,SAFE
47.79415470974196,-1.0627189894558384,1,0,0,1,0,MIXED
49.119896260534674,15.393130123027522,0,0,0,0,0,SAFE
40.28223305119309,-1.4298456018642156,1,0,0,1,0,MIXED
34.16169062401704,26.986514731331788,1,0,0,0,1,MIXED
40.331208015733075,17.78398465872821,0,0,0,0,0,SAFE
34.96374389347723,14.709453637745492,0,0,0,0,0,SAFE
31.022783615040165,15.998822542878871,0,0,0,0,0,SAFE
44.96512717816164,18.206147271850178,0,0,0,0,0,SAFE
34.77132135607871,11.579490158994984,0,0,0,0,0,SAFE
46.29755316785305,12.885624047219016,0,0,0,0,0,SAFE
39.70155694127912,34.034676086255566,1,0,0,0,1,MIXED
34.392087049071,25.804184680889826,1,0,0,0,1,MIXED
32.76255469196056,21.547810857714147,0,0,0,0,0,SAFE
47.66522046499178,9.896348449429542,0,0,0,0,0,SAFE
32.26018517710315,-4.704332038034174,1,0,0,1,0,MIXED
37.079091928597315,20.262186479523237,0,0,0,0,0,SAFE
33.37897474320337,15.96948580923728,0,0,0,0,0,SAFE
30.188561616713237,12.66111807896036,0,0,0,0,0,SAFE
32.82364876641015,14.220194981055728,0,0,0,0,0,SAFE
37.99136424313974,3.096338637624001,1,0,0,1,0,MIXED
36.729012176888475,5.658431377580069,0,0,0,0,0,SAFE
31.488602398100696,25.827458252894175,1,0,0,0,1,MIXED
39.1186010843926,-7.022254490736653,1,0,0,1,0,MIXED
37.013753539242515,24.147117138182644,0,0,0,0,0,SAFE
35.909130933940986,29.97743878133629,1,0,0,0,1,MIXED
35.14670356030729,20.03408055816455,0,0,0,0,0,SAFE
50.293108676728096,19.501939723114333,1,0,1,0,0,MIXED
31.004048202871758,5.575314230784354,0,0,0,0,0,SAFE
51.36056792309265,6.953885436680226,1,0,1,0,0,MIXED
49.805412111217635,10.697152781850562,0,0,0,0,0,SAFE
43.13149855375321,1.138927229790486,1,0,0,1,0,MIXED
37.13385940230001,6.246936195602782,0,0,0,0,0,SAFE
43.80479720446539,15.931975797158826,0,0,0,0,0,SAFE
45.70119916996507,10.09477496907327,0,0,0,0,0,SAFE
34.558159429643375,16.827290855443078,0,0,0,0,0,SAFE
33.76328877594372,25.78422526422588,1,0,0,0,1,MIXED
41.0838209072871,11.73864890295044,0,0,0,0,0,SAFE
45.697404982001686,14.236355005682837,0,0,0,0,0,SAFE
28.735586265318428,4.3857010061056645,2,1,0,1,0,UNSAFE
50.461669630916916,15.838843478445826,1,0,1,0,0,MIXED
28.54745758109247,18.521120667151663,1,1,0,0,0,MIXED
37.52592944104201,6.25500047491218,0,0,0,0,0,SAFE
32.841018194929234,24.999294713186874,0,0,0,0,0,SAFE
26.276013023957198,6.624679255605098,1,1,0,0,0,MIXED
42.96101412728994,30.783630689034965,1,0,0,0,1,MIXED
46.43086557080255,6.539753844671974,0,0,0,0,0,SAFE
54.23482763285452,1.4487660029502756,2,0,1,1,0,UNSAFE
44.12268932284124,19.87784645752215,0,0,0,0,0,SAFE
34.95107533439647,21.97593051888254,0,0,0,0,0,SAFE
37.888878968472326,21.951424275179644,0,0,0,0,0,SAFE
27.28323605931033,18.349760902288747,1,1,0,0,0,MIXED
38.70314661845116,26.49703782967822,1,0,0,0,1,MIXED
41.648154161832394,27.492295337201192,1,0,0,0,1,MIXED
46.060902120264416,13.724915409518427,0,0,0,0,0,SAFE
48.30135447691436,22.940584645271215,0,0,0,0,0,SAFE
45.77528003592971,-7.923013746251833,1,0,0,1,0,MIXED
34.13951607388482,28.841058465059234,1,0,0,0,1,MIXED
31.952433156517873,23.82461150065807,0,0,0,0,0,SAFE
47.65162125423735,7.742476384179707,0,0,0,0,0,SAFE
26.038146983066206,9.310874020520734,1,1,0,0,0,MIXED
58.624120349064086,6.367227077906454,1,0,1,0,0,MIXED
35.64594124320584,5.024175896901733,0,0,0,0,0,SAFE
51.71827581239616,12.570842883748936,1,0,1,0,0,MIXED
36.992750168406886,29.13474017195351,1,0,0,0,1,MIXED
46.63595270348429,5.807097582897406,0,0,0,0,0,SAFE
32.21132871150576,26.581699648799734,1,0,0,0,1,MIXED
42.13430530993373,-0.4906401985611275,1,0,0,1,0,MIXED
27.73507450485161,3.839612848002414,2,1,0,1,0,UNSAFE
32.08412329517576,-5.4607697090143645,1,0,0,1,0,MIXED
33.20394410681203,5.809194383561463,0,0,0,0,0,SAFE
38.29854969292344,31.929100451277126,1,0,0,0,1,MIXED
39.86525382321381,13.324251622557854,0,0,0,0,0,SAFE
46.07404291039154,12.6268192893344,0,0,0,0,0,SAFE
45.20122371109367,17.806148769517332,0,0,0,0,0,SAFE
42.98070852479395,42.664660844189584,1,0,0,0,1,MIXED
49.289006752354815,4.182780152932695,1,0,0,1,0,MIXED
44.96177748951331,7.082631933402798,0,0,0,0,0,SAFE
45.57000611247883,1.248125828917301,1,0,0,1,0,MIXED
33.13776441532817,18.43907562490127,0,0,0,0,0,SAFE
49.9813529087842,20.02644348753013,0,0,0,0,0,SAFE
48.83293867628174,18.738185587638462,0,0,0,0,0,SAFE
43.37996879225866,9.96306725741563,0,0,0,0,0,SAFE
48.50401446973437,25.248792328266415,1,0,0,0,1,MIXED
41.495074469361796,13.830739582213418,0,0,0,0,0,SAFE
54.731246493777896,14.795782201837772,1,0,1,0,0,MIXED
42.605486962927756,19.84225907752895,0,0,0,0,0,SAFE
41.217549952366774,6.796596772569048,0,0,0,0,0,SAFE
45.023724604188175,14.612449899776784,0,0,0,0,0,SAFE
56.73799805179597,22.88448550292376,1,0,1,0,0,MIXED
37.23614170845599,22.290602191903755,0,0,0,0,0,SAFE
44.46292667784784,28.094263019455127,1,0,0,0,1,MIXED
37.804366297367686,16.886761483595244,0,0,0,0,0,SAFE
41.20725080726006,15.584794230582995,0,0,0,0,0,SAFE
34.91840840796841,20.759116679131765,0,0,0,0,0,SAFE
45.34371420679597,27.852236169217953,1,0,0,0,1,MIXED
41.91979318410576,10.88160491751865,0,0,0,0,0,SAFE
48.314355023552295,7.057956184003158,0,0,0,0,0,SAFE
50.67987628067167,25.828419974137027,2,0,1,0,1,UNSAFE
52.05823120907527,18.766229846794936,1,0,1,0,0,MIXED
38.108028939217874,16.091877263053625,0,0,0,0,0,SAFE
45.04055116063365,9.39858354812124,0,0,0,0,0,SAFE
52.664930311401726,20.80084167568543,1,0,1,0,0,MIXED
34.86221635742396,33.82873676465777,1,0,0,0,1,MIXED
42.779114201361416,4.058969571500137,1,0,0,1,0,MIXED
35.35796701802181,29.877835971653447,1,0,0,0,1,MIXED
56.59987932973458,25.094850534809183,2,0,1,0,1,UNSAFE
52.554469188697084,27.16615458798611,2,0,1,0,1,UNSAFE
46.45532922211253,18.290417878109256,0,0,0,0,0,SAFE
46.31890555581286,22.360154431432946,0,0,0,0,0,SAFE
36.06721594778882,22.3195872931211,0,0,0,0,0,SAFE
53.66893477837614,12.936275716709691,1,0,1,0,0,MIXED
39.49401771742562,19.76546309238666,0,0,0,0,0,SAFE
36.80273959673491,1.8318138337249383,1,0,0,1,0,MIXED
51.181752320841426,10.49048739976567,1,0,1,0,0,MIXED
42.14758862976167,8.898749589919344,0,0,0,0,0,SAFE
52.21403851930399,23.531761582840144,1,0,1,0,0,MIXED
40.07408367077039,3.2010263523724802,1,0,0,1,0,MIXED
39.2245615611344,20.701526999497137,0,0,0,0,0,SAFE
43.50908563263812,16.09098044451987,0,0,0,0,0,SAFE
43.69359007575849,22.587962314981596,0,0,0,0,0,SAFE
41.665126367479644,19.500134504595025,0,0,0,0,0,SAFE
34.10464633803922,40.53850776975325,1,0,0,0,1,MIXED
39.72912544546996,17.035930078839773,0,0,0,0,0,SAFE
46.53172419828969,10.892094875994593,0,0,0,0,0,SAFE
42.0625983539957,14.956752746567751,0,0,0,0,0,SAFE
34.68769525941298,19.385894255396384,0,0,0,0,0,SAFE
28.806225293930154,32.52708442416614,2,1,0,0,1,UNSAFE
48.343767079827145,21.391223576533765,0,0,0,0,0,SAFE
28.106863100534063,7.074713267069795,1,1,0,0,0,MIXED
53.11476096644043,56.51241397039601,2,0,1,0,1,UNSAFE
51.55753972045625,25.36943410250951,2,0,1,0,1,UNSAFE
46.199793824913506,6.525028042898295,0,0,0,0,0,SAFE
49.961392665602645,3.98792662903071,1,0,0,1,0,MIXED
32.31531867888117,2.2647067456151007,1,0,0,1,0,MIXED
49.80578117201274,14.425859450724982,0,0,0,0,0,SAFE
42.80686479923504,14.845960629493156,0,0,0,0,0,SAFE
32.9942676704142,8.29269093982596,0,0,0,0,0,SAFE
37.03659034997238,0.9472855277463932,1,0,0,1,0,MIXED
37.96631923759719,4.186935436037613,1,0,0,1,0,MIXED
46.62140503093594,21.609710639668243,0,0,0,0,0,SAFE
31.65088701888088,12.033682357519993,0,0,0,0,0,SAFE
56.848479050533626,5.192371023217069,1,0,1,0,0,MIXED
45.41310254236053,16.055219340028845,0,0,0,0,0,SAFE
50.743100462727256,17.954668413574062,1,0,1,0,0,MIXED
38.54963617661,15.667641214728851,0,0,0,0,0,SAFE
42.65095955162989,14.083048177171761,0,0,0,0,0,SAFE
31.44710835740786,27.430886075978922,1,0,0,0,1,MIXED
50.531468702914594,4.558109731301425,2,0,1,1,0,UNSAFE
39.594194942529974,12.74914330645784,0,0,0,0,0,SAFE
32.74784959600334,-3.667962677622672,1,0,0,1,0,MIXED
36.635258784701314,11.435976597488082,0,0,0,0,0,SAFE
30.470133333087848,16.769777640854787,0,0,0,0,0,SAFE
51.30285042653072,23.42116146165268,1,0,1,0,0,MIXED
40.98651477473025,-3.404116965211969,1,0,0,1,0,MIXED
47.72561872527238,16.46392169064558,0,0,0,0,0,SAFE
45.39480887374416,34.36102800302514,1,0,0,0,1,MIXED
35.40150696375477,-10.0,1,0,0,1,0,MIXED
33.572363377521945,19.860450682678213,0,0,0,0,0,SAFE
42.21540721398432,2.8436387040131823,1,0,0,1,0,MIXED
30.642260934588556,11.453909841826047,0,0,0,0,0,SAFE
32.03124264094556,20.206334182545255,0,0,0,0,0,SAFE
38.70858489098985,8.728821156682882,0,0,0,0,0,SAFE
35.93378877661595,17.631227265805943,0,0,0,0,0,SAFE
42.34087379008029,17.01957269862594,0,0,0,0,0,SAFE
43.44103555044649,14.278044634032936,0,0,0,0,0,SAFE
33.734955332335275,7.696198732687378,0,0,0,0,0,SAFE
38.84260075888851,35.651952380883216,1,0,0,0,1,MIXED
31.209309436665507,10.810234966831095,0,0,0,0,0,SAFE
42.78613648088391,11.966672467275075,0,0,0,0,0,SAFE
50.5917563315019,11.915020694971336,1,0,1,0,0,MIXED
40.12366880679512,23.146285136163172,0,0,0,0,0,SAFE
56.485693303347006,29.07498373948328,2,0,1,0,1,UNSAFE
40.90676892712685,14.504857882675967,0,0,0,0,0,SAFE
42.37375395827363,16.469994084625856,0,0,0,0,0,SAFE
35.22121508521748,24.36593798855439,0,0,0,0,0,SAFE
43.65287302178229,14.551438111846862,0,0,0,0,0,SAFE
31.83083698752742,15.622862084906124,0,0,0,0,0,SAFE
26.85430157423356,9.18350655967768,1,1,0,0,0,MIXED
37.49521834816641,17.86995193087619,0,0,0,0,0,SAFE
57.03880019956237,20.71907465665437,1,0,1,0,0,MIXED
53.5872165810849,21.452121731035767,1,0,1,0,0,MIXED
51.00042791750092,33.57127352943106,2,0,1,0,1,UNSAFE
36.14530534158196,7.028955658684967,0,0,0,0,0,SAFE
47.350487203818574,14.963215459377542,0,0,0,0,0,SAFE
43.762830662455684,12.513331078926393,0,0,0,0,0,SAFE
37.22993026380226,31.207646687750252,1,0,0,0,1,MIXED
33.20111108944069,21.86392259241544,0,0,0,0,0,SAFE
46.1938262858436,-0.7901329757024396,1,0,0,1,0,MIXED
35.35375736005125,8.373094390501326,0,0,0,0,0,SAFE
46.51667290653273,11.32964894069449,0,0,0,0,0,SAFE
41.31528154711356,0.42352643015272307,1,0,0,1,0,MIXED
60.607293733722514,15.71195618739497,1,0,1,0,0,MIXED
45.99200717837555,9.593745114347776,0,0,0,0,0,SAFE
36.77898138345719,34.126846549535315,1,0,0,0,1,MIXED
26.66622714394697,17.786470684307766,1,1,0,0,0,MIXED
32.30796887113685,10.949988456029951,0,0,0,0,0,SAFE
36.89524425860783,5.140223165807521,0,0,0,0,0,SAFE
42.28353383765062,-10.0,1,0,0,1,0,MIXED
39.47609214465042,14.097100246500249,0,0,0,0,0,SAFE
31.1257876287519,30.13218721449384,1,0,0,0,1,MIXED
37.244333001621484,12.62515757535163,0,0,0,0,0,SAFE
37.26224668868238,14.18433879569414,0,0,0,0,0,SAFE
52.465152748048396,39.730158039234745,2,0,1,0,1,UNSAFE
47.96511362960527,25.879937669717712,1,0,0,0,1,MIXED
55.73141985181665,17.48871076766457,1,0,1,0,0,MIXED
54.56200698889496,22.924011323904033,1,0,1,0,0,MIXED
43.151898874492574,18.50341034451468,0,0,0,0,0,SAFE
27.428664293057405,17.9211926044615,1,1,0,0,0,MIXED
29.650019836429628,-1.2526915161110743,2,1,0,1,0,UNSAFE
43.5430295122018,3.8592140479994583,1,0,0,1,0,MIXED
41.943089989572975,16.384345193498646,0,0,0,0,0,SAFE
43.46439680653708,5.958785929578985,0,0,0,0,0,SAFE
49.18945905984959,14.10764763533921,0,0,0,0,0,SAFE
45.528605441369294,3.035603860530035,1,0,0,1,0,MIXED
40.57337954563211,25.972944832701202,1,0,0,0,1,MIXED
49.76142105446961,7.0270731707560605,0,0,0,0,0,SAFE
37.635534475401236,5.113132699361811,0,0,0,0,0,SAFE
36.748696653912944,1.0093245929347106,1,0,0,1,0,MIXED
40.89459302073221,21.331383981828438,0,0,0,0,0,SAFE
35.71957708959137,14.09393717338823,0,0,0,0,0,SAFE
40.23601273894915,25.55118731598219,1,0,0,0,1,MIXED
37.10726530556463,9.247838923491486,0,0,0,0,0,SAFE
35.23183097366111,3.6249047992151233,1,0,0,1,0,MIXED
46.23347993157576,13.648892036695214,0,0,0,0,0,SAFE
42.438478878586416,27.74641156195397,1,0,0,0,1,MIXED
52.656645807422976,-1.4623430783480345,2,0,1,1,0,UNSAFE
47.18267738476454,17.256469257111892,0,0,0,0,0,SAFE
38.307272006832505,18.276836870279425,0,0,0,0,0,SAFE
28.188934118233714,29.626423427763992,2,1,0,0,1,UNSAFE
46.11955277657526,6.3480225516734095,0,0,0,0,0,SAFE
37.31671822544381,-2.0314647554744028,1,0,0,1,0,MIXED
39.48834200130997,10.17268022759417,0,0,0,0,0,SAFE
31.399116903009926,22.76702233709778,0,0,0,0,0,SAFE
52.2143775175558,14.726395099555223,1,0,1,0,0,MIXED
39.55482493722906,19.349846021317937,0,0,0,0,0,SAFE
41.842888300039654,4.178207837688138,1,0,0,1,0,MIXED
36.77857610730191,12.035639932519691,0,0,0,0,0,SAFE
43.98549275581357,15.093367178764682,0,0,0,0,0,SAFE
43.682955039896925,-0.24827983283921817,1,0,0,1,0,MIXED
47.32174195267943,15.034158840085123,0,0,0,0,0,SAFE
62.42167243320123,11.12365629823587,1,0,1,0,0,MIXED
44.58766796087498,43.29219162208502,1,0,0,0,1,MIXED
43.55273303602543,14.323694607239833,0,0,0,0,0,SAFE
34.10462484199479,30.28266367208985,1,0,0,0,1,MIXED
32.72718731058744,19.27120916848122,0,0,0,0,0,SAFE
38.211557429532945,13.106637374219778,0,0,0,0,0,SAFE
30.608541851119533,28.43127221733895,1,0,0,0,1,MIXED
39.777621552653784,2.849103411069665,1,0,0,1,0,MIXED
52.02152477632073,9.958631869626963,1,0,1,0,0,MIXED
44.67685833384577,23.41416382134366,0,0,0,0,0,SAFE
45.792274644594556,-6.966355504990354,1,0,0,1,0,MIXED
47.5628536078223,13.993862373348717,0,0,0,0,0,SAFE
39.36777042557334,13.909250510247777,0,0,0,0,0,SAFE
29.119737648471347,16.921709146618028,1,1,0,0,0,MIXED
31.08486901032552,12.141602904433686,0,0,0,0,0,SAFE
43.250115452305685,25.740370879876142,1,0,0,0,1,MIXED
35.443094721122286,29.515873718459886,1,0,0,0,1,MIXED
49.57482602812118,10.705902575094639,0,0,0,0,0,SAFE
33.13000586877918,0.5618381776957886,1,0,0,1,0,MIXED
44.174030812265116,7.627158504591861,0,0,0,0,0,SAFE
51.59485444225372,8.204761701717295,1,0,1,0,0,MIXED
34.794632159584225,17.336263512443136,0,0,0,0,0,SAFE
36.51162514272461,15.085499933688034,0,0,0,0,0,SAFE
49.88791464046817,16.17229331668724,0,0,0,0,0,SAFE
42.96771568562179,17.05146708908418,0,0,0,0,0,SAFE
28.455208077716854,18.918377499304903,1,1,0,0,0,MIXED
43.279452613807166,23.92897326983421,0,0,0,0,0,SAFE
46.846486409096954,12.980513683944858,0,0,0,0,0,SAFE
50.25914313208552,12.073693023872794,1,0,1,0,0,MIXED
43.97725683262164,11.888505695206439,0,0,0,0,0,SAFE
45.69406243938569,11.23510217362238,0,0,0,0,0,SAFE
55.18041287153254,35.17362737225639,2,0,1,0,1,UNSAFE
48.99150603348804,30.412966494140285,1,0,0,0,1,MIXED
29.686284153127623,0.7862225672500536,2,1,0,1,0,UNSAFE
39.4275154669503,15.412309652588775,0,0,0,0,0,SAFE
40.41434065520267,-1.4213524963295363,1,0,0,1,0,MIXED
51.21273365058917,36.541982333569365,2,0,1,0,1,UNSAFE
52.24790143338098,25.855232687864714,2,0,1,0,1,UNSAFE
43.80895684116482,6.570026292728631,0,0,0,0,0,SAFE
42.58022442108774,36.05588036841503,1,0,0,0,1,MIXED
39.184095099943555,10.450427521760584,0,0,0,0,0,SAFE
50.85842927283131,26.736860507455958,2,0,1,0,1,UNSAFE
35.21678555380157,12.385153867625775,0,0,0,0,0,SAFE
37.984756032788525,15.696893790610904,0,0,0,0,0,SAFE
50.829493367611946,6.95972478871909,1,0,1,0,0,MIXED
50.71731849789549,16.016512489213085,1,0,1,0,0,MIXED
60.60953709051422,18.188308843708736,1,0,1,0,0,MIXED
41.22465144296588,20.747147271159925,0,0,0,0,0,SAFE
39.30283009690232,-2.952731233518257,1,0,0,1,0,MIXED
40.075830605831214,12.43706390930775,0,0,0,0,0,SAFE
29.261460315601504,14.269648102055072,1,1,0,0,0,MIXED
25.46311820312482,11.523131648445208,1,1,0,0,0,MIXED
43.94876793635738,15.969961771382325,0,0,0,0,0,SAFE
38.711444216905456,14.144695980519286,0,0,0,0,0,SAFE
35.727484500177354,15.108165194225348,0,0,0,0,0,SAFE
42.46469125273417,5.997500220984902,0,0,0,0,0,SAFE
44.14159360407278,17.614526550804538,0,0,0,0,0,SAFE
40.67032069135143,39.21047036286818,1,0,0,0,1,MIXED
40.87438090652553,12.207657546269818,0,0,0,0,0,SAFE
38.620855126338135,5.2906077692360025,0,0,0,0,0,SAFE
47.48717887874723,8.1375303198055,0,0,0,0,0,SAFE
37.456414824017976,9.61758440461402,0,0,0,0,0,SAFE
34.12045187321191,-2.51083332544723,1,0,0,1,0,MIXED
38.29648106272645,23.73335312712291,0,0,0,0,0,SAFE
43.57583844372195,30.60575270188125,1,0,0,0,1,MIXED
48.00765043991347,20.239648102740446,0,0,0,0,0,SAFE
57.06119218122172,14.028544049967888,1,0,1,0,0,MIXED
42.50460538803962,14.885355783398623,0,0,0,0,0,SAFE
54.3502938494684,15.02515316459091,1,0,1,0,0,MIXED
36.81378100738316,20.87675537962852,0,0,0,0,0,SAFE
35.469921511543774,20.33471512613925,0,0,0,0,0,SAFE
45.310727473134676,13.105973321935041,0,0,0,0,0,SAFE
46.526492576694615,0.12210069691648329,1,0,0,1,0,MIXED
43.30369697059989,10.37234615333268,0,0,0,0,0,SAFE
64.89810861827617,16.558250696402077,1,0,1,0,0,MIXED
37.2288636017325,1.2169826394691814,1,0,0,1,0,MIXED
52.44324957435413,11.499672804762222,1,0,1,0,0,MIXED
35.66918346339665,18.362992140090597,0,0,0,0,0,SAFE
47.19775065124523,21.33952933209529,0,0,0,0,0,SAFE
42.158003384474895,16.591901368867198,0,0,0,0,0,SAFE
43.85629660544562,18.363962656288734,0,0,0,0,0,SAFE
45.39908156721186,25.944527513055462,1,0,0,0,1,MIXED
42.4513188962068,6.83196734169638,0,0,0,0,0,SAFE
40.845666375167724,22.537808187349967,0,0,0,0,0,SAFE
27.707776332921235,-2.807521953719611,2,1,0,1,0,UNSAFE
49.346208971138594,30.20122816851328,1,0,0,0,1,MIXED
31.87839971984421,16.00459270832895,0,0,0,0,0,SAFE
38.80363909666388,12.391698877583762,0,0,0,0,0,SAFE
44.44424807005132,2.0712977098925105,1,0,0,1,0,MIXED
33.14225999606079,11.987488270787749,0,0,0,0,0,SAFE
40.83699521684672,3.7404489431582846,1,0,0,1,0,MIXED
48.31718139831347,10.824390268889665,0,0,0,0,0,SAFE
38.625459151465236,17.826587902299007,0,0,0,0,0,SAFE
40.968733791460004,23.374768129058133,0,0,0,0,0,SAFE
34.53261969759467,1.026134029365263,1,0,0,1,0,MIXED
39.52169948961114,15.602361729350129,0,0,0,0,0,SAFE
32.07395244721984,1.122464382997407,1,0,0,1,0,MIXED
43.458382258703885,7.422194326850381,0,0,0,0,0,SAFE
30.37990626394464,24.65341292314063,0,0,0,0,0,SAFE
36.945642616583264,26.498116038653578,1,0,0,0,1,MIXED
42.22776632887542,17.947588620553034,0,0,0,0,0,SAFE
40.30800203122518,-10.0,1,0,0,1,0,MIXED
32.905708071570366,13.742905402812756,0,0,0,0,0,SAFE
44.91783309834164,-2.8967402238812063,1,0,0,1,0,MIXED
41.57118633711631,3.777359127859686,1,0,0,1,0,MIXED
43.876961320717236,14.805992143001749,0,0,0,0,0,SAFE
47.948012819436585,25.668229301875186,1,0,0,0,1,MIXED
45.671919194192235,23.603935889705745,0,0,0,0,0,SAFE
39.19726019260929,43.231174112671454,1,0,0,0,1,MIXED
32.24944722804095,9.722442220906787,0,0,0,0,0,SAFE
49.21086866197514,22.527213048609926,0,0,0,0,0,SAFE
45.89911215313879,21.75318657993108,0,0,0,0,0,SAFE
25.331542763151674,30.892986945378343,2,1,0,0,1,UNSAFE
40.36887232906708,27.458941822708518,1,0,0,0,1,MIXED
25.731787368256352,17.56568503481191,1,1,0,0,0,MIXED
37.491981766841214,20.721201515813036,0,0,0,0,0,SAFE
44.536563619750765,18.660477974991785,0,0,0,0,0,SAFE
33.52846649414807,14.43030879181389,0,0,0,0,0,SAFE
40.55866361656527,19.953100417074324,0,0,0,0,0,SAFE
49.914375963467734,16.504759220086147,0,0,0,0,0,SAFE
31.79062169289121,16.07578809566768,0,0,0,0,0,SAFE
62.888609827274095,31.46005326987786,2,0,1,0,1,UNSAFE
18.204803497938407,15.633431536948446,1,1,0,0,0,MIXED
49.456956202042754,13.176729874320205,0,0,0,0,0,SAFE
38.31927263884893,12.330357849165116,0,0,0,0,0,SAFE
46.417515883477215,3.515300256249912,1,0,0,1,0,MIXED
51.50950921287497,14.44007008301931,1,0,1,0,0,MIXED
34.5198058071076,26.243501613986954,1,0,0,0,1,MIXED
29.63895275910687,9.44789902998416,1,1,0,0,0,MIXED
37.42659947771868,36.43941938236131,1,0,0,0,1,MIXED
36.51983385088445,-6.549652205001053,1,0,0,1,0,MIXED
37.34547907776687,19.555503474047782,0,0,0,0,0,SAFE
48.27267637266883,37.76539693442772,1,0,0,0,1,MIXED
53.25518056788705,16.87922593915152,1,0,1,0,0,MIXED
34.86867625940178,31.240274313473584,1,0,0,0,1,MIXED
39.05149159739015,8.418427637853952,0,0,0,0,0,SAFE
38.66340958276744,2.477117611031904,1,0,0,1,0,MIXED
38.279839270632195,12.668916700215846,0,0,0,0,0,SAFE
47.84525284649695,11.119116648989813,0,0,0,0,0,SAFE
31.86032606529188,-1.0377215525669996,1,0,0,1,0,MIXED
43.67655798018493,15.726258534692247,0,0,0,0,0,SAFE
37.56549831029466,10.325435395079293,0,0,0,0,0,SAFE
45.10789546239336,28.905462536893474,1,0,0,0,1,MIXED
35.758843326848094,15.889028362154326,0,0,0,0,0,SAFE
49.66616323204259,7.238857098027501,0,0,0,0,0,SAFE
41.874943083493555,14.620043969123337,0,0,0,0,0,SAFE
31.509638119651846,16.68498794765623,0,0,0,0,0,SAFE
42.25235742883545,20.55084249596058,0,0,0,0,0,SAFE
32.504908202714304,15.099703852612247,0,0,0,0,0,SAFE
53.05387250924647,35.774998319122865,2,0,1,0,1,UNSAFE
52.24103415177287,3.2292849434975768,2,0,1,1,0,UNSAFE
45.608421456349014,10.168534250388863,0,0,0,0,0,SAFE
44.27120474503937,7.277832942230763,0,0,0,0,0,SAFE
28.2922124651816,11.554827613001674,1,1,0,0,0,MIXED
47.78082157288012,17.87999755473811,0,0,0,0,0,SAFE
45.223582879314826,17.16350322979378,0,0,0,0,0,SAFE
45.23621979876569,20.295117590867022,0,0,0,0,0,SAFE
39.80254856836305,15.828905614196165,0,0,0,0,0,SAFE
55.94606699895753,16.42031029001139,1,0,1,0,0,MIXED
42.34050797163135,16.028845072263994,0,0,0,0,0,SAFE
40.25673185347024,10.64644036279197,0,0,0,0,0,SAFE
43.669428194923455,9.942847980408487,0,0,0,0,0,SAFE
40.835880564182276,7.094852934737128,0,0,0,0,0,SAFE
42.86409443627454,20.841949441760274,0,0,0,0,0,SAFE
40.30468112071268,-5.083784368893159,1,0,0,1,0,MIXED
46.722972352443776,16.201838427597604,0,0,0,0,0,SAFE
34.05414839989232,22.73270242323273,0,0,0,0,0,SAFE
30.812598394273223,25.454076153244678,1,0,0,0,1,MIXED
41.5410670428223,-7.688650753773306,1,0,0,1,0,MIXED
43.4266366981059,10.93807631909064,0,0,0,0,0,SAFE
37.54520566541491,7.6227423854378165,0,0,0,0,0,SAFE
40.98227367312102,10.148113188328587,0,0,0,0,0,SAFE
27.146478054492917,27.720678866772047,2,1,0,0,1,UNSAFE
40.04513875230556,7.6806498412173685,0,0,0,0,0,SAFE
32.97261053963735,22.707320674529214,0,0,0,0,0,SAFE
31.612544247227802,16.339873018579667,0,0,0,0,0,SAFE
37.33080798501135,9.745803394376678,0,0,0,0,0,SAFE
33.1715237521928,8.796805674783398,0,0,0,0,0,SAFE
42.07049913205486,17.35312226348993,0,0,0,0,0,SAFE
35.715260149736174,14.090655975625861,0,0,0,0,0,SAFE
49.10763544776337,-1.626285569490726,1,0,0,1,0,MIXED
41.94984821126513,5.492160545978267,0,0,0,0,0,SAFE
33.578526623067745,17.610115129981008,0,0,0,0,0,SAFE
37.637988250659525,2.8319687376489995,1,0,0,1,0,MIXED
52.5942655365599,24.20089514331829,1,0,1,0,0,MIXED
26.541552349126647,0.2557187199793205,2,1,0,1,0,UNSAFE
46.74765657054945,12.151261669625304,0,0,0,0,0,SAFE
54.00459715483966,21.1633639854101,1,0,1,0,0,MIXED
44.395724190831984,4.7813730817456275,1,0,0,1,0,MIXED
45.93152235891577,2.2423604524953316,1,0,0,1,0,MIXED
52.44195626728055,19.221385890182418,1,0,1,0,0,MIXED
35.40135538593926,23.046774281323145,0,0,0,0,0,SAFE
59.93219911309068,12.82382900190549,1,0,1,0,0,MIXED
46.40330551753034,10.681706803089984,0,0,0,0,0,SAFE
42.68281774094676,-0.07234560031447401,1,0,0,1,0,MIXED
41.99576389195308,15.435773298306113,0,0,0,0,0,SAFE
56.39198221475799,-2.9500311270334976,2,0,1,1,0,UNSAFE
39.75293232713776,27.881172178310354,1,0,0,0,1,MIXED
40.06582803360995,13.286584670150024,0,0,0,0,0,SAFE
35.333927800942604,5.673946197372423,0,0,0,0,0,SAFE
27.393169873334784,8.707847523558456,1,1,0,0,0,MIXED
34.08515955910301,16.180388336570736,0,0,0,0,0,SAFE
35.69865438061015,10.204090149514933,0,0,0,0,0,SAFE
38.38235685553872,14.518348177096279,0,0,0,0,0,SAFE
37.77182194876127,4.382139100628679,1,0,0,1,0,MIXED
42.686131551582704,25.674832162646112,1,0,0,0,1,MIXED
43.027729566326194,8.901795617613779,0,0,0,0,0,SAFE
41.014828759251,-5.50632770356539,1,0,0,1,0,MIXED
40.884778003689085,10.996456309095272,0,0,0,0,0,SAFE
34.532317135947906,7.47901647668032,0,0,0,0,0,SAFE
38.71812398768282,24.924582760064908,0,0,0,0,0,SAFE
50.736483334240745,5.718748384421893,1,0,1,0,0,MIXED
37.85538101405285,10.07410042711422,0,0,0,0,0,SAFE
48.476364124400995,16.45506552631617,0,0,0,0,0,SAFE
42.742318901128336,20.362626134211897,0,0,0,0,0,SAFE
37.228692732712545,28.638865743540574,1,0,0,0,1,MIXED
41.98604274063839,6.440875538080867,0,0,0,0,0,SAFE
40.162878049617284,27.31928324207872,1,0,0,0,1,MIXED
38.598862912129825,24.495577990448318,0,0,0,0,0,SAFE
36.99723365782783,7.343363032226938,0,0,0,0,0,SAFE
47.27677928475433,6.260274393542591,0,0,0,0,0,SAFE
48.58032200129357,18.516259990233493,0,0,0,0,0,SAFE
35.011248524259265,14.285572560056659,0,0,0,0,0,SAFE
37.6098056755237,18.489765566690597,0,0,0,0,0,SAFE
57.10238595964336,11.292953971125776,1,0,1,0,0,MIXED
46.270210190868056,15.24440641667516,0,0,0,0,0,SAFE
42.19246162450544,13.347948792684761,0,0,0,0,0,SAFE
35.14066042918757,18.351399492824548,0,0,0,0,0,SAFE
39.69006600064489,5.95199916261274,0,0,0,0,0,SAFE
50.11338609798639,15.99009622702343,1,0,1,0,0,MIXED
40.175208341254084,28.400566147462982,1,0,0,0,1,MIXED
27.31134771573602,27.728208037290884,2,1,0,0,1,UNSAFE
34.958496406910264,17.1153253941552,0,0,0,0,0,SAFE
37.295489967034314,5.769989595475762,0,0,0,0,0,SAFE
52.51109220774748,33.56216567395285,2,0,1,0,1,UNSAFE
40.23019479479137,18.35474702194295,0,0,0,0,0,SAFE
42.4559300133,32.305068373528556,1,0,0,0,1,MIXED
25.094796420371722,18.7712344127022,1,1,0,0,0,MIXED
36.182989486848534,-8.559640214711788,1,0,0,1,0,MIXED
39.11575922056607,33.480487909105534,1,0,0,0,1,MIXED
36.751606476796795,22.90765506564611,0,0,0,0,0,SAFE
51.589377576506934,14.873031973804775,1,0,1,0,0,MIXED
42.963644947290334,-2.1629790654111183,1,0,0,1,0,MIXED
36.27068909461883,24.070076243299958,0,0,0,0,0,SAFE
42.48543277629654,18.67341441443682,0,0,0,0,0,SAFE
43.065260637464405,36.92003944296431,1,0,0,0,1,MIXED
38.55584135049119,31.054100429863098,1,0,0,0,1,MIXED
43.06802577765386,31.94198974580798,1,0,0,0,1,MIXED
32.2001752859348,16.846522076308606,0,0,0,0,0,SAFE
38.85050572861224,16.394723358500393,0,0,0,0,0,SAFE
51.77901010132902,18.788096053579455,1,0,1,0,0,MIXED
51.7630615202155,8.297789067260547,1,0,1,0,0,MIXED
35.41732433981027,15.161050731372661,0,0,0,0,0,SAFE
41.69078257287132,13.141406311758073,0,0,0,0,0,SAFE
34.330946194634514,26.98651589851888,1,0,0,0,1,MIXED
39.0973023949321,29.26078122212682,1,0,0,0,1,MIXED
42.10194692163247,21.484289308140447,0,0,0,0,0,SAFE
46.46167714370946,6.757252596491476,0,0,0,0,0,SAFE
44.937623372419914,34.28332944467106,1,0,0,0,1,MIXED
44.01289802480285,24.012767395596747,0,0,0,0,0,SAFE
47.54617475673748,18.07049658364987,0,0,0,0,0,SAFE
43.49182974179797,20.473155591213004,0,0,0,0,0,SAFE
48.1062603718049,1.4783594294892701,1,0,0,1,0,MIXED
43.97842311277164,13.159221192526829,0,0,0,0,0,SAFE
38.86778525078633,27.95964379028573,1,0,0,0,1,MIXED
36.13483001548917,1.0523093968999824,1,0,0,1,0,MIXED
48.365729803086836,0.7960614344611088,1,0,0,1,0,MIXED
26.57645537633149,24.082676899899653,1,1,0,0,0,MIXED
43.269778004499905,19.72719627368776,0,0,0,0,0,SAFE
38.46057940176302,1.1559386839098078,1,0,0,1,0,MIXED
32.513702291058664,12.278111005687162,0,0,0,0,0,SAFE
31.820777136655664,18.070529070456534,0,0,0,0,0,SAFE
38.30033649572465,16.850360473653055,0,0,0,0,0,SAFE
43.24118502581145,18.867995544245268,0,0,0,0,0,SAFE
45.99586021831199,11.56099409220755,0,0,0,0,0,SAFE
43.47175413307065,17.360081284201744,0,0,0,0,0,SAFE
22.56887752725308,21.465257458594902,1,1,0,0,0,MIXED
43.19953756976201,20.640488652435707,0,0,0,0,0,SAFE
31.7052512364219,11.842268248376067,0,0,0,0,0,SAFE
33.26776434747536,22.446013762128754,0,0,0,0,0,SAFE
30.759067663452047,5.713452180776791,0,0,0,0,0,SAFE
46.274513026175846,8.706254677227522,0,0,0,0,0,SAFE
34.57287474568753,24.067194295401826,0,0,0,0,0,SAFE
49.581694052734946,22.220711925409987,0,0,0,0,0,SAFE
48.789677391522346,12.684207210619435,0,0,0,0,0,SAFE
40.363256202907074,8.519187214663972,0,0,0,0,0,SAFE
43.34183334172782,9.721016726741519,0,0,0,0,0,SAFE
38.535470352584184,20.999004339829,0,0,0,0,0,SAFE
51.476313964115036,18.98260254270095,1,0,1,0,0,MIXED
56.35452692194055,7.944844279672518,1,0,1,0,0,MIXED
27.29620288632593,22.14627889589554,1,1,0,0,0,MIXED
35.82533157882615,12.263077582246364,0,0,0,0,0,SAFE
27.841627919031012,6.007897526541736,1,1,0,0,0,MIXED
29.98218066736611,10.656967365796964,1,1,0,0,0,MIXED
38.8435880489364,15.89960411548209,0,0,0,0,0,SAFE
51.917783714841406,21.769062648978185,1,0,1,0,0,MIXED
29.02264291031615,21.080154356128567,1,1,0,0,0,MIXED
42.89403757953168,14.021735679639018,0,0,0,0,0,SAFE
41.81840376050219,17.04552428086255,0,0,0,0,0,SAFE
36.46490567189148,13.176491424753591,0,0,0,0,0,SAFE
51.471512991134674,7.9609421557446645,1,0,1,0,0,MIXED
33.76089619059924,14.382926521261492,0,0,0,0,0,SAFE
32.95546834594922,-2.227831214543386,1,0,0,1,0,MIXED
39.24426258340147,29.486218845639236,1,0,0,0,1,MIXED
41.69116723298485,16.785770944482135,0,0,0,0,0,SAFE
24.958813134790997,19.381254924409472,1,1,0,0,0,MIXED
42.746926890478335,8.350851719606457,0,0,0,0,0,SAFE
43.44040377121899,16.7012161715796,0,0,0,0,0,SAFE
33.52409657313652,18.318537267799094,0,0,0,0,0,SAFE
51.57708338021724,12.720585245264834,1,0,1,0,0,MIXED
35.05924638050314,13.224199301982717,0,0,0,0,0,SAFE
48.83690556051543,2.7368116070272777,1,0,0,1,0,MIXED
46.62846607027345,8.219855414795191,0,0,0,0,0,SAFE
43.9365046510379,9.356687249544365,0,0,0,0,0,SAFE
37.46386435934751,30.230949162350477,1,0,0,0,1,MIXED
30.727307275732066,19.853661775455443,0,0,0,0,0,SAFE
55.8505952873703,21.855219264728227,1,0,1,0,0,MIXED
31.351223847686544,2.184194910845944,1,0,0,1,0,MIXED
35.986996986828785,16.57907911519875,0,0,0,0,0,SAFE
43.807541552712415,2.2830344570030725,1,0,0,1,0,MIXED
35.01794033242427,6.885175130199798,0,0,0,0,0,SAFE
40.55402553508086,34.84695457291075,1,0,0,0,1,MIXED
34.53450347501242,5.230421668642119,0,0,0,0,0,SAFE
32.934877638849244,21.35544571242232,0,0,0,0,0,SAFE
41.66926722915918,6.0377345183004145,0,0,0,0,0,SAFE
39.09763532977334,7.084896990422988,0,0,0,0,0,SAFE
44.36713024951396,41.84376606796336,1,0,0,0,1,MIXED
46.406915245537895,14.070114848926362,0,0,0,0,0,SAFE
36.68019610009638,1.5659991811515024,1,0,0,1,0,MIXED
47.86951785122429,21.7935417836632,0,0,0,0,0,SAFE
38.27119202647355,27.133339829426184,1,0,0,0,1,MIXED
42.16885551108068,22.747607353951352,0,0,0,0,0,SAFE
44.36957601626409,13.228641201223617,0,0,0,0,0,SAFE
34.3609231095401,13.544634076373287,0,0,0,0,0,SAFE
48.73640535115878,9.91864888100573,0,0,0,0,0,SAFE
45.51793116482543,4.172641179759966,1,0,0,1,0,MIXED
48.24046668904286,18.129413364899616,0,0,0,0,0,SAFE
32.383113929307996,12.759854764783878,0,0,0,0,0,SAFE
49.451527274546955,2.4096745934677593,1,0,0,1,0,MIXED
33.43239809100052,14.305030452135068,0,0,0,0,0,SAFE
59.06664584345755,8.27421915960502,1,0,1,0,0,MIXED
45.96219199668396,17.60135407601351,0,0,0,0,0,SAFE
37.28384079787565,16.61133351784875,0,0,0,0,0,SAFE
38.41732270324036,11.421952098834883,0,0,0,0,0,SAFE
28.709824777814934,14.755637651336784,1,1,0,0,0,MIXED
49.192748052980406,15.574257747796855,0,0,0,0,0,SAFE
50.72406208657944,20.803274459450172,1,0,1,0,0,MIXED
41.52366954935824,8.720744469931814,0,0,0,0,0,SAFE
38.10989027710877,0.29489526062878646,1,0,0,1,0,MIXED
39.86336887921339,16.459987585641535,0,0,0,0,0,SAFE
55.72336878239386,20.283203232788765,1,0,1,0,0,MIXED
35.08116815889618,0.6063172448119403,1,0,0,1,0,MIXED
40.34758330236342,23.11764446827749,0,0,0,0,0,SAFE
40.2350693064449,20.419841750055955,0,0,0,0,0,SAFE
40.550996405982495,22.17000434715599,0,0,0,0,0,SAFE
29.22193581835471,31.041821201461005,2,1,0,0,1,UNSAFE
33.100132414210314,22.937323297297773,0,0,0,0,0,SAFE
39.82252804264836,13.841720996330993,0,0,0,0,0,SAFE
40.071184752238814,17.55604585051493,0,0,0,0,0,SAFE
45.66019634624716,25.583615118230682,1,0,0,0,1,MIXED
53.26359106077903,18.318215467767025,1,0,1,0,0,MIXED
55.70939391334643,15.92972542822478,1,0,1,0,0,MIXED
50.61952289802339,19.287196729061474,1,0,1,0,0,MIXED
37.606362948597074,16.812341543798436,0,0,0,0,0,SAFE
46.025375020073,14.678018685973926,0,0,0,0,0,SAFE
45.30285214398045,23.653629593268946,0,0,0,0,0,SAFE
41.81301486403286,-10.0,1,0,0,1,0,MIXED
55.42616121194697,12.024085697796714,1,0,1,0,0,MIXED
35.41375823334162,3.7588970434718227,1,0,0,1,0,MIXED
39.30843278133084,9.37252168683018,0,0,0,0,0,SAFE
36.10392428892247,8.178737301554268,0,0,0,0,0,SAFE
46.237942592478575,35.303634410031016,1,0,0,0,1,MIXED
48.56457278411921,26.225981847545704,1,0,0,0,1,MIXED
38.98071974842609,16.04665365550578,0,0,0,0,0,SAFE
45.41185923384229,8.4044210635723,0,0,0,0,0,SAFE
38.59415943560706,23.545519583330766,0,0,0,0,0,SAFE
50.72234204080087,15.67410269515258,1,0,1,0,0,MIXED
32.43874255377019,12.04408016782342,0,0,0,0,0,SAFE
30.469350923953026,15.752024098347269,0,0,0,0,0,SAFE
44.04322489017135,12.292895789622236,0,0,0,0,0,SAFE
43.93368977906564,19.16901239083839,0,0,0,0,0,SAFE
44.05489634325699,2.9846970770307024,1,0,0,1,0,MIXED
39.97388539589844,19.09842978266268,0,0,0,0,0,SAFE
54.629694170448,12.280742497613026,1,0,1,0,0,MIXED
46.40672160358488,23.781519119238236,0,0,0,0,0,SAFE
40.426978413019526,26.484077474873402,1,0,0,0,1,MIXED
51.617390651447174,28.803847340611906,2,0,1,0,1,UNSAFE
45.66745735188425,38.60137249657536,1,0,0,0,1,MIXED
37.07773509788527,36.2407758617894,1,0,0,0,1,MIXED
48.14639590926746,28.403873330267185,1,0,0,0,1,MIXED
39.43969796366631,23.444747029637625,0,0,0,0,0,SAFE
53.4157933093149,4.126413562761277,2,0,1,1,0,UNSAFE
40.693389745476644,-6.412526882311877,1,0,0,1,0,MIXED
40.57333618520675,6.839918065399138,0,0,0,0,0,SAFE
40.25785849626612,44.23643357604659,1,0,0,0,1,MIXED
55.74242805437759,0.6055246329936796,2,0,1,1,0,UNSAFE
46.44590641279524,22.989310870592384,0,0,0,0,0,SAFE
39.29682330636328,16.783076031585495,0,0,0,0,0,SAFE
44.207857659319984,1.533886271381398,1,0,0,1,0,MIXED
33.74936516731081,16.722967184409903,0,0,0,0,0,SAFE
42.79522022385414,7.91437284582731,0,0,0,0,0,SAFE
35.64499088116924,14.10220750328794,0,0,0,0,0,SAFE
49.08920762386619,14.235142290531298,0,0,0,0,0,SAFE
54.98184664508519,8.04179452337439,1,0,1,0,0,MIXED
43.54487841163861,11.45704570895994,0,0,0,0,0,SAFE
46.70368757130488,7.184121177748038,0,0,0,0,0,SAFE
57.419182031950044,-1.9061240307600613,2,0,1,1,0,UNSAFE
55.723841917441966,15.899884691088328,1,0,1,0,0,MIXED
46.419396653975305,28.345249030919575,1,0,0,0,1,MIXED
48.861291961328554,7.6997311220693865,0,0,0,0,0,SAFE
46.800716442100814,33.67473972634616,1,0,0,0,1,MIXED
34.90166630271342,36.18428511193977,1,0,0,0,1,MIXED
45.085619887748514,10.667722280797427,0,0,0,0,0,SAFE
34.85368492313397,12.767129255917252,0,0,0,0,0,SAFE
26.357773351436038,10.847555309412126,1,1,0,0,0,MIXED
39.89658204915511,4.2558635088758034,1,0,0,1,0,MIXED
47.98276155923488,12.812337122106127,0,0,0,0,0,SAFE
36.913643643084576,11.746660649314565,0,0,0,0,0,SAFE
44.84085978652678,15.732212104669943,0,0,0,0,0,SAFE
36.39219929529938,16.25653474040444,0,0,0,0,0,SAFE
41.59459233946994,3.6053577685118743,1,0,0,1,0,MIXED
39.69196245194192,20.79338270420888,0,0,0,0,0,SAFE
46.57710607917207,12.700356675966063,0,0,0,0,0,SAFE
47.41418235828781,5.200445030153784,0,0,0,0,0,SAFE
34.40809729445339,12.487450367063193,0,0,0,0,0,SAFE
53.98052908869708,16.63251626538206,1,0,1,0,0,MIXED
39.79707352267383,30.441380012066467,1,0,0,0,1,MIXED
39.704492518371694,37.34733237285994,1,0,0,0,1,MIXED
37.90973501103404,4.88271270748699,1,0,0,1,0,MIXED
40.66910420118499,12.509157391629829,0,0,0,0,0,SAFE
35.53824018920574,41.01974078158437,1,0,0,0,1,MIXED
44.549012542442,19.642495736715837,0,0,0,0,0,SAFE
38.30496586290463,9.223306152548702,0,0,0,0,0,SAFE
50.20446684574161,-1.7584177258976084,2,0,1,1,0,UNSAFE
32.857084217677055,12.526914943924453,0,0,0,0,0,SAFE
52.808378445074496,11.254830270305263,1,0,1,0,0,MIXED
45.329212458193574,15.277286793880915,0,0,0,0,0,SAFE
52.370067303494466,-0.8472301821292127,2,0,1,1,0,UNSAFE
47.88770562978222,13.011010702574028,0,0,0,0,0,SAFE
49.399073551355265,6.807178938996847,0,0,0,0,0,SAFE
42.195144558902705,13.974932890873161,0,0,0,0,0,SAFE
33.9805162294367,2.1958698705303625,1,0,0,1,0,MIXED
37.35670910509486,16.299311289949994,0,0,0,0,0,SAFE
35.944702205564056,11.69926436972182,0,0,0,0,0,SAFE
26.913621164131435,11.2935007951627,1,1,0,0,0,MIXED
50.188693173000054,22.051803259700833,1,0,1,0,0,MIXED
41.304624503782854,17.436527250141634,0,0,0,0,0,SAFE
35.37391683524674,31.244386832914003,1,0,0,0,1,MIXED
58.54210005211124,16.648236307059737,1,0,1,0,0,MIXED
62.72548668849194,8.198176284646578,1,0,1,0,0,MIXED
31.991366079448376,7.90376245905882,0,0,0,0,0,SAFE
40.24407787940007,38.12066551202963,1,0,0,0,1,MIXED
39.750726980752326,6.403441871959787,0,0,0,0,0,SAFE
34.81232912338051,26.400221120432803,1,0,0,0,1,MIXED
49.97841398647229,10.145218136463896,0,0,0,0,0,SAFE
26.993727071382757,3.7140645529071534,2,1,0,1,0,UNSAFE
55.76995069999634,21.888078845494704,1,0,1,0,0,MIXED
42.52369100446644,33.68833173151058,1,0,0,0,1,MIXED
57.66661018249213,14.640603980387015,1,0,1,0,0,MIXED
41.85942591574667,9.179533178879232,0,0,0,0,0,SAFE
39.72317370011892,0.13675024199878827,1,0,0,1,0,MIXED
30.07690899052752,-2.226588689059014,1,0,0,1,0,MIXED
50.674696055355554,-0.6140222291256325,2,0,1,1,0,UNSAFE
57.59969838964924,7.696221088005948,1,0,1,0,0,MIXED
55.89879925426029,11.349456571345254,1,0,1,0,0,MIXED
29.470505832636185,27.837788980654693,2,1,0,0,1,UNSAFE
53.2149250210658,5.939489997329892,1,0,1,0,0,MIXED
39.34678186722039,5.942040634390208,0,0,0,0,0,SAFE
41.03578644433825,16.078291474408548,0,0,0,0,0,SAFE
39.18893552707657,-3.1889139539085285,1,0,0,1,0,MIXED
37.352965479279824,22.035187635540417,0,0,0,0,0,SAFE
40.32880365923267,11.725593724382941,0,0,0,0,0,SAFE
34.55378763975388,8.899486308023834,0,0,0,0,0,SAFE
53.27158485265568,3.602227431978921,2,0,1,1,0,UNSAFE
47.76658477348184,15.470552209035244,0,0,0,0,0,SAFE
43.95848530497122,7.6764371898538215,0,0,0,0,0,SAFE
39.18578107161666,14.942798198280425,0,0,0,0,0,SAFE
37.83466428312643,18.314321040365492,0,0,0,0,0,SAFE
45.65951212898457,36.72706623619921,1,0,0,0,1,MIXED
44.22552023489897,-4.122426555188376,1,0,0,1,0,MIXED
51.30415264670944,12.961293583638076,1,0,1,0,0,MIXED
58.09540290349483,29.70924452505308,2,0,1,0,1,UNSAFE
37.95786093030747,22.219027838711753,0,0,0,0,0,SAFE
37.2483588180169,15.026908264146938,0,0,0,0,0,SAFE
47.40787851483163,26.130002060465102,1,0,0,0,1,MIXED
49.16164663108992,15.749896319128279,0,0,0,0,0,SAFE
61.867391200649735,11.349795934729107,1,0,1,0,0,MIXED
29.142394946405616,0.853007047906754,2,1,0,1,0,UNSAFE
53.79206184097875,14.233470801531954,1,0,1,0,0,MIXED
43.272459984432736,9.574761200756631,0,0,0,0,0,SAFE
38.37838016560648,7.1290413905070515,0,0,0,0,0,SAFE
45.769206506640714,14.026200824628994,0,0,0,0,0,SAFE
45.48004302242721,18.394383853174833,0,0,0,0,0,SAFE
38.59297013093683,0.4126937469721259,1,0,0,1,0,MIXED
29.63360323200514,45.26651591695066,2,1,0,0,1,UNSAFE
53.82538755538648,28.401825668912142,2,0,1,0,1,UNSAFE
36.60314554410484,15.095097337631202,0,0,0,0,0,SAFE
35.47709766093463,1.8791790483410935,1,0,0,1,0,MIXED
37.289811836994396,28.26184963429579,1,0,0,0,1,MIXED
48.725962935391756,5.299519983779785,0,0,0,0,0,SAFE
39.4814715987402,22.49123171936581,0,0,0,0,0,SAFE
37.4322288385013,15.795862448327304,0,0,0,0,0,SAFE
45.214779576518495,18.90930551844131,0,0,0,0,0,SAFE
44.03316342152229,8.463028262174898,0,0,0,0,0,SAFE
37.59220329984948,3.6635014847937484,1,0,0,1,0,MIXED
29.509307251981824,13.85251258309771,1,1,0,0,0,MIXED
48.53007691669753,1.1971760584605313,1,0,0,1,0,MIXED
44.18378595299406,22.846312133833948,0,0,0,0,0,SAFE
27.306129849429233,12.294188998637813,1,1,0,0,0,MIXED
55.16968160366699,20.519410177573732,1,0,1,0,0,MIXED
27.036342807501697,21.583394624116107,1,1,0,0,0,MIXED
36.01810564617337,21.913069300927592,0,0,0,0,0,SAFE
36.47934586719381,14.46967555588035,0,0,0,0,0,SAFE
37.699657851496404,15.031577227385055,0,0,0,0,0,SAFE
37.461758608711904,12.764617584455221,0,0,0,0,0,SAFE
32.59515993351458,19.906595954139913,0,0,0,0,0,SAFE
43.4022816691514,-1.165321741041513,1,0,0,1,0,MIXED
49.943333281615416,13.237120403455036,0,0,0,0,0,SAFE
43.29409916988728,22.64561672029186,0,0,0,0,0,SAFE
44.62593793887987,26.652031584608995,1,0,0,0,1,MIXED
39.65363582235671,25.344293862270394,1,0,0,0,1,MIXED
42.98339694245857,20.076334245066914,0,0,0,0,0,SAFE
45.229033382383236,27.407303253095257,1,0,0,0,1,MIXED
47.77129898847435,10.570545196901538,0,0,0,0,0,SAFE
36.869863648001214,14.502458524051672,0,0,0,0,0,SAFE
35.91918847136602,4.478077986736528,1,0,0,1,0,MIXED
24.975580245615667,-0.49262757828710413,2,1,0,1,0,UNSAFE
57.88325088889219,8.434997503702228,1,0,1,0,0,MIXED
57.22768239856916,19.031546011555797,1,0,1,0,0,MIXED
41.60193582691116,-0.006051168212337643,1,0,0,1,0,MIXED
42.03735116460839,33.9218376696823,1,0,0,0,1,MIXED
54.46109395213391,17.74238652697579,1,0,1,0,0,MIXED
32.81065307275988,5.428346547508477,0,0,0,0,0,SAFE
35.17926525286032,27.781549273627004,1,0,0,0,1,MIXED
55.053763488870075,16.958928349675855,1,0,1,0,0,MIXED
39.575356515814775,30.487104966609838,1,0,0,0,1,MIXED
34.171411673080364,15.51823327600366,0,0,0,0,0,SAFE
45.70372799636905,6.371993928236005,0,0,0,0,0,SAFE
36.91268622886954,7.86262420812397,0,0,0,0,0,SAFE
53.333814847904684,34.14367277057088,2,0,1,0,1,UNSAFE
42.91834024189249,12.317814129572126,0,0,0,0,0,SAFE
37.20127140005363,15.017463134503291,0,0,0,0,0,SAFE
37.59822598850568,14.029697576447793,0,0,0,0,0,SAFE
45.30586258403139,10.94687057209632,0,0,0,0,0,SAFE
40.48329549908722,13.145455149276952,0,0,0,0,0,SAFE
39.459492522190885,10.585521229837891,0,0,0,0,0,SAFE
48.097572823494446,-2.7073602897644236,1,0,0,1,0,MIXED
54.59423887201011,16.35529463202997,1,0,1,0,0,MIXED
46.880140607892116,22.250777831488755,0,0,0,0,0,SAFE
36.33552671975543,5.856414438207583,0,0,0,0,0,SAFE
33.74184572276938,12.529319701714115,0,0,0,0,0,SAFE
47.59363753240823,9.162379747791759,0,0,0,0,0,SAFE
46.86345312142644,-8.679212188611988,1,0,0,1,0,MIXED
38.915462384198,26.671373676115625,1,0,0,0,1,MIXED
40.63222968773652,6.708563638338333,0,0,0,0,0,SAFE
36.74525422289922,-10.0,1,0,0,1,0,MIXED
33.905584236704634,25.57241372512582,1,0,0,0,1,MIXED
37.33917786483015,10.354556379987745,0,0,0,0,0,SAFE
23.345502503708737,-1.308377931125623,2,1,0,1,0,UNSAFE
51.52039342879802,21.17294080661561,1,0,1,0,0,MIXED
31.62048774848455,8.694276084267798,0,0,0,0,0,SAFE
41.766621256009735,3.038722678432439,1,0,0,1,0,MIXED
25.966848931891192,13.407896125605642,1,1,0,0,0,MIXED
46.58086849738593,20.91857319729954,0,0,0,0,0,SAFE
49.00189908433717,-0.5355726177982376,1,0,0,1,0,MIXED
42.46321527861551,12.315486357708783,0,0,0,0,0,SAFE
41.30223451602246,12.882183663658626,0,0,0,0,0,SAFE
36.71641455513988,-10.0,1,0,0,1,0,MIXED
51.294632164565385,18.29990165475089,1,0,1,0,0,MIXED
30.12568169970794,19.73131652992755,0,0,0,0,0,SAFE
38.42156154398824,10.8102768358227,0,0,0,0,0,SAFE
35.85268318808774,20.369304726522646,0,0,0,0,0,SAFE
35.60141142787041,4.031653139093997,1,0,0,1,0,MIXED
51.05395848484797,13.21118590233275,1,0,1,0,0,MIXED
40.820108880062335,21.92464120276665,0,0,0,0,0,SAFE
36.65930639323059,10.318468273531145,0,0,0,0,0,SAFE
44.44572215778268,-0.4137760246376576,1,0,0,1,0,MIXED
43.76879237414572,7.442885408186327,0,0,0,0,0,SAFE
48.84378073964119,20.466633268499088,0,0,0,0,0,SAFE
45.31638685580024,-1.069586485545571,1,0,0,1,0,MIXED
41.17283683860944,3.227334395857227,1,0,0,1,0,MIXED
41.70508877618379,-8.152796768897389,1,0,0,1,0,MIXED
29.673341852998057,26.890336088401874,2,1,0,0,1,UNSAFE
44.952425408052484,11.46184152520333,0,0,0,0,0,SAFE
34.73005341851022,4.157460824129069,1,0,0,1,0,MIXED
43.601246040708205,11.56367690407654,0,0,0,0,0,SAFE
54.37317746653821,13.152362799896501,1,0,1,0,0,MIXED
42.469763937956266,1.1149653194462879,1,0,0,1,0,MIXED
39.114406198582884,16.769914050679862,0,0,0,0,0,SAFE
39.01771431029451,10.143714664257677,0,0,0,0,0,SAFE
44.61527700492258,30.148232815609894,1,0,0,0,1,MIXED
43.15975496246262,26.441862834731378,1,0,0,0,1,MIXED
46.972819020150254,25.843533746678506,1,0,0,0,1,MIXED
37.1222406132269,12.930725050155981,0,0,0,0,0,SAFE
40.377811433882684,20.462772365639758,0,0,0,0,0,SAFE
48.339302577694916,16.25056191111891,0,0,0,0,0,SAFE
49.01365261900691,9.36668523018627,0,0,0,0,0,SAFE
49.083020423193,25.158094421858678,1,0,0,0,1,MIXED
47.41997076739731,16.34169783481213,0,0,0,0,0,SAFE
47.70658665923973,6.059955347615103,0,0,0,0,0,SAFE
43.58689811488167,18.005104768251226,0,0,0,0,0,SAFE
31.36387469478812,19.74584252939521,0,0,0,0,0,SAFE
32.00945019454548,10.72081702090569,0,0,0,0,0,SAFE
42.31808767421039,7.692636153671934,0,0,0,0,0,SAFE
42.66043230896255,15.665569904362199,0,0,0,0,0,SAFE
35.43854688512927,20.67974458824331,0,0,0,0,0,SAFE
35.88674797355014,37.87974374734695,1,0,0,0,1,MIXED
41.12416941335516,3.287058550099676,1,0,0,1,0,MIXED
34.12526587028982,26.47580464698301,1,0,0,0,1,MIXED
38.72678680225237,1.362361921700316,1,0,0,1,0,MIXED
48.82970197702213,10.844261122219173,0,0,0,0,0,SAFE
47.22735608895481,24.355660256561272,0,0,0,0,0,SAFE
44.195708310468355,38.95907395685333,1,0,0,0,1,MIXED
28.202060056534208,6.820499247281916,1,1,0,0,0,MIXED
39.95239996316834,37.61173528608121,1,0,0,0,1,MIXED
56.384019760817694,27.88690867393916,2,0,1,0,1,UNSAFE
35.64700847403272,8.224852602295702,0,0,0,0,0,SAFE
35.371519718876364,7.1657311195923725,0,0,0,0,0,SAFE
53.941636858207794,12.562328766041563,1,0,1,0,0,MIXED
41.10801468284846,22.743867869234315,0,0,0,0,0,SAFE
28.691776207728203,15.526458212691391,1,1,0,0,0,MIXED
33.22502617061663,12.055850794416816,0,0,0,0,0,SAFE
37.3086344483263,8.62019253968743,0,0,0,0,0,SAFE
43.80465445365092,17.212134023925113,0,0,0,0,0,SAFE
40.24143528612812,18.70684342991156,0,0,0,0,0,SAFE
35.051083673171604,21.815858690394272,0,0,0,0,0,SAFE
40.35040782273915,10.16336437862103,0,0,0,0,0,SAFE
35.64192950637615,12.586025395333182,0,0,0,0,0,SAFE
56.96511405476738,14.366862298974103,1,0,1,0,0,MIXED
32.844771710852484,24.188190667850463,0,0,0,0,0,SAFE
38.22457251366597,17.837590043524706,0,0,0,0,0,SAFE
37.15471559658737,27.8077331614317,1,0,0,0,1,MIXED
37.27392194683229,28.978579785775363,1,0,0,0,1,MIXED
33.60591532376971,12.070936142845204,0,0,0,0,0,SAFE
53.19996628725425,16.68174224781339,1,0,1,0,0,MIXED
60.17172753444506,12.308595507619827,1,0,1,0,0,MIXED
44.05634282368539,34.05149272048818,1,0,0,0,1,MIXED
29.888614266061854,-1.3775003318153765,2,1,0,1,0,UNSAFE
35.63593458232474,23.133726894733257,0,0,0,0,0,SAFE
29.12119053334449,20.970490565620196,1,1,0,0,0,MIXED
46.21365355591115,35.14390233201957,1,0,0,0,1,MIXED
50.36387940409898,18.640502374977757,1,0,1,0,0,MIXED
52.87306348122368,20.389039411148666,1,0,1,0,0,MIXED
38.31943956298238,3.553942229511385,1,0,0,1,0,MIXED
37.445075170455354,14.599261254528823,0,0,0,0,0,SAFE
43.400147242796834,-6.3519559808675865,1,0,0,1,0,MIXED
40.24351732060804,15.285817695494448,0,0,0,0,0,SAFE
46.380299559038725,31.268008825063504,1,0,0,0,1,MIXED
43.48522828356216,5.904371237522819,0,0,0,0,0,SAFE
27.45536493118822,21.870109581123817,1,1,0,0,0,MIXED
35.04730112418069,23.66836977161347,0,0,0,0,0,SAFE
53.17936121730055,-0.44074765979173947,2,0,1,1,0,UNSAFE
46.4311404700717,27.926224103393444,1,0,0,0,1,MIXED
50.15231460224226,-5.963794369104555,2,0,1,1,0,UNSAFE
35.17078364165037,2.1981949424957676,1,0,0,1,0,MIXED
46.187782041176405,19.133266234854972,0,0,0,0,0,SAFE
20.416864976474997,11.991683786721584,1,1,0,0,0,MIXED
48.405758642728856,16.47975991224122,0,0,0,0,0,SAFE
43.17013535599889,11.350063132812894,0,0,0,0,0,SAFE
33.52847247140257,14.829441761095161,0,0,0,0,0,SAFE
42.41674760988099,21.152545203329556,0,0,0,0,0,SAFE
47.571999394363694,15.858614191632412,0,0,0,0,0,SAFE
50.759266916678655,11.25075331864229,1,0,1,0,0,MIXED
30.447803440962133,19.770536694182056,0,0,0,0,0,SAFE
43.011036435114036,19.969315156798636,0,0,0,0,0,SAFE
31.884389213736576,32.907960886110445,1,0,0,0,1,MIXED
47.68401930930913,12.12003109000874,0,0,0,0,0,SAFE
34.516374832282835,25.77153410432249,1,0,0,0,1,MIXED
33.18584174348915,37.61364824792069,1,0,0,0,1,MIXED
37.09436048080535,32.20505214605611,1,0,0,0,1,MIXED
40.52420971941827,30.80746708820308,1,0,0,0,1,MIXED
36.12105194538787,15.188363785466999,0,0,0,0,0,SAFE
48.43799464136453,21.620771366958227,0,0,0,0,0,SAFE
50.80609466926307,10.125278851984353,1,0,1,0,0,MIXED
42.67846698279849,27.483885759980712,1,0,0,0,1,MIXED
36.357955986248385,20.725410611184017,0,0,0,0,0,SAFE
40.246718081778,17.058741065826055,0,0,0,0,0,SAFE
42.676401731315586,7.117168492150359,0,0,0,0,0,SAFE
39.91445446302042,16.44932252076706,0,0,0,0,0,SAFE
41.17820801030297,30.72735949794239,1,0,0,0,1,MIXED
50.07964445453089,17.899804984934967,1,0,1,0,0,MIXED
35.89483053824398,6.759769081020467,0,0,0,0,0,SAFE
57.79048828224329,4.901145639278058,2,0,1,1,0,UNSAFE
42.910876945204194,18.609487143486795,0,0,0,0,0,SAFE
39.50941078813355,4.977962354226406,1,0,0,1,0,MIXED
35.72082688794811,9.534949976959716,0,0,0,0,0,SAFE
36.324057047217764,28.277203931809304,1,0,0,0,1,MIXED
41.92699205221897,9.761988988523878,0,0,0,0,0,SAFE
42.855664350937644,21.679559052949145,0,0,0,0,0,SAFE
39.24304235153936,24.01981295175915,0,0,0,0,0,SAFE
31.83082580514753,26.71303632116414,1,0,0,0,1,MIXED
41.92838128182223,14.519876482482715,0,0,0,0,0,SAFE
36.455885404281176,2.721498694865865,1,0,0,1,0,MIXED
28.666624513476872,7.372233310502139,1,1,0,0,0,MIXED
46.701385764818816,5.387215776953381,0,0,0,0,0,SAFE
29.612414514205526,5.9093468916221354,1,1,0,0,0,MIXED
38.92133345996548,11.544987773376471,0,0,0,0,0,SAFE
40.96885673405789,25.32606346051878,1,0,0,0,1,MIXED
51.99403550473191,35.05462505389322,2,0,1,0,1,UNSAFE
29.000741466411455,6.4411607966366535,1,1,0,0,0,MIXED
47.587881256478035,10.459687844749748,0,0,0,0,0,SAFE
48.88629175879386,17.07113430114827,0,0,0,0,0,SAFE
54.633633680294395,25.427161139326863,2,0,1,0,1,UNSAFE
50.48813301247185,10.881283913063042,1,0,1,0,0,MIXED
41.22031323225382,11.94746542432644,0,0,0,0,0,SAFE
29.952862850800745,29.717692554955327,2,1,0,0,1,UNSAFE
47.9630984707457,11.549728759190623,0,0,0,0,0,SAFE
52.436740059679785,8.696323532528446,1,0,1,0,0,MIXED
27.294924252357795,25.073697528936144,2,1,0,0,1,UNSAFE
31.77151813507202,13.042245343760166,0,0,0,0,0,SAFE
43.64898432627008,18.85465344738762,0,0,0,0,0,SAFE
48.78720844963037,20.80851426267512,0,0,0,0,0,SAFE
46.399140212496214,7.092482179435087,0,0,0,0,0,SAFE
44.35394845814126,-0.0554997005010609,1,0,0,1,0,MIXED
54.49710158762264,0.9743517618177613,2,0,1,1,0,UNSAFE
39.228481289949244,1.8112576097321647,1,0,0,1,0,MIXED
36.15866971307479,15.13428415432051,0,0,0,0,0,SAFE
37.76993521187198,26.442462581456216,1,0,0,0,1,MIXED
43.81520812770237,10.37090270771407,0,0,0,0,0,SAFE
40.93134456020763,27.197004570559358,1,0,0,0,1,MIXED
49.27096706627573,3.612291059845889,1,0,0,1,0,MIXED
36.55478628688316,19.747898186843713,0,0,0,0,0,SAFE
44.82693268821632,4.496184586012372,1,0,0,1,0,MIXED
47.99301271445299,6.09125859813604,0,0,0,0,0,SAFE
52.43061419085073,20.294491562496212,1,0,1,0,0,MIXED
32.94460439483423,9.709232985365883,0,0,0,0,0,SAFE
37.62831508377101,16.598767213023308,0,0,0,0,0,SAFE
40.36818481590008,3.545110866182167,1,0,0,1,0,MIXED
30.84592683021939,20.490233343978613,0,0,0,0,0,SAFE
44.289894916513305,16.055375572050316,0,0,0,0,0,SAFE
44.165854871683685,8.81080852474965,0,0,0,0,0,SAFE
43.47193886220115,40.38505564984268,1,0,0,0,1,MIXED
51.39653696597715,12.115915490401628,1,0,1,0,0,MIXED
37.813026023190076,-10.0,1,0,0,1,0,MIXED
50.54955322387758,22.86605353774813,1,0,1,0,0,MIXED
37.64937624578806,0.6829231712287243,1,0,0,1,0,MIXED
32.75786045448219,19.443978624794227,0,0,0,0,0,SAFE
41.28527413069988,21.915920176072813,0,0,0,0,0,SAFE
42.69154510694547,24.667588321164843,0,0,0,0,0,SAFE
44.95660112313797,23.28795380160681,0,0,0,0,0,SAFE
25.2825327126245,2.6565442950254,2,1,0,1,0,UNSAFE
39.08518664089898,25.79568784900242,1,0,0,0,1,MIXED
57.04423780854192,13.357642176131222,1,0,1,0,0,MIXED
37.10735948889456,-4.549685442578031,1,0,0,1,0,MIXED
48.90851011258531,9.498094248055232,0,0,0,0,0,SAFE
65.66667735486524,7.605960799654867,1,0,1,0,0,MIXED
58.84220077488531,22.48367383587467,1,0,1,0,0,MIXED
33.77388480542906,17.321437886435866,0,0,0,0,0,SAFE
48.17104421240373,12.74747807483417,0,0,0,0,0,SAFE
48.703861684418385,23.1595715934866,0,0,0,0,0,SAFE
46.77070800475305,14.835266319524944,0,0,0,0,0,SAFE
32.60047928555099,14.232146245247666,0,0,0,0,0,SAFE
43.40851730972675,-3.7605087103782466,1,0,0,1,0,MIXED
43.35388252793075,14.031987351898566,0,0,0,0,0,SAFE
31.626991433720363,11.669936093082432,0,0,0,0,0,SAFE
39.50522922532561,34.300945334934184,1,0,0,0,1,MIXED
43.760946769418936,25.360452513145987,1,0,0,0,1,MIXED
41.05747756407481,-3.739165168350837,1,0,0,1,0,MIXED
47.378734790572985,8.418132704124586,0,0,0,0,0,SAFE
39.315198960096716,4.470287508845294,1,0,0,1,0,MIXED
42.58214291137088,25.65178361622452,1,0,0,0,1,MIXED
49.46190486779701,30.861895077851642,1,0,0,0,1,MIXED
55.82367566363289,-5.4587423025822375,2,0,1,1,0,UNSAFE
32.451035512566946,-3.0819157832655293,1,0,0,1,0,MIXED
47.05544328311672,8.069182162008474,0,0,0,0,0,SAFE
38.086557345248565,12.834025680725446,0,0,0,0,0,SAFE
45.060565504726014,0.14678951993543699,1,0,0,1,0,MIXED
31.9290922989273,15.012962065311068,0,0,0,0,0,SAFE
51.58996748923574,14.746025967489153,1,0,1,0,0,MIXED
35.66672234894374,-6.482086803376362,1,0,0,1,0,MIXED
49.62140468048223,7.640683506095199,0,0,0,0,0,SAFE
32.82050467398623,-2.1532522645878096,1,0,0,1,0,MIXED
30.487193510864277,5.387857795461473,0,0,0,0,0,SAFE
40.08921011044679,2.9125829523934303,1,0,0,1,0,MIXED
43.485664300381096,12.535522600818977,0,0,0,0,0,SAFE
59.77593831347622,-2.0444311639266175,2,0,1,1,0,UNSAFE
43.29183544249906,16.74004989040957,0,0,0,0,0,SAFE
33.75554076861481,15.952523974474607,0,0,0,0,0,SAFE
48.15675493125372,15.964914825578326,0,0,0,0,0,SAFE
53.0757030785587,-6.776876180953387,2,0,1,1,0,UNSAFE
35.26213269757824,29.750560472309445,1,0,0,0,1,MIXED
49.2962106661108,20.40511711266288,0,0,0,0,0,SAFE
51.865723252155675,-4.165578787017701,2,0,1,1,0,UNSAFE
48.364885301782564,25.643701624194225,1,0,0,0,1,MIXED
36.730398670594106,41.29237117891226,1,0,0,0,1,MIXED
43.57079171249646,-6.927690425085409,1,0,0,1,0,MIXED
45.050175983470034,7.8013997001060105,0,0,0,0,0,SAFE
51.31996219143615,20.47944033391298,1,0,1,0,0,MIXED
37.21662342179047,30.024519182628957,1,0,0,0,1,MIXED
49.51561044783448,6.720800123178986,0,0,0,0,0,SAFE
40.783639355513216,20.1691679076408,0,0,0,0,0,SAFE
39.08589389781903,11.65600596152745,0,0,0,0,0,SAFE
42.29380022611587,4.342014159626107,1,0,0,1,0,MIXED
24.137877291384257,17.391348623320376,1,1,0,0,0,MIXED
26.088800405638516,5.069612968552793,1,1,0,0,0,MIXED
27.827341128411422,-1.4844444776130317,2,1,0,1,0,UNSAFE
45.41084139295433,12.776918349399267,0,0,0,0,0,SAFE
39.93279635625501,1.8409821637599055,1,0,0,1,0,MIXED
36.75320728929151,18.764551592101874,0,0,0,0,0,SAFE
41.583301877547996,23.226740610419853,0,0,0,0,0,SAFE
49.72073609700732,12.477801417417892,0,0,0,0,0,SAFE
27.182005712636062,7.433551009337838,1,1,0,0,0,MIXED
41.21848575301846,7.235129479958857,0,0,0,0,0,SAFE
33.56300630932998,15.69752284223486,0,0,0,0,0,SAFE
61.44242482186625,10.118119379636248,1,0,1,0,0,MIXED
41.977553180065804,1.879641227690115,1,0,0,1,0,MIXED
51.947208440332105,23.747430433514232,1,0,1,0,0,MIXED
48.44587311572734,28.59795811304745,1,0,0,0,1,MIXED
38.581269162441544,11.97582180154378,0,0,0,0,0,SAFE
55.6790282550932,21.327281029445587,1,0,1,0,0,MIXED
24.24622542924671,19.548209756370095,1,1,0,0,0,MIXED
37.346415513843226,23.981718246566572,0,0,0,0,0,SAFE
45.265523755361386,-2.405427640227991,1,0,0,1,0,MIXED
44.15064136396382,17.106277272516074,0,0,0,0,0,SAFE
44.907699891718295,20.75528851913309,0,0,0,0,0,SAFE
53.96772767857385,19.138889896142985,1,0,1,0,0,MIXED
42.183187683795715,26.479675541882248,1,0,0,0,1,MIXED
59.94192578871814,24.15070754168089,1,0,1,0,0,MIXED
43.64964901446472,19.325305497689186,0,0,0,0,0,SAFE
44.048350075186065,15.185184152733274,0,0,0,0,0,SAFE
59.32136665205104,7.509466256835675,1,0,1,0,0,MIXED
51.2392466259416,13.741430572994263,1,0,1,0,0,MIXED
30.15664663889021,13.116822564134933,0,0,0,0,0,SAFE
37.62579332996869,20.775773184176593,0,0,0,0,0,SAFE
42.73040178126857,4.7797313635203125,1,0,0,1,0,MIXED
53.76806330791772,25.901340044757244,2,0,1,0,1,UNSAFE
54.68844425677121,17.369646640681164,1,0,1,0,0,MIXED
41.71413545375448,22.03560482618621,0,0,0,0,0,SAFE
37.38019983263278,16.300595547198363,0,0,0,0,0,SAFE
40.59457680542908,0.3896568281007937,1,0,0,1,0,MIXED
43.01964403871258,10.59033108256698,0,0,0,0,0,SAFE
40.05958268785357,18.637849456499545,0,0,0,0,0,SAFE
52.180265071893004,6.512299094520216,1,0,1,0,0,MIXED
39.30753427896514,7.349173036401893,0,0,0,0,0,SAFE
35.35855529760807,9.054310563502277,0,0,0,0,0,SAFE
40.42839773747844,20.858716568775044,0,0,0,0,0,SAFE
44.56356611827871,4.431430009167505,1,0,0,1,0,MIXED
52.353282591337226,24.44412306477038,1,0,1,0,0,MIXED
34.79051479512237,27.241108919195604,1,0,0,0,1,MIXED
44.61550730077021,13.435446970747536,0,0,0,0,0,SAFE
44.864640355834496,14.742292043744781,0,0,0,0,0,SAFE
46.36062923585125,16.87315523131167,0,0,0,0,0,SAFE
39.300591581822374,-5.2582675916138335,1,0,0,1,0,MIXED
46.21746032505541,11.263447216132663,0,0,0,0,0,SAFE
48.22357287716197,19.816750622757205,0,0,0,0,0,SAFE
39.21868631075193,25.22988191077335,1,0,0,0,1,MIXED
43.63873329469257,16.63642847378087,0,0,0,0,0,SAFE
40.89511450589486,31.835557122397976,1,0,0,0,1,MIXED
36.29386616723473,11.773254625409448,0,0,0,0,0,SAFE
32.101318839360026,22.267310773245057,0,0,0,0,0,SAFE
37.34280794913861,10.299644182736783,0,0,0,0,0,SAFE
37.86450694274255,15.627219160623879,0,0,0,0,0,SAFE
31.993923322726832,-7.432452661022609,1,0,0,1,0,MIXED
45.66163229914218,-6.135577062037104,1,0,0,1,0,MIXED
48.83310227181903,30.585277495351477,1,0,0,0,1,MIXED
40.686209568519736,27.994929467204898,1,0,0,0,1,MIXED
41.80594864365425,30.9924115907787,1,0,0,0,1,MIXED
38.350257183094314,-8.648818094311217,1,0,0,1,0,MIXED
41.360706047147985,32.07963193410738,1,0,0,0,1,MIXED
46.279746447523344,9.84676771462156,0,0,0,0,0,SAFE
44.63120935427786,24.711248384525526,0,0,0,0,0,SAFE
41.31506848868423,41.26390085342379,1,0,0,0,1,MIXED
37.8606563478441,25.02510722044748,1,0,0,0,1,MIXED
48.09549789185439,8.001725753019425,0,0,0,0,0,SAFE
38.60447786121862,25.18098647479365,1,0,0,0,1,MIXED
43.15830310083393,18.38071726727273,0,0,0,0,0,SAFE
28.91226117036514,21.559986551621016,1,1,0,0,0,MIXED
44.29837475266054,14.360899773588464,0,0,0,0,0,SAFE
44.88713490447261,10.907822928757504,0,0,0,0,0,SAFE
37.26477996893221,12.581144683608901,0,0,0,0,0,SAFE
38.28637457345362,36.805295610432005,1,0,0,0,1,MIXED
49.294965830748716,5.3153107602829905,0,0,0,0,0,SAFE
58.29036801808674,10.671433885636873,1,0,1,0,0,MIXED
42.235642939714275,23.974171949313202,0,0,0,0,0,SAFE
26.240091648819078,12.62974153059031,1,1,0,0,0,MIXED
37.41332919226266,17.050800795441347,0,0,0,0,0,SAFE
44.96039746612354,14.227406346676485,0,0,0,0,0,SAFE
41.010821614568094,25.651313726354452,1,0,0,0,1,MIXED
44.4118874426723,15.41425010051943,0,0,0,0,0,SAFE
43.18296473168111,33.35888997530218,1,0,0,0,1,MIXED
43.381391815872846,9.855514950342947,0,0,0,0,0,SAFE
26.728007291111528,0.6606262596504635,2,1,0,1,0,UNSAFE
38.26379283936191,13.916231560458524,0,0,0,0,0,SAFE
37.55502832311809,18.511439770458093,0,0,0,0,0,SAFE
37.45193564393353,5.855107298645699,0,0,0,0,0,SAFE
46.9011506828593,28.69394496878013,1,0,0,0,1,MIXED
33.14265921802762,17.437158637078117,0,0,0,0,0,SAFE
26.759962734769456,0.2546186927284051,2,1,0,1,0,UNSAFE
37.28987337618262,26.349104323771932,1,0,0,0,1,MIXED
35.7703517623562,6.838995252344507,0,0,0,0,0,SAFE
42.288698255155595,15.370836111498507,0,0,0,0,0,SAFE
35.71894821796264,34.86221567263239,1,0,0,0,1,MIXED
39.877093015077016,16.1358498241808,0,0,0,0,0,SAFE
38.785763698316465,19.399715621511795,0,0,0,0,0,SAFE
51.87966047763294,31.636636969545727,2,0,1,0,1,UNSAFE
35.901874597888956,26.007951763012123,1,0,0,0,1,MIXED
46.39744655640814,24.745366094600776,0,0,0,0,0,SAFE
41.26496581845762,13.129592267178195,0,0,0,0,0,SAFE
49.48571716571195,24.54692506056287,0,0,0,0,0,SAFE
54.52576451089509,16.985475554504895,1,0,1,0,0,MIXED
41.14468297892194,-9.598535799942042,1,0,0,1,0,MIXED
29.109915696037326,11.05748394816607,1,1,0,0,0,MIXED
33.19152855003028,23.141305654332463,0,0,0,0,0,SAFE
31.519832307368368,9.98695671649712,0,0,0,0,0,SAFE
38.30378805489209,27.04743083399446,1,0,0,0,1,MIXED
37.13409000784284,19.52412118047988,0,0,0,0,0,SAFE
43.56564902018174,24.032884854472798,0,0,0,0,0,SAFE
48.80172041693184,14.665598871304557,0,0,0,0,0,SAFE
28.429643899142558,12.682591133543706,1,1,0,0,0,MIXED
41.84035484374278,17.86009233152778,0,0,0,0,0,SAFE
36.09955883823352,26.409011184086133,1,0,0,0,1,MIXED
42.10895534651994,5.795026521878743,0,0,0,0,0,SAFE
38.334177290066556,34.2854265396683,1,0,0,0,1,MIXED
47.315023143571985,25.48456555564404,1,0,0,0,1,MIXED
33.66730424229269,8.111703078161991,0,0,0,0,0,SAFE
36.54862155295004,16.84393737588622,0,0,0,0,0,SAFE
40.60798535131553,10.105055887429792,0,0,0,0,0,SAFE
39.08744325997237,7.059648133249303,0,0,0,0,0,SAFE
40.561285704788716,26.132155838337475,1,0,0,0,1,MIXED
29.894885187601968,18.464794336352302,1,1,0,0,0,MIXED
53.04074155903699,13.168129014344329,1,0,1,0,0,MIXED
37.76899176683283,24.24231485950589,0,0,0,0,0,SAFE
34.12622498504925,14.773084700612692,0,0,0,0,0,SAFE
33.681247196914185,-3.7010097002427997,1,0,0,1,0,MIXED
40.784125881641636,2.366049367330165,1,0,0,1,0,MIXED
41.906635893366655,26.150296243807063,1,0,0,0,1,MIXED
56.83404325343699,15.935292839432083,1,0,1,0,0,MIXED
50.153726655804796,18.989626501066333,1,0,1,0,0,MIXED
38.93509108899953,-4.247763539308945,1,0,0,1,0,MIXED
55.01193861665695,4.5089781071887725,2,0,1,1,0,UNSAFE
53.062167291342156,20.36807629262251,1,0,1,0,0,MIXED
34.191897718021124,18.11998361818953,0,0,0,0,0,SAFE
59.06328849028264,30.356525808637713,2,0,1,0,1,UNSAFE
37.89829555092441,7.880192418153179,0,0,0,0,0,SAFE
42.80166429852858,13.344862710301635,0,0,0,0,0,SAFE
51.59789908514184,22.395891364218045,1,0,1,0,0,MIXED
28.46206718777262,19.586752554239116,1,1,0,0,0,MIXED
40.56727231306105,15.371081360280666,0,0,0,0,0,SAFE
43.99154411408527,26.987290052766017,1,0,0,0,1,MIXED
49.822343708368166,7.502572593127045,0,0,0,0,0,SAFE
41.53110425848264,10.514786071427881,0,0,0,0,0,SAFE
28.54523224874722,13.906294923989098,1,1,0,0,0,MIXED
56.758035420472766,-2.12043393749747,2,0,1,1,0,UNSAFE
41.80750565071946,14.438618545903248,0,0,0,0,0,SAFE
44.30188377411456,5.372750426060694,0,0,0,0,0,SAFE
30.59911527360037,1.2140234320537395,1,0,0,1,0,MIXED
52.64747006665183,5.17314025638143,1,0,1,0,0,MIXED
38.00350246677462,36.04632598612974,1,0,0,0,1,MIXED
36.12595474578835,18.42399597950926,0,0,0,0,0,SAFE
50.510493413004056,25.15720186979243,2,0,1,0,1,UNSAFE
31.347389143650553,7.866475522985013,0,0,0,0,0,SAFE
44.41891181001588,34.29017457383293,1,0,0,0,1,MIXED
35.90791473087044,10.06387015888923,0,0,0,0,0,SAFE
45.35659537120804,21.196582273483767,0,0,0,0,0,SAFE
47.44203203442189,6.536441351651998,0,0,0,0,0,SAFE
37.743614904524755,17.155011998019685,0,0,0,0,0,SAFE
52.09849050102625,12.615159178815727,1,0,1,0,0,MIXED
41.82158479932944,4.740715628605905,1,0,0,1,0,MIXED
56.90581465513794,16.542629471417097,1,0,1,0,0,MIXED
50.62203823645393,15.298972080676005,1,0,1,0,0,MIXED
42.6821365219473,-0.003088908520608058,1,0,0,1,0,MIXED
24.793905042459464,27.51905211835959,2,1,0,0,1,UNSAFE
42.62446571409936,17.064281229866182,0,0,0,0,0,SAFE
32.00756998239672,5.969358222063764,0,0,0,0,0,SAFE
50.498416009079875,32.40143770841436,2,0,1,0,1,UNSAFE
37.02980788981959,21.714832883630557,0,0,0,0,0,SAFE
43.52019946145284,13.794710599222743,0,0,0,0,0,SAFE
56.815672161426555,10.46798353977248,1,0,1,0,0,MIXED
51.92570109613989,18.814233170420486,1,0,1,0,0,MIXED
41.864885421081446,28.720171730330783,1,0,0,0,1,MIXED
44.321075987384226,14.035724700877193,0,0,0,0,0,SAFE
53.035537383856266,27.49262253771892,2,0,1,0,1,UNSAFE
51.61570656923101,-10.0,2,0,1,1,0,UNSAFE
45.521413005907284,17.1211719306997,0,0,0,0,0,SAFE
41.721093967316115,21.097796339726784,0,0,0,0,0,SAFE
44.08445498003622,21.778074173271815,0,0,0,0,0,SAFE
39.85630553796006,29.981806301764927,1,0,0,0,1,MIXED
48.23155353418261,20.4252659051484,0,0,0,0,0,SAFE
45.94964186965491,26.572813074935638,1,0,0,0,1,MIXED
50.173502295483914,13.872279464537122,1,0,1,0,0,MIXED
49.92248304658637,16.740522400420446,0,0,0,0,0,SAFE
57.33541433200263,25.977278110469655,2,0,1,0,1,UNSAFE
36.99512545150645,38.30710689450265,1,0,0,0,1,MIXED
25.183681312081365,21.37354740669042,1,1,0,0,0,MIXED
36.430021364437714,33.821802936730194,1,0,0,0,1,MIXED
44.022448522362296,7.0620453491287885,0,0,0,0,0,SAFE
39.86804230224333,7.860685413344084,0,0,0,0,0,SAFE
39.55378417143937,11.713523841104951,0,0,0,0,0,SAFE
35.99075305039156,17.70063811582624,0,0,0,0,0,SAFE
45.129793307253856,5.036936087240328,0,0,0,0,0,SAFE
28.733849895648017,18.109564521495717,1,1,0,0,0,MIXED
46.25536440895627,22.302167619612337,0,0,0,0,0,SAFE
46.40939505275302,30.727167757369898,1,0,0,0,1,MIXED
49.976543095450104,41.79828196415576,1,0,0,0,1,MIXED
66.80517757466356,-2.5810258764471357,2,0,1,1,0,UNSAFE
24.422890950113235,14.926087021532853,1,1,0,0,0,MIXED
46.03385943904257,14.241149909942777,0,0,0,0,0,SAFE
47.62864356846208,12.297579246016248,0,0,0,0,0,SAFE
36.448393892687015,9.571091401489555,0,0,0,0,0,SAFE
40.39865304748637,23.435123440601494,0,0,0,0,0,SAFE
38.10607442667336,12.110312970832947,0,0,0,0,0,SAFE
46.56173475235483,13.012036024548102,0,0,0,0,0,SAFE
50.93368440516312,5.804937677649388,1,0,1,0,0,MIXED
32.909089948276105,18.046290340183425,0,0,0,0,0,SAFE
45.23430769811837,6.350405059165871,0,0,0,0,0,SAFE
52.7487632106194,34.24936809770226,2,0,1,0,1,UNSAFE
36.97716629727427,29.87300672731191,1,0,0,0,1,MIXED
22.94294262399422,25.76112266718025,2,1,0,0,1,UNSAFE
35.13789783097266,24.7607268197214,0,0,0,0,0,SAFE
34.30979211234668,14.315124653732047,0,0,0,0,0,SAFE
35.51907522766528,12.861193022179192,0,0,0,0,0,SAFE
56.63939223144356,13.92062203406594,1,0,1,0,0,MIXED
58.88241299140669,11.141874389071637,1,0,1,0,0,MIXED
53.934117630454416,-1.256926065128031,2,0,1,1,0,UNSAFE
39.70792755697447,9.638900146746426,0,0,0,0,0,SAFE
54.30164480637713,16.852487860360743,1,0,1,0,0,MIXED
25.295334642820038,1.8987034527643765,2,1,0,1,0,UNSAFE
33.8987020049648,24.340502941121688,0,0,0,0,0,SAFE
48.440059869250206,11.996005670388802,0,0,0,0,0,SAFE
37.61192165105942,22.163882408500527,0,0,0,0,0,SAFE
32.963815260544315,19.57668977950353,0,0,0,0,0,SAFE
44.98014397496186,12.254104069332353,0,0,0,0,0,SAFE
45.18142372036572,16.020943530746845,0,0,0,0,0,SAFE
45.979355958052324,1.6589769151990623,1,0,0,1,0,MIXED
46.91601584422961,25.266013295022724,1,0,0,0,1,MIXED
44.56761136451556,21.012158509915,0,0,0,0,0,SAFE
41.1206454607219,23.913325662630434,0,0,0,0,0,SAFE
42.521977023838836,3.5205871754538958,1,0,0,1,0,MIXED
48.56172923906608,-1.3414624750777229,1,0,0,1,0,MIXED
44.26223795430707,11.157771499530206,0,0,0,0,0,SAFE
38.414994002362306,16.719887499262054,0,0,0,0,0,SAFE
36.325694473456046,20.12206014127832,0,0,0,0,0,SAFE
42.45437306097602,8.82706048587802,0,0,0,0,0,SAFE
52.70543656037055,17.047826102994982,1,0,1,0,0,MIXED
47.04640746739585,29.165887294944216,1,0,0,0,1,MIXED
53.20142828635498,20.79785453856188,1,0,1,0,0,MIXED
39.578734391921564,0.7029621246278861,1,0,0,1,0,MIXED
43.65352560383797,25.945843158173858,1,0,0,0,1,MIXED
44.83451855514628,-10.0,1,0,0,1,0,MIXED
48.96049723861174,24.31499154775742,0,0,0,0,0,SAFE
39.59022245018949,24.883616752535225,0,0,0,0,0,SAFE
47.02372331514701,8.144932077179707,0,0,0,0,0,SAFE
52.17040892974148,2.3252307689388623,2,0,1,1,0,UNSAFE
41.54204263168852,13.429976872279148,0,0,0,0,0,SAFE
35.396494782489754,18.037938676489652,0,0,0,0,0,SAFE
52.482951196584466,27.47741871861388,2,0,1,0,1,UNSAFE
47.78931371793533,-1.9592250688029544,1,0,0,1,0,MIXED
31.312381592983044,16.661691197587686,0,0,0,0,0,SAFE
41.72611967133167,10.019201725016847,0,0,0,0,0,SAFE
57.24258557963866,16.05860153171141,1,0,1,0,0,MIXED
46.33930192952655,24.87893880948446,0,0,0,0,0,SAFE
42.439667597379675,40.91062167912369,1,0,0,0,1,MIXED
34.477021580514375,8.939284101058778,0,0,0,0,0,SAFE
34.45739425373995,30.626582864273036,1,0,0,0,1,MIXED
48.416686993749174,9.558480872814073,0,0,0,0,0,SAFE
35.08898900036176,28.848905006026037,1,0,0,0,1,MIXED
44.89350172271087,29.10417968616338,1,0,0,0,1,MIXED
41.518805193747546,20.115353224335998,0,0,0,0,0,SAFE
44.40182124195202,8.75888665625931,0,0,0,0,0,SAFE
40.846846729527925,3.1569665570165544,1,0,0,1,0,MIXED
45.952854589817946,22.612487463468597,0,0,0,0,0,SAFE
49.921289600842556,21.665448931710056,0,0,0,0,0,SAFE
40.9743189079758,30.51970645076985,1,0,0,0,1,MIXED
49.13846790183636,28.885463016571048,1,0,0,0,1,MIXED
53.6102936357628,13.74400344693109,1,0,1,0,0,MIXED
45.103035655145895,22.745651834974776,0,0,0,0,0,SAFE
32.8068656997246,3.730268276212003,1,0,0,1,0,MIXED
31.60550683203938,13.918999114801101,0,0,0,0,0,SAFE
39.33346352630721,0.6432937170476158,1,0,0,1,0,MIXED
43.194865821589424,14.043810832834078,0,0,0,0,0,SAFE
51.45792136061594,35.12979079132458,2,0,1,0,1,UNSAFE
45.651602723313864,8.033694786337648,0,0,0,0,0,SAFE
47.17379501877655,15.09302923320473,0,0,0,0,0,SAFE
40.078997969748016,6.383988788201881,0,0,0,0,0,SAFE
38.286239686223944,13.222089887261726,0,0,0,0,0,SAFE
48.43277113732359,20.110255804078662,0,0,0,0,0,SAFE
56.604609143427965,21.74338073846472,1,0,1,0,0,MIXED
45.394359396498885,11.937696345274258,0,0,0,0,0,SAFE
33.70029614522632,9.301065581468565,0,0,0,0,0,SAFE
36.401290697904585,-10.0,1,0,0,1,0,MIXED
33.930945739406624,31.02209761365973,1,0,0,0,1,MIXED
44.94880170367195,11.234761446549037,0,0,0,0,0,SAFE
45.18783857712017,-4.534045257293744,1,0,0,1,0,MIXED
44.25678173169939,27.77492263147483,1,0,0,0,1,MIXED
41.03107242328496,-2.7198952624856823,1,0,0,1,0,MIXED
38.688475721786425,27.7926199498312,1,0,0,0,1,MIXED
44.06903725518135,0.8168990520643362,1,0,0,1,0,MIXED
60.94103343347096,2.4619148375486706,2,0,1,1,0,UNSAFE
40.05660334709428,4.626139993477965,1,0,0,1,0,MIXED
33.71198388069119,10.478488842648435,0,0,0,0,0,SAFE
47.08920127876862,27.905314452196016,1,0,0,0,1,MIXED
38.91065462374032,4.898564458150755,1,0,0,1,0,MIXED
45.829114533278464,20.079635789291874,0,0,0,0,0,SAFE
43.9230106844276,17.757398129067326,0,0,0,0,0,SAFE
41.09946842925055,15.981508545558814,0,0,0,0,0,SAFE
40.54679097101143,25.702437270371224,1,0,0,0,1,MIXED
59.82767600564702,16.796531517071926,1,0,1,0,0,MIXED
41.94742201622911,17.55861365690068,0,0,0,0,0,SAFE
36.73662559213366,22.649783711048205,0,0,0,0,0,SAFE
45.52941127264903,10.795297919573095,0,0,0,0,0,SAFE
49.21653455233982,15.189897683453873,0,0,0,0,0,SAFE
34.239546892205,18.5160444542296,0,0,0,0,0,SAFE
43.89594002719461,24.60418146110625,0,0,0,0,0,SAFE
48.65237560059879,13.907736693712382,0,0,0,0,0,SAFE
38.223304508691754,15.017437500577993,0,0,0,0,0,SAFE
44.90647103734925,19.83754377765049,0,0,0,0,0,SAFE
44.411297665088945,14.092380565282308,0,0,0,0,0,SAFE
49.97453616018579,8.256981059067233,0,0,0,0,0,SAFE
61.83522761723858,22.630703801537592,1,0,1,0,0,MIXED
32.98011677463992,16.852293309364157,0,0,0,0,0,SAFE
48.18146814425705,11.506308944802901,0,0,0,0,0,SAFE
30.038847619386345,4.609360584011046,1,0,0,1,0,MIXED
46.33674355476441,-2.5461647256837168,1,0,0,1,0,MIXED
30.405243425231824,20.368347469339263,0,0,0,0,0,SAFE
40.219606265225366,8.04219610395203,0,0,0,0,0,SAFE
38.04214282141973,0.29186187155680443,1,0,0,1,0,MIXED
45.875627443639566,6.934564449825546,0,0,0,0,0,SAFE
37.71398252332904,18.46785136587178,0,0,0,0,0,SAFE
39.94697971636627,7.953466903656638,0,0,0,0,0,SAFE
26.08449260220857,18.674258458678146,1,1,0,0,0,MIXED
42.631943740867214,9.826125423166268,0,0,0,0,0,SAFE
33.70080715626523,15.127624786535248,0,0,0,0,0,SAFE
45.843774084206146,15.97758881324304,0,0,0,0,0,SAFE
55.10452416393722,22.047745026050286,1,0,1,0,0,MIXED
41.14173528260767,22.38278756096564,0,0,0,0,0,SAFE
42.38929822712863,15.45192754522654,0,0,0,0,0,SAFE
52.370910378488176,6.019421218594811,1,0,1,0,0,MIXED
42.18647718443967,26.897100026496048,1,0,0,0,1,MIXED
44.47192446539913,11.309470146312218,0,0,0,0,0,SAFE
28.35072187700664,-7.703469421937093,2,1,0,1,0,UNSAFE
58.60944951808598,18.085118212508117,1,0,1,0,0,MIXED
37.3274148873099,18.494568891298407,0,0,0,0,0,SAFE
34.4186068935732,11.68798722603734,0,0,0,0,0,SAFE
34.47247685605628,0.867264154354956,1,0,0,1,0,MIXED
25.160120433296623,-0.9765739222883418,2,1,0,1,0,UNSAFE
50.17030211149968,5.1311803878996844,1,0,1,0,0,MIXED
46.27913689442303,24.566473898452138,0,0,0,0,0,SAFE
42.132637481659664,12.014327876789293,0,0,0,0,0,SAFE
43.06418336422131,10.83379633475886,0,0,0,0,0,SAFE
51.63127409645304,33.76533874144492,2,0,1,0,1,UNSAFE
53.598494642967644,-6.515632347735675,2,0,1,1,0,UNSAFE
38.50378592911909,15.041591387811561,0,0,0,0,0,SAFE
45.70446368338035,-2.27314537702048,1,0,0,1,0,MIXED
28.052450717048274,28.067897496253924,2,1,0,0,1,UNSAFE
37.527045451121765,0.12593661546767976,1,0,0,1,0,MIXED
33.17087353821631,18.90474643312215,0,0,0,0,0,SAFE
35.419618508292025,17.4162564218405,0,0,0,0,0,SAFE
34.17018109802797,-2.442001273840205,1,0,0,1,0,MIXED
53.39504130577059,18.981899112889757,1,0,1,0,0,MIXED
39.32999311009507,9.786382783183907,0,0,0,0,0,SAFE
53.719202952601876,20.91530045528725,1,0,1,0,0,MIXED
51.17450425308607,9.163073225108,1,0,1,0,0,MIXED
42.405332321436624,19.02198915996532,0,0,0,0,0,SAFE
37.59944712548927,14.0446789099636,0,0,0,0,0,SAFE
37.331117280934,18.99059197502217,0,0,0,0,0,SAFE
31.428846689195353,20.71970019247058,0,0,0,0,0,SAFE
44.48570561394329,12.96691471492678,0,0,0,0,0,SAFE
45.59613716521667,11.350595362670228,0,0,0,0,0,SAFE
36.638954069381704,20.43726154788678,0,0,0,0,0,SAFE
46.696112041234976,9.927297611909658,0,0,0,0,0,SAFE
37.25558166205553,13.170265162395435,0,0,0,0,0,SAFE
37.58395477748786,30.251191098822687,1,0,0,0,1,MIXED
44.53180571355365,15.146002335472149,0,0,0,0,0,SAFE
34.538200210487766,22.389894470366407,0,0,0,0,0,SAFE
37.107160800444674,8.4725268891896,0,0,0,0,0,SAFE
48.180917304612684,18.873227209918976,0,0,0,0,0,SAFE
21.97241912691554,13.42229236235691,1,1,0,0,0,MIXED
43.00415696438096,11.604038442188399,0,0,0,0,0,SAFE
43.28290932551844,-3.0968800290901086,1,0,0,1,0,MIXED
19.3518352052742,5.245317616297292,1,1,0,0,0,MIXED
44.2579769741372,-10.0,1,0,0,1,0,MIXED
35.25163146208394,-4.2276096919938695,1,0,0,1,0,MIXED
40.05900661974922,34.578992579558495,1,0,0,0,1,MIXED
40.26259204268719,13.92497154669132,0,0,0,0,0,SAFE
48.713847526305855,15.213065578105736,0,0,0,0,0,SAFE
40.280065838485285,24.26645924145004,0,0,0,0,0,SAFE
45.77509720409444,17.886257615664526,0,0,0,0,0,SAFE
40.88975877946028,11.539352952729365,0,0,0,0,0,SAFE
49.3373670818533,11.63537380120827,0,0,0,0,0,SAFE
51.85002303484811,4.528536337107177,2,0,1,1,0,UNSAFE
53.47027163604622,19.72040083088418,1,0,1,0,0,MIXED
34.25172061558395,20.089786345523063,0,0,0,0,0,SAFE
36.79757681346176,15.334280543474755,0,0,0,0,0,SAFE
38.10698290283799,13.670878358669215,0,0,0,0,0,SAFE
49.53144635047894,20.185116521466867,0,0,0,0,0,SAFE
32.997076865847376,4.319035583415614,1,0,0,1,0,MIXED
44.16620488212267,18.431871268957767,0,0,0,0,0,SAFE
36.60444016490322,30.913154829820375,1,0,0,0,1,MIXED
48.507959498156765,8.744236346152059,0,0,0,0,0,SAFE
36.22195747347206,12.72186786286753,0,0,0,0,0,SAFE
39.345164711406724,27.561574937317772,1,0,0,0,1,MIXED
49.87618378395909,15.350695135013904,0,0,0,0,0,SAFE
47.42324448711372,23.22975226344549,0,0,0,0,0,SAFE
42.46608582613227,19.026186793690897,0,0,0,0,0,SAFE
46.75350043273826,19.87605723648884,0,0,0,0,0,SAFE
35.76956937219367,8.22290242653938,0,0,0,0,0,SAFE
39.691242706511595,7.9333572095311125,0,0,0,0,0,SAFE
30.215195418914778,21.759519609490408,0,0,0,0,0,SAFE
44.771265014952014,1.6063342370745382,1,0,0,1,0,MIXED
40.072666306179705,13.157141827473728,0,0,0,0,0,SAFE
43.45555542807951,4.180775513523411,1,0,0,1,0,MIXED
31.1680461120447,20.197244960339102,0,0,0,0,0,SAFE
29.728303901851017,12.673365069453368,1,1,0,0,0,MIXED
39.39138251393418,13.767156817732147,0,0,0,0,0,SAFE
44.021740969422815,30.985706178114064,1,0,0,0,1,MIXED
29.2040623952728,23.765815827327494,1,1,0,0,0,MIXED
21.902736750948982,28.937111488173183,2,1,0,0,1,UNSAFE
25.657045275702746,39.36394638034791,2,1,0,0,1,UNSAFE
38.881857364182764,27.90383060773035,1,0,0,0,1,MIXED
50.673248187286916,10.635109086955914,1,0,1,0,0,MIXED
39.12200625449919,6.62841036867724,0,0,0,0,0,SAFE
48.29896133155431,10.765318957815321,0,0,0,0,0,SAFE
35.44813177559413,20.372760119561523,0,0,0,0,0,SAFE
34.822588468754006,11.710177082479971,0,0,0,0,0,SAFE
42.856846918977546,8.575705107387318,0,0,0,0,0,SAFE
38.06761055264052,30.349832011394575,1,0,0,0,1,MIXED
40.36611839771883,11.403730402163877,0,0,0,0,0,SAFE
40.59899889545022,19.544549884990673,0,0,0,0,0,SAFE
33.72909053860909,19.27215400458386,0,0,0,0,0,SAFE
44.04656152047393,-2.8865538407411755,1,0,0,1,0,MIXED
56.354044827270094,29.608135607632065,2,0,1,0,1,UNSAFE
35.5954965380413,3.7757346230271676,1,0,0,1,0,MIXED
43.824411976201944,0.7413671216871194,1,0,0,1,0,MIXED
52.91426362961805,10.315462642476072,1,0,1,0,0,MIXED
54.974455426470534,6.755966296137329,1,0,1,0,0,MIXED
41.102383315466234,27.67212606577366,1,0,0,0,1,MIXED
39.41408416288936,17.720917431757407,0,0,0,0,0,SAFE
50.7412700451041,9.439525491658337,1,0,1,0,0,MIXED
31.906087275618475,0.412894036924218,1,0,0,1,0,MIXED
46.667461995503,18.887783869976186,0,0,0,0,0,SAFE
50.49330538464872,12.259552810174098,1,0,1,0,0,MIXED
30.55410193919566,-8.527523062815764,1,0,0,1,0,MIXED
64.94370027481361,20.26923018537503,1,0,1,0,0,MIXED
43.094334048658354,17.786397603138163,0,0,0,0,0,SAFE
30.54928841414051,7.051280090369534,0,0,0,0,0,SAFE
55.946641023929935,21.583472858522185,1,0,1,0,0,MIXED
35.89121873897651,2.73184671916761,1,0,0,1,0,MIXED
37.87444712844347,11.845693527771216,0,0,0,0,0,SAFE
58.39316828677363,13.11732624034045,1,0,1,0,0,MIXED
32.4835857269359,14.413976363899154,0,0,0,0,0,SAFE
44.114707747024006,2.1945342241262864,1,0,0,1,0,MIXED
45.21732427562092,27.0891595227157,1,0,0,0,1,MIXED
43.10937026600611,7.029348481503202,0,0,0,0,0,SAFE
37.7690364994388,-1.5883597666186198,1,0,0,1,0,MIXED
40.92931812717972,18.107799568299132,0,0,0,0,0,SAFE
34.826939321076175,34.39700151027628,1,0,0,0,1,MIXED
48.338235963609186,-2.927773389484422,1,0,0,1,0,MIXED
27.821899531939536,5.159761972961816,1,1,0,0,0,MIXED
54.58548325407418,23.909217105523624,1,0,1,0,0,MIXED
54.9896975644663,15.102092865627547,1,0,1,0,0,MIXED
40.324085376301774,2.524905139393761,1,0,0,1,0,MIXED
44.79747139933437,13.038318330829794,0,0,0,0,0,SAFE
40.122622476145104,31.18050841052838,1,0,0,0,1,MIXED
40.989235177083515,28.309814440476845,1,0,0,0,1,MIXED
29.295402710859094,41.88112232862922,2,1,0,0,1,UNSAFE
39.01383630595704,22.07184023274026,0,0,0,0,0,SAFE
48.9301832955721,10.026432696245646,0,0,0,0,0,SAFE
48.552240720472426,23.710031765812385,0,0,0,0,0,SAFE
36.294843991633854,7.9869977581810705,0,0,0,0,0,SAFE
42.36245458787794,13.845060523146646,0,0,0,0,0,SAFE
53.14504076679628,22.02668184945079,1,0,1,0,0,MIXED
41.43661144429527,21.060779587076734,0,0,0,0,0,SAFE
25.62677537762647,8.846890263682583,1,1,0,0,0,MIXED
44.3025680665511,26.153655018924507,1,0,0,0,1,MIXED
43.59815467724635,29.582389999776563,1,0,0,0,1,MIXED
48.94351886420211,10.116705759286557,0,0,0,0,0,SAFE
40.87975483236985,19.084216862385716,0,0,0,0,0,SAFE
38.41091557714909,30.312901779165934,1,0,0,0,1,MIXED
33.13019092566169,18.16106450424386,0,0,0,0,0,SAFE
47.883574508840454,11.865530105388977,0,0,0,0,0,SAFE
37.68960533880601,14.239187035500011,0,0,0,0,0,SAFE
48.495988102281395,10.001520024721462,0,0,0,0,0,SAFE
33.448630504725664,26.505847769930263,1,0,0,0,1,MIXED
45.1943717834847,25.078574304895174,1,0,0,0,1,MIXED
48.074653850139526,36.798893082819646,1,0,0,0,1,MIXED
50.91977628485237,7.759204381251793,1,0,1,0,0,MIXED
45.76214373785266,9.425112789564544,0,0,0,0,0,SAFE
38.36699068929733,0.874995993847012,1,0,0,1,0,MIXED
39.71109454506769,20.450342885347,0,0,0,0,0,SAFE
41.47182635893007,4.0063159675130855,1,0,0,1,0,MIXED
29.81584534025348,36.118459354805665,2,1,0,0,1,UNSAFE
44.601286024332,6.759308304001138,0,0,0,0,0,SAFE
45.69426767762301,36.89186077806087,1,0,0,0,1,MIXED
46.96369887716716,-10.0,1,0,0,1,0,MIXED
63.21833350389554,-3.4924648029037755,2,0,1,1,0,UNSAFE
40.35190443698534,3.6659569996714954,1,0,0,1,0,MIXED
36.079983120214294,17.844096849826375,0,0,0,0,0,SAFE
25.431811929611126,14.09754414510411,1,1,0,0,0,MIXED
51.17873938193089,6.567596754124491,1,0,1,0,0,MIXED
30.877719520462755,13.606948978442578,0,0,0,0,0,SAFE
39.29326807958899,9.04772329665531,0,0,0,0,0,SAFE
32.49323139105909,20.19184581186122,0,0,0,0,0,SAFE
46.76210809153385,4.343532655435125,1,0,0,1,0,MIXED
34.58197084316992,16.364919940057256,0,0,0,0,0,SAFE
34.28022673529866,16.786619826967886,0,0,0,0,0,SAFE
53.7443722289285,14.401773187716858,1,0,1,0,0,MIXED
32.291069060486066,18.921034973217484,0,0,0,0,0,SAFE
40.57876216384307,13.49842962508686,0,0,0,0,0,SAFE
45.80258298303031,21.91037402778326,0,0,0,0,0,SAFE
42.284017323786436,14.393196832907165,0,0,0,0,0,SAFE
58.508331923787125,27.00553998907298,2,0,1,0,1,UNSAFE
48.66836894452135,16.312059458801965,0,0,0,0,0,SAFE
33.95405411284021,26.27386385933994,1,0,0,0,1,MIXED
43.15435317374417,9.228309861768665,0,0,0,0,0,SAFE
40.05487637129844,5.3381743376185185,0,0,0,0,0,SAFE
50.4586323438869,21.83037083121786,1,0,1,0,0,MIXED
43.45305969222681,14.5721442637473,0,0,0,0,0,SAFE
36.554648982001254,-6.300726437585205,1,0,0,1,0,MIXED
30.696584826719466,7.5735466048071025,0,0,0,0,0,SAFE
34.85626894388918,17.89360624616065,0,0,0,0,0,SAFE
48.491949935786565,13.715607810989646,0,0,0,0,0,SAFE
53.27133548097148,7.171022804133695,1,0,1,0,0,MIXED
40.91570298601378,14.490128207224041,0,0,0,0,0,SAFE
50.73749063067535,16.058870820821785,1,0,1,0,0,MIXED
43.068551316465026,-1.5484311500792138,1,0,0,1,0,MIXED
34.80074632631396,25.959522736975828,1,0,0,0,1,MIXED
25.39726189122253,28.429926524306275,2,1,0,0,1,UNSAFE
45.99731591163385,7.524786716362447,0,0,0,0,0,SAFE
35.3436081887417,33.959552998483076,1,0,0,0,1,MIXED
53.29124645183537,13.805592284565023,1,0,1,0,0,MIXED
43.07673383561903,8.538186390897277,0,0,0,0,0,SAFE
43.07827182260884,8.260963114307046,0,0,0,0,0,SAFE
41.37165580660656,33.10329379764742,1,0,0,0,1,MIXED
41.23508762759659,4.519781187263732,1,0,0,1,0,MIXED
31.069023616120205,16.2711775736448,0,0,0,0,0,SAFE
35.912838764057675,17.466031419825363,0,0,0,0,0,SAFE
29.043975254971627,21.90250134575882,1,1,0,0,0,MIXED
33.51868102565596,15.46297259277339,0,0,0,0,0,SAFE
39.29357426048023,32.1838896227887,1,0,0,0,1,MIXED
43.37191338743622,34.45471948114594,1,0,0,0,1,MIXED
46.48593920049936,29.254059223124788,1,0,0,0,1,MIXED
40.32961434861663,18.455030494903223,0,0,0,0,0,SAFE
51.74914871215165,24.049599485840485,1,0,1,0,0,MIXED
46.247946225476554,11.720651672122719,0,0,0,0,0,SAFE
40.72978804954624,26.376619516033564,1,0,0,0,1,MIXED
52.76728998985712,9.071372707203269,1,0,1,0,0,MIXED
36.04992820516024,5.958662117297832,0,0,0,0,0,SAFE
48.637604925841245,5.7052497793748085,0,0,0,0,0,SAFE
48.54082724817398,20.45690343121013,0,0,0,0,0,SAFE
37.63926524507376,30.638593138512665,1,0,0,0,1,MIXED
30.301928735190188,31.5953259975856,1,0,0,0,1,MIXED
44.55108691396397,-5.734663566586917,1,0,0,1,0,MIXED
54.73503708657291,24.722125042199888,1,0,1,0,0,MIXED
38.574306532695694,5.352794347586036,0,0,0,0,0,SAFE
29.44746604929292,39.15446161810391,2,1,0,0,1,UNSAFE
34.612945006705246,2.364114379990742,1,0,0,1,0,MIXED
44.1433529948012,-1.3789346676111514,1,0,0,1,0,MIXED
34.147612812443555,24.949691941604684,0,0,0,0,0,SAFE
45.71368475855504,11.136300402606178,0,0,0,0,0,SAFE
42.14645338345104,10.575294697999963,0,0,0,0,0,SAFE
41.504017525047686,7.381886174403478,0,0,0,0,0,SAFE
37.35808544378058,8.893218624545671,0,0,0,0,0,SAFE
36.19311318515396,25.439109964164818,1,0,0,0,1,MIXED
48.160939136104425,5.6763673160905075,0,0,0,0,0,SAFE
32.44484965965943,13.427233568693842,0,0,0,0,0,SAFE
59.24230078631637,4.722947963034523,2,0,1,1,0,UNSAFE
40.71020488236768,15.88720413717662,0,0,0,0,0,SAFE
41.130862607638804,10.417901257805113,0,0,0,0,0,SAFE
51.240639777588434,19.544586229434543,1,0,1,0,0,MIXED
48.766442589960604,20.893799496663306,0,0,0,0,0,SAFE
49.15158657444789,30.84405832974063,1,0,0,0,1,MIXED
52.64835173430667,38.24803959595914,2,0,1,0,1,UNSAFE
51.738730251257536,8.305532234724932,1,0,1,0,0,MIXED
48.77849633444663,22.104351789845953,0,0,0,0,0,SAFE
57.362359241857504,5.328414833237108,1,0,1,0,0,MIXED
46.46360865114349,8.189296552330424,0,0,0,0,0,SAFE
46.10036083280108,12.852533354002807,0,0,0,0,0,SAFE
45.83575043352711,0.8966181391857582,1,0,0,1,0,MIXED
48.345811852447184,17.060595151861,0,0,0,0,0,SAFE
43.21754305417524,34.5022829984733,1,0,0,0,1,MIXED
38.94013281385741,18.422654247719816,0,0,0,0,0,SAFE
42.80216559231404,16.980391602407327,0,0,0,0,0,SAFE
59.77443123714223,15.638070924137487,1,0,1,0,0,MIXED
37.461761604093894,33.70902795447221,1,0,0,0,1,MIXED
39.5384898764883,-1.0517814720905534,1,0,0,1,0,MIXED
36.07325034856919,2.5341250595714406,1,0,0,1,0,MIXED
27.60027626948439,11.369849956318657,1,1,0,0,0,MIXED
41.438272277812544,26.805279151289064,1,0,0,0,1,MIXED
47.03521289649652,20.838343081286666,0,0,0,0,0,SAFE
34.854319958418245,23.84933261964115,0,0,0,0,0,SAFE
53.12986269118988,18.9457089154616,1,0,1,0,0,MIXED
45.3801402903834,2.3530770030002124,1,0,0,1,0,MIXED
50.43548646084262,32.80830548761419,2,0,1,0,1,UNSAFE
44.5836191923747,9.056427216325151,0,0,0,0,0,SAFE
40.70404115209726,10.795792849874122,0,0,0,0,0,SAFE
39.11640277471764,21.47983063694059,0,0,0,0,0,SAFE
44.23571289336274,25.039366059713686,1,0,0,0,1,MIXED
44.96722035822577,6.359120260218171,0,0,0,0,0,SAFE
37.99446380920487,9.371589272121433,0,0,0,0,0,SAFE
40.508239387052384,32.94713691414589,1,0,0,0,1,MIXED
57.63919673318102,23.36601200446586,1,0,1,0,0,MIXED
42.950110374668945,1.3834778049560512,1,0,0,1,0,MIXED
43.760066445840664,7.099927035629467,0,0,0,0,0,SAFE
55.04417517252736,-1.0610568979048942,2,0,1,1,0,UNSAFE
45.07587466664094,6.257606223496312,0,0,0,0,0,SAFE
41.92387851613222,21.660681903110564,0,0,0,0,0,SAFE
50.17574951025678,14.393097990684188,1,0,1,0,0,MIXED
48.08973240145223,8.375299013878976,0,0,0,0,0,SAFE
43.96430707818576,25.02207414437865,1,0,0,0,1,MIXED
44.6567958251199,9.706563036266939,0,0,0,0,0,SAFE
39.76766105949254,25.156560625479393,1,0,0,0,1,MIXED
33.26524306457474,5.556848659925471,0,0,0,0,0,SAFE
46.812710078493886,10.608564054582025,0,0,0,0,0,SAFE
30.37553442920249,28.508186670419104,1,0,0,0,1,MIXED
33.20319769696074,13.005699866803615,0,0,0,0,0,SAFE
37.04383485050322,12.023165144597792,0,0,0,0,0,SAFE
34.92304433878928,22.142792376934626,0,0,0,0,0,SAFE
42.88658819445529,24.836535952108918,0,0,0,0,0,SAFE
37.12665430766622,36.33021769949211,1,0,0,0,1,MIXED
26.762809715968444,-0.8513490792229401,2,1,0,1,0,UNSAFE
56.02467878173143,19.740416674463845,1,0,1,0,0,MIXED
44.7310886644486,19.31275307318011,0,0,0,0,0,SAFE
46.56965816120359,17.997677204339507,0,0,0,0,0,SAFE
34.27276406699916,23.18190905072791,0,0,0,0,0,SAFE
47.28542569230586,29.284311467398304,1,0,0,0,1,MIXED
56.113928615209325,18.30476079643262,1,0,1,0,0,MIXED
32.17960785894253,32.72522931202137,1,0,0,0,1,MIXED
33.85480051997647,18.379641936723807,0,0,0,0,0,SAFE
39.94612858863316,10.693746498152073,0,0,0,0,0,SAFE
48.11440097225214,17.444595992679655,0,0,0,0,0,SAFE
46.10593193014505,6.843137098366297,0,0,0,0,0,SAFE
40.60740027700272,7.304650201592998,0,0,0,0,0,SAFE
40.40742729618028,13.812377751325908,0,0,0,0,0,SAFE
56.75443338563837,12.406114855312595,1,0,1,0,0,MIXED
24.995213403754832,28.950915373207863,2,1,0,0,1,UNSAFE
45.594074992208185,13.689895654466106,0,0,0,0,0,SAFE
38.502277065111244,5.530743439431143,0,0,0,0,0,SAFE
57.504384776691936,15.518448886600366,1,0,1,0,0,MIXED
28.0979908521482,18.277400332852416,1,1,0,0,0,MIXED
51.64937361627872,16.56434668353497,1,0,1,0,0,MIXED
34.787252222437495,5.089257139753428,0,0,0,0,0,SAFE
34.661448578246116,30.21657997046951,1,0,0,0,1,MIXED
41.4266875581054,-1.7872441467863034,1,0,0,1,0,MIXED
45.073071406755716,16.410367855735522,0,0,0,0,0,SAFE
38.40883626493335,4.7959324391118905,1,0,0,1,0,MIXED
33.488840801817,25.86633815466338,1,0,0,0,1,MIXED
43.98010284644078,19.78643664661784,0,0,0,0,0,SAFE
43.95807047664096,18.27688704911822,0,0,0,0,0,SAFE
38.25284269257407,12.941706455192236,0,0,0,0,0,SAFE
51.319294443400345,29.145901678191123,2,0,1,0,1,UNSAFE
32.223264097922,12.917411668922174,0,0,0,0,0,SAFE
48.714282871949315,33.820797322157304,1,0,0,0,1,MIXED
56.255676650645995,7.042421850535003,1,0,1,0,0,MIXED
52.2003689456466,15.586363021070163,1,0,1,0,0,MIXED
50.355333111005905,22.882786808212867,1,0,1,0,0,MIXED
31.888287659481897,20.499739566271757,0,0,0,0,0,SAFE
50.04557272935431,14.79844744972168,1,0,1,0,0,MIXED
40.029468581547036,-0.7166391177308835,1,0,0,1,0,MIXED
47.468940132407475,17.087483678139108,0,0,0,0,0,SAFE
34.62252868231931,11.741600031236,0,0,0,0,0,SAFE
43.23602599302218,9.413642109473294,0,0,0,0,0,SAFE
42.02141702007913,-2.4993264720344897,1,0,0,1,0,MIXED
52.79537357481564,15.159092849662846,1,0,1,0,0,MIXED
33.20517194807751,-9.597088483876828,1,0,0,1,0,MIXED
50.23307952826714,20.58091552723642,1,0,1,0,0,MIXED
43.68548570775241,23.636480012646043,0,0,0,0,0,SAFE
48.88718717037369,16.944380700535326,0,0,0,0,0,SAFE
39.96628626193746,10.828584013847422,0,0,0,0,0,SAFE
45.3675361912416,28.970313748793494,1,0,0,0,1,MIXED
41.176774629472234,29.764774059167223,1,0,0,0,1,MIXED
44.98521978761929,18.806909685166616,0,0,0,0,0,SAFE
61.24087573859178,31.526782162184325,2,0,1,0,1,UNSAFE
55.42887395510572,7.02386341633142,1,0,1,0,0,MIXED
59.537460017250325,14.177832058800433,1,0,1,0,0,MIXED
40.18007056197195,-6.592484134132391,1,0,0,1,0,MIXED
44.61032659643058,4.166460418973603,1,0,0,1,0,MIXED
45.26603062837593,3.384348667623083,1,0,0,1,0,MIXED
56.38159870235843,20.51573962876729,1,0,1,0,0,MIXED
60.23897260599661,4.769759685074872,2,0,1,1,0,UNSAFE
54.3934339576638,-3.0271241703282676,2,0,1,1,0,UNSAFE
43.66460381179435,8.683768800580491,0,0,0,0,0,SAFE
38.41634771799714,9.83503582091171,0,0,0,0,0,SAFE
34.682270517189366,2.4031169334930738,1,0,0,1,0,MIXED
38.460585544548245,16.16028397286871,0,0,0,0,0,SAFE
51.30955485300815,17.95350396621054,1,0,1,0,0,MIXED
51.33232161035509,0.21823128042899853,2,0,1,1,0,UNSAFE
38.53624475433006,22.110049191364247,0,0,0,0,0,SAFE
44.745526046330866,6.388248853408223,0,0,0,0,0,SAFE
49.472551137327216,9.687268180475188,0,0,0,0,0,SAFE
35.78109150885023,19.869477604968083,0,0,0,0,0,SAFE
42.049354922673885,9.7708766497139,0,0,0,0,0,SAFE
37.54505179802316,4.302032001933018,1,0,0,1,0,MIXED
38.83401403152908,26.000094354874356,1,0,0,0,1,MIXED
43.956403703905316,24.585940807773454,0,0,0,0,0,SAFE
46.128548301397615,8.877537930281806,0,0,0,0,0,SAFE
28.806869801726055,5.731456352962045,1,1,0,0,0,MIXED
36.63011351121984,7.5141712970834025,0,0,0,0,0,SAFE
49.84815941487776,24.70588466849702,0,0,0,0,0,SAFE
59.695037122213165,7.362788288076145,1,0,1,0,0,MIXED
54.77958644851532,30.912672056641302,2,0,1,0,1,UNSAFE
40.141889935689086,19.735553969402346,0,0,0,0,0,SAFE
51.92586599312968,14.41075377337739,1,0,1,0,0,MIXED
40.90886578228286,8.72662578882548,0,0,0,0,0,SAFE
23.119691850695762,15.70471616488479,1,1,0,0,0,MIXED
36.32104538037259,4.246513763831723,1,0,0,1,0,MIXED
45.37753320115451,0.48687759178901935,1,0,0,1,0,MIXED
48.44863913024494,19.835993152605212,0,0,0,0,0,SAFE
38.79845430642199,14.366897471555408,0,0,0,0,0,SAFE
32.478231246766065,22.50338603365376,0,0,0,0,0,SAFE
43.498913928410126,17.618499545895443,0,0,0,0,0,SAFE
46.01512303738504,8.57584586108276,0,0,0,0,0,SAFE
29.847533800632526,24.573183749126308,1,1,0,0,0,MIXED
47.509747308899264,9.646411967290655,0,0,0,0,0,SAFE
45.272881593040324,27.5797343871795,1,0,0,0,1,MIXED
51.10960642467152,9.354411635680044,1,0,1,0,0,MIXED
30.08991163652599,1.8278486040324644,1,0,0,1,0,MIXED
39.50619189635911,29.623171332871586,1,0,0,0,1,MIXED
36.17243670286906,9.036721469906446,0,0,0,0,0,SAFE
37.06471121505346,9.682692037113327,0,0,0,0,0,SAFE
41.910185247306984,2.199498254482444,1,0,0,1,0,MIXED
50.67487965061561,13.551789219903531,1,0,1,0,0,MIXED
61.83307659780268,3.264290014499851,2,0,1,1,0,UNSAFE
54.71892937459927,28.91345397986487,2,0,1,0,1,UNSAFE
38.70652792923481,11.049393864881324,0,0,0,0,0,SAFE
34.629617470960824,5.90178574760445,0,0,0,0,0,SAFE
41.995152401801136,15.206959842463611,0,0,0,0,0,SAFE
29.181157864470684,37.935053233258635,2,1,0,0,1,UNSAFE
39.923865142695504,15.656122772171884,0,0,0,0,0,SAFE
36.990100532692466,12.329904609081659,0,0,0,0,0,SAFE
39.136975110046336,14.970695741747395,0,0,0,0,0,SAFE
41.883280716575086,23.048663485410703,0,0,0,0,0,SAFE
43.81775949679021,22.04283020399503,0,0,0,0,0,SAFE
41.921513425556526,17.312525551058908,0,0,0,0,0,SAFE
40.06955453853383,25.031117343376486,1,0,0,0,1,MIXED
44.58097943612739,13.419251454870993,0,0,0,0,0,SAFE
40.496718923589434,13.90760658753003,0,0,0,0,0,SAFE
42.243551389416254,14.436388987810796,0,0,0,0,0,SAFE
37.52926675830912,22.64900555268261,0,0,0,0,0,SAFE
48.62460794038536,32.83856837900747,1,0,0,0,1,MIXED
37.17096231484191,21.664387251521056,0,0,0,0,0,SAFE
26.726901469738543,23.290430650218877,1,1,0,0,0,MIXED
30.34734307994252,5.156688964277146,0,0,0,0,0,SAFE
44.65780263212655,8.785009645776878,0,0,0,0,0,SAFE
35.933171919976715,10.15183977501654,0,0,0,0,0,SAFE
47.837007935348204,5.671096035822565,0,0,0,0,0,SAFE
41.566761086219714,11.213437154606636,0,0,0,0,0,SAFE
48.55912617063211,23.47921754082843,0,0,0,0,0,SAFE
27.317745620511097,25.45109418764315,2,1,0,0,1,UNSAFE
37.11395274832951,17.36292198596674,0,0,0,0,0,SAFE
34.48873007693363,18.711346027097832,0,0,0,0,0,SAFE
62.410791628968816,16.27165561285033,1,0,1,0,0,MIXED
38.32121825882915,12.67838765324459,0,0,0,0,0,SAFE
30.24776034209584,29.48963286164458,1,0,0,0,1,MIXED
44.50306486077288,4.511020937021533,1,0,0,1,0,MIXED
33.869453678969975,15.152823791488263,0,0,0,0,0,SAFE
49.455963146707894,3.4901009126302878,1,0,0,1,0,MIXED
50.907274734937374,14.083664480430965,1,0,1,0,0,MIXED
34.55805291994322,10.323095734270222,0,0,0,0,0,SAFE
55.988431017037676,1.1178666345466262,2,0,1,1,0,UNSAFE
36.14485635243083,24.525835846349203,0,0,0,0,0,SAFE
43.73165634762908,7.087591817419478,0,0,0,0,0,SAFE
49.718345890918584,25.122957331691808,1,0,0,0,1,MIXED
44.651125348144646,8.876034124164857,0,0,0,0,0,SAFE
38.333563041325135,17.846760652983985,0,0,0,0,0,SAFE
31.504567510292965,28.277848811331125,1,0,0,0,1,MIXED
55.60167270940671,12.640451501597292,1,0,1,0,0,MIXED
44.84883593944645,26.85802042849326,1,0,0,0,1,MIXED
57.64448670854151,30.569813354906984,2,0,1,0,1,UNSAFE
28.11569989312966,11.84446311672481,1,1,0,0,0,MIXED
46.005506011865755,10.057827030980684,0,0,0,0,0,SAFE
56.26213396032291,31.293751728026326,2,0,1,0,1,UNSAFE
35.47255886993016,13.375999800942763,0,0,0,0,0,SAFE
36.0035669104829,13.048715558938303,0,0,0,0,0,SAFE
40.196541205332935,24.542579147468583,0,0,0,0,0,SAFE
34.89228269012932,-10.0,1,0,0,1,0,MIXED
29.16365534212144,4.716983872932701,2,1,0,1,0,UNSAFE
36.75446728802343,16.871744006152134,0,0,0,0,0,SAFE
33.361648755769124,2.8889940974006816,1,0,0,1,0,MIXED
34.56442065878312,3.843459988402188,1,0,0,1,0,MIXED
37.564050045634836,9.027126041049344,0,0,0,0,0,SAFE
47.51245453579048,5.104706149303775,0,0,0,0,0,SAFE
39.13922697336183,9.54977320083231,0,0,0,0,0,SAFE
48.47107980830054,13.457207239822958,0,0,0,0,0,SAFE
50.40557378719355,3.4762982399519124,2,0,1,1,0,UNSAFE
41.60506713252144,9.241089829700677,0,0,0,0,0,SAFE
32.19163121691517,14.324889590149423,0,0,0,0,0,SAFE
55.863422065881785,6.470911970738669,1,0,1,0,0,MIXED
40.980360145297865,1.877683804074488,1,0,0,1,0,MIXED
30.326177824767925,7.12747670657099,0,0,0,0,0,SAFE
38.400135906966554,10.9441695906885,0,0,0,0,0,SAFE
40.19179987936619,-1.4833264070336973,1,0,0,1,0,MIXED
36.99243030794422,20.01758473403675,0,0,0,0,0,SAFE
31.1340394168437,11.44854305154929,0,0,0,0,0,SAFE
44.34275007950454,7.177330779763302,0,0,0,0,0,SAFE
44.73219516928678,-0.21126279385031133,1,0,0,1,0,MIXED
49.10759658345764,18.658007330936957,0,0,0,0,0,SAFE
42.445323228075736,26.24818026305841,1,0,0,0,1,MIXED
39.365207526107085,8.82143887538088,0,0,0,0,0,SAFE
52.98035427277797,33.407658022347945,2,0,1,0,1,UNSAFE
36.4524983510579,13.862567628921846,0,0,0,0,0,SAFE
50.36034034609163,14.218549981892275,1,0,1,0,0,MIXED
46.756708069903866,22.804035974883824,0,0,0,0,0,SAFE
37.50156339554765,19.192746634002592,0,0,0,0,0,SAFE
41.9504584439205,2.8313140660623777,1,0,0,1,0,MIXED
34.0827788285728,8.475830756036313,0,0,0,0,0,SAFE
49.42815880642083,24.61358162313328,0,0,0,0,0,SAFE
47.999303346572944,19.401107032656178,0,0,0,0,0,SAFE
45.30261045725152,17.7756044955483,0,0,0,0,0,SAFE
45.260776443373075,19.753625836642023,0,0,0,0,0,SAFE
30.764622674180952,7.097528540557615,0,0,0,0,0,SAFE
33.76862700414366,26.07145007654009,1,0,0,0,1,MIXED
55.2328008286689,-6.6904792041217505,2,0,1,1,0,UNSAFE
54.51851689497329,15.867213735315296,1,0,1,0,0,MIXED
50.10175855326962,20.064671545848963,1,0,1,0,0,MIXED
53.523160428799365,17.097424333574963,1,0,1,0,0,MIXED
31.092364329496668,13.9432511622679,0,0,0,0,0,SAFE
46.12524836885444,12.840388984656414,0,0,0,0,0,SAFE
47.26185377722136,14.34302611359556,0,0,0,0,0,SAFE
37.23592544708104,4.140216166884592,1,0,0,1,0,MIXED
38.86547693973324,17.045716497003273,0,0,0,0,0,SAFE
26.324865565952393,7.199235892849767,1,1,0,0,0,MIXED
26.02646364180481,8.829251460219602,1,1,0,0,0,MIXED
51.57851787429779,3.1388361827116444,2,0,1,1,0,UNSAFE
47.625277966890636,43.4882512731232,1,0,0,0,1,MIXED
53.6283050500588,16.335133803912118,1,0,1,0,0,MIXED
48.86747564637186,1.3031719756320825,1,0,0,1,0,MIXED
29.412682772715566,15.286981090793937,1,1,0,0,0,MIXED
45.18888450774729,25.944042842492404,1,0,0,0,1,MIXED
37.44990286878948,16.93395484361646,0,0,0,0,0,SAFE
43.2728924524238,13.686058944235329,0,0,0,0,0,SAFE
41.42020099092799,6.452954973604395,0,0,0,0,0,SAFE
44.23765926707971,16.950499801950784,0,0,0,0,0,SAFE
38.47990587235172,21.657742660235673,0,0,0,0,0,SAFE
50.222652707458366,21.773762959754627,1,0,1,0,0,MIXED
33.66045343951421,15.996457668619916,0,0,0,0,0,SAFE
34.70854749709238,15.965547462998332,0,0,0,0,0,SAFE
34.73970642384069,27.771633373547857,1,0,0,0,1,MIXED
48.26665175215874,26.52989305342389,1,0,0,0,1,MIXED
50.41377672156397,12.294002884263351,1,0,1,0,0,MIXED
38.59512205178059,32.41723828700153,1,0,0,0,1,MIXED
40.67904279862068,1.4541935752800086,1,0,0,1,0,MIXED
50.0597338693266,16.437756682637207,1,0,1,0,0,MIXED
54.04755299183186,17.429696779808488,1,0,1,0,0,MIXED
41.8399881012263,30.261208087746898,1,0,0,0,1,MIXED
29.692269239704103,9.146376953969927,1,1,0,0,0,MIXED
34.901096225158334,-6.950797785732842,1,0,0,1,0,MIXED
48.98541142413283,9.42581586017061,0,0,0,0,0,SAFE
49.2429443331726,18.89086491234604,0,0,0,0,0,SAFE
46.85713973302148,10.446005191593525,0,0,0,0,0,SAFE
35.886014848119615,15.897608752197208,0,0,0,0,0,SAFE
49.353345466465356,14.49617994516258,0,0,0,0,0,SAFE
36.38450941894166,3.009819086016414,1,0,0,1,0,MIXED
43.633304122590616,9.459324650714624,0,0,0,0,0,SAFE
41.42607530088208,12.612212177513406,0,0,0,0,0,SAFE
38.44455220252364,17.938035607595122,0,0,0,0,0,SAFE
46.43603267315286,34.65278944650784,1,0,0,0,1,MIXED
48.06374171747609,30.936823294741405,1,0,0,0,1,MIXED
35.451197028786105,-1.0094477072702368,1,0,0,1,0,MIXED
41.88455795423874,23.58027244149099,0,0,0,0,0,SAFE
47.60929374527544,27.11381572326575,1,0,0,0,1,MIXED
21.70763712811835,27.529768948842076,2,1,0,0,1,UNSAFE
44.68370101143712,-0.44013345125012826,1,0,0,1,0,MIXED
47.78823077383045,16.694825768329633,0,0,0,0,0,SAFE
45.049834388624404,24.991091503153616,0,0,0,0,0,SAFE
45.44220294744573,0.271749015303147,1,0,0,1,0,MIXED
40.85578984173673,-1.1764517085089174,1,0,0,1,0,MIXED
47.19249504447114,28.979702415840396,1,0,0,0,1,MIXED
32.068384299581396,8.285362394675897,0,0,0,0,0,SAFE
34.94104543102265,10.46094728061663,0,0,0,0,0,SAFE
45.29938526559094,10.569308778988411,0,0,0,0,0,SAFE
47.2202413815922,25.65379770075975,1,0,0,0,1,MIXED
50.814074090634215,3.818189046303523,2,0,1,1,0,UNSAFE
53.087431555781784,29.66072284876239,2,0,1,0,1,UNSAFE
54.42143944989735,13.421851802823042,1,0,1,0,0,MIXED
35.985260213517776,5.157588085199155,0,0,0,0,0,SAFE
33.185760907401445,15.116904066648686,0,0,0,0,0,SAFE
48.782814851923405,28.065584409873445,1,0,0,0,1,MIXED
38.11554306910119,14.613117329197111,0,0,0,0,0,SAFE
41.16649957278843,8.64719750134861,0,0,0,0,0,SAFE
47.88599623808496,18.628482466232256,0,0,0,0,0,SAFE
43.13458540095685,18.583054391959248,0,0,0,0,0,SAFE
46.92360998365987,21.05437019130388,0,0,0,0,0,SAFE
35.29208035102514,23.96328548742946,0,0,0,0,0,SAFE
44.04292894144447,10.653838050197349,0,0,0,0,0,SAFE
43.87383753156936,18.444774767250532,0,0,0,0,0,SAFE
50.65426933731299,4.5384437151481976,2,0,1,1,0,UNSAFE
52.59987482923354,15.231663563098275,1,0,1,0,0,MIXED
37.950773994011215,9.632419001428653,0,0,0,0,0,SAFE
33.98905793325936,-2.409148837567429,1,0,0,1,0,MIXED
47.41919904287363,34.80886400421964,1,0,0,0,1,MIXED
29.05907720931348,5.495720840696416,1,1,0,0,0,MIXED
48.012665513162666,14.54363091328577,0,0,0,0,0,SAFE
48.67535393820119,13.982794768511633,0,0,0,0,0,SAFE
37.35498000586898,12.741578893268688,0,0,0,0,0,SAFE
22.943284621952294,3.56515654351535,2,1,0,1,0,UNSAFE
49.58623499374961,26.918998441788446,1,0,0,0,1,MIXED
53.24932844073853,19.40869346448033,1,0,1,0,0,MIXED
23.95144900570984,8.649934708128583,1,1,0,0,0,MIXED
52.59724541238906,31.230542386835534,2,0,1,0,1,UNSAFE
52.901181944057946,12.637475352302005,1,0,1,0,0,MIXED
31.547393067403476,14.593684100415183,0,0,0,0,0,SAFE
42.1184561458421,30.655648200914527,1,0,0,0,1,MIXED
43.82233040097769,15.166811788807713,0,0,0,0,0,SAFE
42.58796118514767,18.998588297626863,0,0,0,0,0,SAFE
47.011520688492546,7.754625659820041,0,0,0,0,0,SAFE
33.53903684299545,28.705585214046984,1,0,0,0,1,MIXED
28.871669644514533,31.377474592047726,2,1,0,0,1,UNSAFE
26.7145704219704,9.15458867168979,1,1,0,0,0,MIXED
49.774831764667574,15.003418890782735,0,0,0,0,0,SAFE
31.468185569905273,19.26428154125996,0,0,0,0,0,SAFE
42.53603473440385,12.839517115580222,0,0,0,0,0,SAFE
37.00862167373674,14.653940004693998,0,0,0,0,0,SAFE
37.34462710438116,39.34532668849158,1,0,0,0,1,MIXED
40.07986278546582,11.262430461808895,0,0,0,0,0,SAFE
37.666910836097685,32.76950842838193,1,0,0,0,1,MIXED
28.887464976835467,18.594324218994178,1,1,0,0,0,MIXED
40.085680224988764,0.7659989535798779,1,0,0,1,0,MIXED
35.44738937709507,18.16953993905833,0,0,0,0,0,SAFE
35.0848542427513,17.59563928220043,0,0,0,0,0,SAFE
55.833225829490814,16.706006772173353,1,0,1,0,0,MIXED
30.371900171804036,6.532037381531101,0,0,0,0,0,SAFE
39.7167540900379,11.47764881005341,0,0,0,0,0,SAFE
43.21611076092734,18.124429420780668,0,0,0,0,0,SAFE
55.84422364095087,14.962803349121062,1,0,1,0,0,MIXED
32.78244442499272,26.53806130248567,1,0,0,0,1,MIXED
52.10419661424819,17.324430940059692,1,0,1,0,0,MIXED
40.028844838328304,21.225464025490613,0,0,0,0,0,SAFE
40.31136149056376,-5.5570892877748435,1,0,0,1,0,MIXED
46.507794263779736,23.922514769745778,0,0,0,0,0,SAFE
53.528697843034635,7.692415570474351,1,0,1,0,0,MIXED
43.809322526890185,17.47799557852983,0,0,0,0,0,SAFE
42.68306047763052,16.148560382862154,0,0,0,0,0,SAFE
42.297088123015726,17.117494015828164,0,0,0,0,0,SAFE
47.92544827196283,27.20287524584316,1,0,0,0,1,MIXED
35.94934063445089,13.276986452118177,0,0,0,0,0,SAFE
38.61913504089874,9.343276427999415,0,0,0,0,0,SAFE
29.07174867755179,15.242224558529621,1,1,0,0,0,MIXED
45.834562956362305,13.449002481011279,0,0,0,0,0,SAFE
41.92833682882332,19.184369279091314,0,0,0,0,0,SAFE
53.288957561309054,10.802354704769641,1,0,1,0,0,MIXED
32.62710308532888,14.09559853006386,0,0,0,0,0,SAFE
57.068490106959565,3.3909944157161203,2,0,1,1,0,UNSAFE
47.20108556464227,26.579132292851142,1,0,0,0,1,MIXED
23.075726244845917,19.102225236084852,1,1,0,0,0,MIXED
46.82728509658476,12.326647986201458,0,0,0,0,0,SAFE
36.828491511282266,9.093376474760197,0,0,0,0,0,SAFE
39.37145203299503,11.979039683122231,0,0,0,0,0,SAFE
38.07378365794586,11.555247473175543,0,0,0,0,0,SAFE
51.526334590773025,2.855712210848651,2,0,1,1,0,UNSAFE
28.007532613827276,27.067851072343153,2,1,0,0,1,UNSAFE
40.46385792527534,11.11767707517464,0,0,0,0,0,SAFE
41.110263010138645,17.092767007791267,0,0,0,0,0,SAFE
37.80759018305307,20.05931127647303,0,0,0,0,0,SAFE
34.30189940952883,11.981738221508138,0,0,0,0,0,SAFE
24.28242995772198,26.72237134863775,2,1,0,0,1,UNSAFE
40.591298427522965,21.701040917371586,0,0,0,0,0,SAFE
45.81259667413,20.49813780371322,0,0,0,0,0,SAFE
41.93779577140523,18.882273927391747,0,0,0,0,0,SAFE
34.30972469910444,3.288214437702674,1,0,0,1,0,MIXED
41.19115253195796,8.202236196042342,0,0,0,0,0,SAFE
53.40371338599541,18.7514442930711,1,0,1,0,0,MIXED
36.268148879035685,12.284595614944198,0,0,0,0,0,SAFE
43.064052655904796,14.31997043851083,0,0,0,0,0,SAFE
44.17396826347412,15.68654544462308,0,0,0,0,0,SAFE
30.87474601223936,-6.509045675039108,1,0,0,1,0,MIXED
39.011127640864075,20.604927050983573,0,0,0,0,0,SAFE
39.10104772349137,27.365641134052254,1,0,0,0,1,MIXED
41.62490640560881,28.571960642519787,1,0,0,0,1,MIXED
51.215227514114446,25.512868651744668,2,0,1,0,1,UNSAFE
32.371906926343996,15.171406679732018,0,0,0,0,0,SAFE
51.78218789985851,17.723447247580385,1,0,1,0,0,MIXED
46.434879239991744,1.1211269488437843,1,0,0,1,0,MIXED
57.35031944486454,7.086255974345836,1,0,1,0,0,MIXED
26.044598865998424,11.488742621749331,1,1,0,0,0,MIXED
22.420129187831467,4.148748552088332,2,1,0,1,0,UNSAFE
62.46809466483556,11.199592224967802,1,0,1,0,0,MIXED
30.577702656161673,15.252978865661175,0,0,0,0,0,SAFE
34.8175700397442,23.6451919967393,0,0,0,0,0,SAFE
34.88364176491168,17.70733710135159,0,0,0,0,0,SAFE
32.823527705020325,40.99028144790553,1,0,0,0,1,MIXED
46.028989760218515,13.544942025175326,0,0,0,0,0,SAFE
39.65633399494972,9.464000167506358,0,0,0,0,0,SAFE
35.91269216153986,7.116032738188137,0,0,0,0,0,SAFE
55.426630803695616,9.473860422787615,1,0,1,0,0,MIXED
24.96464874689263,3.3403227912010554,2,1,0,1,0,UNSAFE
49.4217969599931,12.476759434086631,0,0,0,0,0,SAFE
40.92734719890903,26.69814451419093,1,0,0,0,1,MIXED
35.782667286621574,21.32417722130904,0,0,0,0,0,SAFE
36.65693480169926,20.758766367523336,0,0,0,0,0,SAFE
38.87091799384273,12.584508251443097,0,0,0,0,0,SAFE
48.56106926009022,22.480248076824996,0,0,0,0,0,SAFE
40.67657611676332,10.283763300052145,0,0,0,0,0,SAFE
54.793180675853236,20.89330811497969,1,0,1,0,0,MIXED
38.87086553073692,8.46915636710245,0,0,0,0,0,SAFE
50.19918005553711,16.154000860531593,1,0,1,0,0,MIXED
40.69157603899131,16.14975175562594,0,0,0,0,0,SAFE
44.70237499709593,14.433108525692283,0,0,0,0,0,SAFE
51.62949493474395,27.593384762119868,2,0,1,0,1,UNSAFE
46.25510495361439,28.747189904956272,1,0,0,0,1,MIXED
42.06797414510578,21.90331005004615,0,0,0,0,0,SAFE
50.03565055097553,25.1903828001661,2,0,1,0,1,UNSAFE
49.32799318190675,21.311891940816846,0,0,0,0,0,SAFE
57.657024925104686,9.60304214734509,1,0,1,0,0,MIXED
40.758233699518314,12.854895233498658,0,0,0,0,0,SAFE
39.05546284188952,-4.887720434149362,1,0,0,1,0,MIXED
52.99891844566598,4.739595409537225,2,0,1,1,0,UNSAFE
43.35851926996878,0.7813882232511347,1,0,0,1,0,MIXED
46.96572584575791,7.146039640598021,0,0,0,0,0,SAFE
32.91230460712754,16.943434644817064,0,0,0,0,0,SAFE
36.39412335613897,9.258409039136271,0,0,0,0,0,SAFE
43.374316921596964,22.999894536344172,0,0,0,0,0,SAFE
35.45279609702631,5.088075260085002,0,0,0,0,0,SAFE
42.1878693334582,20.392525802580824,0,0,0,0,0,SAFE
53.702041534885,4.286704017062986,2,0,1,1,0,UNSAFE
39.45626318983695,26.757860250752543,1,0,0,0,1,MIXED
57.78475628910975,5.069090006912459,1,0,1,0,0,MIXED
36.0895046415468,18.8110009460986,0,0,0,0,0,SAFE
37.3780548624553,7.407682454900474,0,0,0,0,0,SAFE
43.955764850951255,30.494199537397776,1,0,0,0,1,MIXED
31.524141639204913,29.98334107779513,1,0,0,0,1,MIXED
37.40184625133689,18.457919212581984,0,0,0,0,0,SAFE
54.726805768814884,18.25323592302112,1,0,1,0,0,MIXED
39.62007161440649,22.181756226947392,0,0,0,0,0,SAFE
40.614670381340474,20.213510495946142,0,0,0,0,0,SAFE
40.362552012977446,23.611528969890387,0,0,0,0,0,SAFE
30.84614645959827,4.86478375906324,1,0,0,1,0,MIXED
30.72857260105643,14.435705708036604,0,0,0,0,0,SAFE
29.763694249521837,8.081684249331808,1,1,0,0,0,MIXED
33.13993116344954,29.79676229538824,1,0,0,0,1,MIXED
34.07455718259329,2.134542970766578,1,0,0,1,0,MIXED
43.98670827012616,31.868211545616603,1,0,0,0,1,MIXED
41.07146336603452,14.612806935229358,0,0,0,0,0,SAFE
52.32605968862781,23.78229338216446,1,0,1,0,0,MIXED
45.40331987689514,9.176592715998066,0,0,0,0,0,SAFE
45.6476632502929,1.3921590464731288,1,0,0,1,0,MIXED
37.01059560485922,29.314626509552497,1,0,0,0,1,MIXED
52.415941477928975,19.37484699335376,1,0,1,0,0,MIXED
26.565170228986734,2.9177847201684983,2,1,0,1,0,UNSAFE
36.564220571087446,13.283009686612829,0,0,0,0,0,SAFE
31.996710795952296,12.53686276417768,0,0,0,0,0,SAFE
56.138361905242846,19.008358768586728,1,0,1,0,0,MIXED
43.75061303168829,4.824445809815119,1,0,0,1,0,MIXED
28.88812170629994,2.718035744569619,2,1,0,1,0,UNSAFE
28.56488681567192,15.750352622415091,1,1,0,0,0,MIXED
45.07108643525888,5.3471004718065345,0,0,0,0,0,SAFE
43.18335471927318,29.689938162322836,1,0,0,0,1,MIXED
57.6615787387779,22.704103507492185,1,0,1,0,0,MIXED
40.601275968333255,22.381042438762556,0,0,0,0,0,SAFE
52.81447986942369,-5.07228137790559,2,0,1,1,0,UNSAFE
53.85655230237133,9.554131794069374,1,0,1,0,0,MIXED
37.72029636050008,11.45072027414082,0,0,0,0,0,SAFE
44.56067311020604,3.8874574630123355,1,0,0,1,0,MIXED
39.72148772247239,20.252772064978906,0,0,0,0,0,SAFE
43.74856999419194,18.80814514361469,0,0,0,0,0,SAFE
39.408250300950165,21.93709952462658,0,0,0,0,0,SAFE
50.45132897602284,24.96439312162711,1,0,1,0,0,MIXED
45.420881862745084,24.38892608723679,0,0,0,0,0,SAFE
48.968484672917846,41.765079066841466,1,0,0,0,1,MIXED
51.74453656038967,14.112558633647186,1,0,1,0,0,MIXED
34.706565701225045,12.388597452408893,0,0,0,0,0,SAFE
39.34572115520017,20.114225677258677,0,0,0,0,0,SAFE
36.397950038485604,26.921771715204038,1,0,0,0,1,MIXED
30.883495952837634,-1.3252513631641634,1,0,0,1,0,MIXED
40.919071936597206,6.574409508044884,0,0,0,0,0,SAFE
31.93412916812563,8.629300449951575,0,0,0,0,0,SAFE
35.908113367368614,15.101343312342191,0,0,0,0,0,SAFE
37.03623369348591,9.608656417499276,0,0,0,0,0,SAFE
41.96107425422966,25.142415707354246,1,0,0,0,1,MIXED
53.765963723910325,16.477675624840646,1,0,1,0,0,MIXED
43.804344950164165,13.16812982704159,0,0,0,0,0,SAFE
45.84998896047263,18.90219360584139,0,0,0,0,0,SAFE
52.606781464707296,-3.8870462915542916,2,0,1,1,0,UNSAFE
40.12401805030234,18.391898691276438,0,0,0,0,0,SAFE
41.78972833966311,5.60826967903888,0,0,0,0,0,SAFE
31.605066566076182,23.06322426028862,0,0,0,0,0,SAFE
35.944593196828684,-2.5490049150560203,1,0,0,1,0,MIXED
48.85258288007918,19.589829004460654,0,0,0,0,0,SAFE
41.07300722033412,5.854484072389713,0,0,0,0,0,SAFE
41.09246845303605,27.155876005192052,1,0,0,0,1,MIXED
29.082405711769603,-0.6397761673959401,2,1,0,1,0,UNSAFE
36.977877416700714,14.73356313206795,0,0,0,0,0,SAFE
38.02966481692975,21.428165751670193,0,0,0,0,0,SAFE
50.71067155558678,17.787687746074678,1,0,1,0,0,MIXED
46.48345875004883,17.720995520236723,0,0,0,0,0,SAFE
42.076064727322546,2.0644130018530493,1,0,0,1,0,MIXED
33.776066339178975,1.490815230280731,1,0,0,1,0,MIXED
40.81196164031133,17.322780312543724,0,0,0,0,0,SAFE
30.405900921748987,15.725950471020075,0,0,0,0,0,SAFE
34.99826937391833,4.308006564631411,1,0,0,1,0,MIXED
36.99720466751433,3.7952350165495368,1,0,0,1,0,MIXED
46.85327294367429,13.319955819510724,0,0,0,0,0,SAFE
48.521712455900705,10.565036478937303,0,0,0,0,0,SAFE
38.75451150493051,33.733826408134554,1,0,0,0,1,MIXED
29.01551622655729,27.844812434196992,2,1,0,0,1,UNSAFE
55.23619230116662,22.658174962614996,1,0,1,0,0,MIXED
39.3562362450318,29.269020717397417,1,0,0,0,1,MIXED
39.42590912088001,7.942144142892787,0,0,0,0,0,SAFE
38.89385324646669,9.298062608814622,0,0,0,0,0,SAFE
34.427015000643344,26.10007834108965,1,0,0,0,1,MIXED
35.81241317902573,14.70353011078627,0,0,0,0,0,SAFE
30.449824884809566,15.308106817491918,0,0,0,0,0,SAFE
32.752591646218086,3.1951417707476697,1,0,0,1,0,MIXED
41.125696719231335,25.56972265180935,1,0,0,0,1,MIXED
45.52330950191837,20.091203861327593,0,0,0,0,0,SAFE
40.96066256016794,11.643597348494826,0,0,0,0,0,SAFE
48.329125107953885,9.368228376791977,0,0,0,0,0,SAFE
48.67547323558156,27.359469389340596,1,0,0,0,1,MIXED
35.26890573619378,8.055545043667923,0,0,0,0,0,SAFE
37.63443594868316,0.33037374246586815,1,0,0,1,0,MIXED
38.244778146929136,28.014497372195052,1,0,0,0,1,MIXED
33.63539566131722,28.251961086539485,1,0,0,0,1,MIXED
38.532444336375384,36.14035637102753,1,0,0,0,1,MIXED
36.54549547747658,13.560180501778403,0,0,0,0,0,SAFE
34.7185354784608,8.122992264141738,0,0,0,0,0,SAFE
52.70543333486713,19.7453668513898,1,0,1,0,0,MIXED
50.2305422334196,1.8441069900996752,2,0,1,1,0,UNSAFE
47.23862762526332,5.285566832795288,0,0,0,0,0,SAFE
31.30145189573718,17.38766138853556,0,0,0,0,0,SAFE
43.82830666729131,15.533457862991503,0,0,0,0,0,SAFE
47.740467301021326,23.73566317633677,0,0,0,0,0,SAFE
53.757834713549606,3.096570016941646,2,0,1,1,0,UNSAFE
54.0161299636018,33.823114896955765,2,0,1,0,1,UNSAFE
39.070159868383726,-1.6849168307317655,1,0,0,1,0,MIXED
30.932008695447056,10.381486190662883,0,0,0,0,0,SAFE
58.113132722459376,15.170800002031788,1,0,1,0,0,MIXED
37.0625270659855,8.14597741642703,0,0,0,0,0,SAFE
31.41822139995367,23.7457602968039,0,0,0,0,0,SAFE
41.26345004224732,35.99829509762432,1,0,0,0,1,MIXED
47.025675171411606,23.299363160572703,0,0,0,0,0,SAFE
40.06316135405858,4.089696618265119,1,0,0,1,0,MIXED
35.01135215736656,1.307530561109182,1,0,0,1,0,MIXED
49.283157758544725,11.150848127541135,0,0,0,0,0,SAFE
49.62000431673653,16.359144023075636,0,0,0,0,0,SAFE
39.657453153836435,3.3039716503145016,1,0,0,1,0,MIXED
44.41306186370142,12.81366983553205,0,0,0,0,0,SAFE
49.21747142364337,7.845893241244014,0,0,0,0,0,SAFE
46.92886218797629,31.40848416222537,1,0,0,0,1,MIXED
44.18044731727776,22.85291452741881,0,0,0,0,0,SAFE
46.575121969420636,33.98091484517522,1,0,0,0,1,MIXED
44.97248337355063,21.9995885173551,0,0,0,0,0,SAFE
41.70979177187235,7.256114643172409,0,0,0,0,0,SAFE
32.334594514550645,27.66924065636675,1,0,0,0,1,MIXED
33.93312502925968,22.45864499783432,0,0,0,0,0,SAFE
45.328133043070096,24.177853448957315,0,0,0,0,0,SAFE
37.882303819334254,7.092700855167894,0,0,0,0,0,SAFE
45.02697470479806,12.076583267924867,0,0,0,0,0,SAFE
32.151773307149774,34.385255423403464,1,0,0,0,1,MIXED
35.668734672299635,5.063672880149856,0,0,0,0,0,SAFE
40.06291385456498,27.52858569157914,1,0,0,0,1,MIXED
24.66611965501107,26.69883614575449,2,1,0,0,1,UNSAFE
34.708211988349575,17.645252401082544,0,0,0,0,0,SAFE
36.5919443062096,34.91916854002006,1,0,0,0,1,MIXED
42.99696069313881,7.919084496587639,0,0,0,0,0,SAFE
39.59126942529848,15.896370749016874,0,0,0,0,0,SAFE
43.421412862097604,19.38762483521321,0,0,0,0,0,SAFE
41.98876313854148,1.2283758339128408,1,0,0,1,0,MIXED
39.27785863278671,21.066583748408583,0,0,0,0,0,SAFE
36.64093754896799,21.727812796983777,0,0,0,0,0,SAFE
42.253745063662485,12.822598432335102,0,0,0,0,0,SAFE
51.55315114031674,-2.3813144438428147,2,0,1,1,0,UNSAFE
36.597432813882804,27.324287096787756,1,0,0,0,1,MIXED
56.64039330522827,37.85992484671701,2,0,1,0,1,UNSAFE
42.40284424270643,19.57897379615543,0,0,0,0,0,SAFE
48.539422617885336,27.750752721582842,1,0,0,0,1,MIXED
44.50473547739809,24.26148923446067,0,0,0,0,0,SAFE
45.67819040355617,20.222239419083763,0,0,0,0,0,SAFE
34.65304610479936,11.70786280623776,0,0,0,0,0,SAFE
37.817846415377446,3.111045464214783,1,0,0,1,0,MIXED
28.787158206312675,10.763725014078515,1,1,0,0,0,MIXED
39.88894138850992,16.05037076027842,0,0,0,0,0,SAFE
46.44590272672112,16.881222436058223,0,0,0,0,0,SAFE
39.94471057975539,5.848736842231251,0,0,0,0,0,SAFE
49.01655278000975,13.981777827105986,0,0,0,0,0,SAFE
38.52968163994473,13.135457175867307,0,0,0,0,0,SAFE
36.138045221162336,9.693260765888935,0,0,0,0,0,SAFE
37.5003334936785,12.126625819995313,0,0,0,0,0,SAFE
47.24603965454472,19.07112068540608,0,0,0,0,0,SAFE
54.37389925824627,27.117290921120087,2,0,1,0,1,UNSAFE
57.651374185876605,20.591584796708293,1,0,1,0,0,MIXED
46.34484177898825,10.125842223628643,0,0,0,0,0,SAFE
48.608119179963985,8.438830699569106,0,0,0,0,0,SAFE
30.236355804947372,30.263233922477546,1,0,0,0,1,MIXED
32.00654724293863,19.388517895955985,0,0,0,0,0,SAFE
34.9573490173331,26.26667622791834,1,0,0,0,1,MIXED
52.10359988616557,20.29177807423186,1,0,1,0,0,MIXED
51.970917675809595,15.07337075831123,1,0,1,0,0,MIXED
59.8733974466084,22.461652334929074,1,0,1,0,0,MIXED
34.795587523010454,15.69606708744139,0,0,0,0,0,SAFE
40.77998379027945,12.495759415623391,0,0,0,0,0,SAFE
28.742886176806344,18.868645444434602,1,1,0,0,0,MIXED
30.91397616847558,-10.0,1,0,0,1,0,MIXED
39.24789087101357,7.441063466077623,0,0,0,0,0,SAFE
35.107703898915574,-10.0,1,0,0,1,0,MIXED
35.19325699237561,13.263581348272977,0,0,0,0,0,SAFE
36.92676847923125,18.873436762533316,0,0,0,0,0,SAFE
53.1412851878045,20.163674402551752,1,0,1,0,0,MIXED
50.21115435281588,26.091266896484484,2,0,1,0,1,UNSAFE
33.8491138634663,19.39114692686195,0,0,0,0,0,SAFE
49.961258826923725,10.640395219515208,0,0,0,0,0,SAFE
35.67498679975767,20.30406459216443,0,0,0,0,0,SAFE
30.146969025698567,4.1199541693370705,1,0,0,1,0,MIXED
36.66594921933253,19.505142131307082,0,0,0,0,0,SAFE
43.75130017244532,25.32370879552132,1,0,0,0,1,MIXED
34.62503956509265,5.245270287324917,0,0,0,0,0,SAFE
46.191295749997316,7.013330958929643,0,0,0,0,0,SAFE
37.171968676044635,-3.567648392517487,1,0,0,1,0,MIXED
44.3267680113087,30.412904718161684,1,0,0,0,1,MIXED
33.76568866959696,25.217036117201133,1,0,0,0,1,MIXED
41.52481135208039,-2.6541463841003115,1,0,0,1,0,MIXED
34.84218515497498,5.435326671962281,0,0,0,0,0,SAFE
39.46777771887499,19.195142884467042,0,0,0,0,0,SAFE
56.79138269793145,0.688542050815137,2,0,1,1,0,UNSAFE
38.1217808246401,6.040191470892886,0,0,0,0,0,SAFE
31.85616430808562,15.954476866095655,0,0,0,0,0,SAFE
42.011839929494776,-3.1380234708286885,1,0,0,1,0,MIXED
42.145204223563724,2.9460400708886088,1,0,0,1,0,MIXED
42.09462175307981,27.694964932060902,1,0,0,0,1,MIXED
45.704543688607515,16.775170944070897,0,0,0,0,0,SAFE
37.769873940772904,15.668676508447746,0,0,0,0,0,SAFE
46.50603377797986,19.641663428084097,0,0,0,0,0,SAFE
41.20624988949165,17.173763239389157,0,0,0,0,0,SAFE
31.46750543966336,7.6566322522226224,0,0,0,0,0,SAFE
47.66047802036789,23.420329513742075,0,0,0,0,0,SAFE
42.7487887267149,29.789657343651516,1,0,0,0,1,MIXED
46.064155331690934,12.668724821369354,0,0,0,0,0,SAFE
32.24197797567554,29.387332500289148,1,0,0,0,1,MIXED
48.16253965723662,32.98311422930518,1,0,0,0,1,MIXED
59.33477964403133,2.130596932172393,2,0,1,1,0,UNSAFE
31.725330046982517,-10.0,1,0,0,1,0,MIXED
49.34689709623805,21.56482687487599,0,0,0,0,0,SAFE
42.782232001006776,2.7386676895659896,1,0,0,1,0,MIXED
41.28773048700183,16.847054950077055,0,0,0,0,0,SAFE
48.26180533503336,17.72986914465286,0,0,0,0,0,SAFE
47.310410359929335,13.758691300859516,0,0,0,0,0,SAFE
51.451855151402015,21.31730077443442,1,0,1,0,0,MIXED
32.504535434393404,28.892203676562417,1,0,0,0,1,MIXED
51.80457218172109,19.654747370529417,1,0,1,0,0,MIXED
44.24574163989972,31.586115688783252,1,0,0,0,1,MIXED
28.933497069823407,27.41224524059651,2,1,0,0,1,UNSAFE
38.190346411405194,25.951774464103856,1,0,0,0,1,MIXED
42.96300677735234,2.5707397659176188,1,0,0,1,0,MIXED
38.02784151971447,25.217290731659652,1,0,0,0,1,MIXED
40.31833694944101,8.78514585281895,0,0,0,0,0,SAFE
36.974623537639836,21.422474222337904,0,0,0,0,0,SAFE
56.00508024111971,-6.408833706362817,2,0,1,1,0,UNSAFE
64.40547557874629,17.037462289761315,1,0,1,0,0,MIXED
46.64179308239062,10.637382528525936,0,0,0,0,0,SAFE
41.97187900114538,16.925130121311078,0,0,0,0,0,SAFE
33.60723206130372,6.943185617424705,0,0,0,0,0,SAFE
51.476540327130024,-0.5234684535922121,2,0,1,1,0,UNSAFE
45.528312826508326,11.294830906308155,0,0,0,0,0,SAFE
34.3143428041954,34.719318519694006,1,0,0,0,1,MIXED
34.363979509908496,3.6989800026552864,1,0,0,1,0,MIXED
40.50421837183571,7.314413658978987,0,0,0,0,0,SAFE
42.05104525595639,16.553992966513903,0,0,0,0,0,SAFE
43.87726452507941,13.761091527564368,0,0,0,0,0,SAFE
36.3827063752622,21.434030426793306,0,0,0,0,0,SAFE
41.106457867966846,10.043826879450215,0,0,0,0,0,SAFE
53.83994959278018,13.78688039608549,1,0,1,0,0,MIXED
50.735892811972725,27.268384471093906,2,0,1,0,1,UNSAFE
52.301382683406345,21.911578081111006,1,0,1,0,0,MIXED
41.99493202499388,14.359583093489743,0,0,0,0,0,SAFE
40.04703905213369,-6.6689567001312575,1,0,0,1,0,MIXED
47.750454445982896,17.444655663850792,0,0,0,0,0,SAFE
48.60419412966902,13.829984485280361,0,0,0,0,0,SAFE
47.318601295628206,1.2249293713855565,1,0,0,1,0,MIXED
32.64587512590744,-9.762115997213815,1,0,0,1,0,MIXED
40.92520643334699,7.274744122213999,0,0,0,0,0,SAFE
34.77294499863664,18.34652377965308,0,0,0,0,0,SAFE
38.595942446418974,0.6690899319633736,1,0,0,1,0,MIXED
62.358134182016784,14.62989379511924,1,0,1,0,0,MIXED
33.334695576514434,8.301645390669503,0,0,0,0,0,SAFE
40.61485624792637,13.247540377427994,0,0,0,0,0,SAFE
52.41731418436701,14.205700423677923,1,0,1,0,0,MIXED
56.84166537494602,10.675770559878941,1,0,1,0,0,MIXED
45.41148832207914,25.219801943278306,1,0,0,0,1,MIXED
51.56121843769343,28.11872217428813,2,0,1,0,1,UNSAFE
39.82390607295892,14.945107397250807,0,0,0,0,0,SAFE
22.164619467490596,13.039899613994393,1,1,0,0,0,MIXED
50.730033423439856,23.968364798558827,1,0,1,0,0,MIXED
41.30810303191935,31.991394429299575,1,0,0,0,1,MIXED
38.92795772524154,7.838601759801005,0,0,0,0,0,SAFE
38.25470611818905,3.7753497516388457,1,0,0,1,0,MIXED
46.979160253628294,17.88481811608609,0,0,0,0,0,SAFE
46.87983557098441,10.856288480687887,0,0,0,0,0,SAFE
41.53541616528597,-6.7841872340890745,1,0,0,1,0,MIXED
45.00980441048838,15.988414550596493,0,0,0,0,0,SAFE
33.19577870805228,13.953424679134026,0,0,0,0,0,SAFE
39.93720558343866,32.643119350074926,1,0,0,0,1,MIXED
33.510984254977565,18.31426178866702,0,0,0,0,0,SAFE
33.27385317857311,9.421265559297296,0,0,0,0,0,SAFE
44.214551629537844,12.886370091368885,0,0,0,0,0,SAFE
41.95207315029155,18.327221082319696,0,0,0,0,0,SAFE
38.05048343041154,23.841465348154397,0,0,0,0,0,SAFE
39.55616205409916,14.024445384474284,0,0,0,0,0,SAFE
44.89049019670284,17.270002011648348,0,0,0,0,0,SAFE
47.15382339634282,18.16964401484705,0,0,0,0,0,SAFE
45.752245292449395,11.746274858348583,0,0,0,0,0,SAFE
33.44983121531584,0.7236109724713984,1,0,0,1,0,MIXED
28.6343188188616,32.62726717729276,2,1,0,0,1,UNSAFE
24.297812712846994,26.93723498977102,2,1,0,0,1,UNSAFE
35.433047909620214,26.864409721198044,1,0,0,0,1,MIXED
24.3796797766764,12.649060981167175,1,1,0,0,0,MIXED
53.63219522420214,22.132095634755817,1,0,1,0,0,MIXED
39.30187631447367,-4.429773015284816,1,0,0,1,0,MIXED
31.420091822792543,28.89147096559379,1,0,0,0,1,MIXED
39.214070389970196,14.281758965865606,0,0,0,0,0,SAFE
44.26828083762105,1.9716108691244383,1,0,0,1,0,MIXED
45.25832143872143,10.80384519330994,0,0,0,0,0,SAFE
44.34962228460432,9.219490794629658,0,0,0,0,0,SAFE
29.415071519510743,10.72627468187983,1,1,0,0,0,MIXED
47.126220936864016,18.94060089077036,0,0,0,0,0,SAFE
42.24744693867781,23.98131853010343,0,0,0,0,0,SAFE
40.371247899646185,15.562763140152175,0,0,0,0,0,SAFE
38.161864962450196,24.566179767534553,0,0,0,0,0,SAFE
44.332228381774115,9.430418898266279,0,0,0,0,0,SAFE
30.087762027777565,26.049612748983265,1,0,0,0,1,MIXED
36.04747959052288,15.72064352489547,0,0,0,0,0,SAFE
60.82079746515657,23.01509541733309,1,0,1,0,0,MIXED
54.889196710615934,9.618751874588513,1,0,1,0,0,MIXED
50.567811174561655,15.266689929518911,1,0,1,0,0,MIXED
44.92813536614865,35.2084171303956,1,0,0,0,1,MIXED
39.77083340680235,15.192544536765364,0,0,0,0,0,SAFE
34.7742827879363,23.884685559080765,0,0,0,0,0,SAFE
37.51498481370692,25.227104158188787,1,0,0,0,1,MIXED
28.80069406604119,20.486380718336072,1,1,0,0,0,MIXED
36.850453551495555,22.30517639330211,0,0,0,0,0,SAFE
41.89152661716617,9.646610851317087,0,0,0,0,0,SAFE
38.90752306499204,6.496116999413598,0,0,0,0,0,SAFE
48.70230204256687,4.5136265057458544,1,0,0,1,0,MIXED
39.86337089013762,18.452395797024735,0,0,0,0,0,SAFE
54.90795620358816,14.90701399108186,1,0,1,0,0,MIXED
40.05991530769248,17.73634865116028,0,0,0,0,0,SAFE
25.412286274604565,3.0135429930928055,2,1,0,1,0,UNSAFE
38.99706800897239,7.870308492673473,0,0,0,0,0,SAFE
29.193333686052704,23.57778651167585,1,1,0,0,0,MIXED
44.07805383645858,16.40265247282508,0,0,0,0,0,SAFE
36.44807079076501,15.793929646636652,0,0,0,0,0,SAFE
46.115595675528475,12.351039460967192,0,0,0,0,0,SAFE
45.556577913922915,7.039395181748849,0,0,0,0,0,SAFE
42.779882503917705,26.424982829260998,1,0,0,0,1,MIXED
51.856157628608315,28.275888049496622,2,0,1,0,1,UNSAFE
44.284547323463336,15.316139548577457,0,0,0,0,0,SAFE
38.409688670724684,-3.074847565174167,1,0,0,1,0,MIXED
31.240802428796062,13.319450280347407,0,0,0,0,0,SAFE
41.13369240697256,29.12223028806492,1,0,0,0,1,MIXED
52.518393035005005,8.135138585134154,1,0,1,0,0,MIXED
48.54660572071215,10.229311354260894,0,0,0,0,0,SAFE
47.46093074403041,23.06017728106745,0,0,0,0,0,SAFE
51.936742497181896,10.07356645217303,1,0,1,0,0,MIXED
50.11442949744739,-3.72814036121272,2,0,1,1,0,UNSAFE
52.369725452310895,14.749832771814836,1,0,1,0,0,MIXED
41.97017601611442,-5.3743650569045265,1,0,0,1,0,MIXED
38.89067290202095,28.55479399613551,1,0,0,0,1,MIXED
38.586384866377486,22.134627609752084,0,0,0,0,0,SAFE
42.27644102171287,25.626691395996986,1,0,0,0,1,MIXED
43.53200772163299,5.681884689018977,0,0,0,0,0,SAFE
42.451605438791546,31.012169037012125,1,0,0,0,1,MIXED
45.981160624289615,13.835536927063353,0,0,0,0,0,SAFE
60.04595055306646,26.59215702561221,2,0,1,0,1,UNSAFE
48.53387132318768,18.17342465244375,0,0,0,0,0,SAFE
47.84219067800886,22.627320731828405,0,0,0,0,0,SAFE
24.537477235582898,18.949362128294485,1,1,0,0,0,MIXED
40.71355312531473,10.002237268634245,0,0,0,0,0,SAFE
40.4365017596461,-0.5584868682220119,1,0,0,1,0,MIXED
27.563119199702566,27.46502417448497,2,1,0,0,1,UNSAFE
45.69726255767141,-9.130121272122793,1,0,0,1,0,MIXED
37.38892366878608,23.805517333965305,0,0,0,0,0,SAFE
39.75988501023495,27.450049537983613,1,0,0,0,1,MIXED
50.39801439421307,1.432887906892864,2,0,1,1,0,UNSAFE
40.853407209209344,10.51910575191296,0,0,0,0,0,SAFE
30.886093645183195,0.45725675144728584,1,0,0,1,0,MIXED
35.55182763006618,8.590745904873618,0,0,0,0,0,SAFE
44.2658382179469,25.4421347321442,1,0,0,0,1,MIXED
46.10915964649896,22.503722402808236,0,0,0,0,0,SAFE
39.86705742823706,21.0300019661289,0,0,0,0,0,SAFE
40.81300014727791,10.585276167472173,0,0,0,0,0,SAFE
57.17680759116501,-8.304759565474985,2,0,1,1,0,UNSAFE
27.01356562154111,18.826997541336045,1,1,0,0,0,MIXED
39.8801412117404,0.630156498330777,1,0,0,1,0,MIXED
33.56311239068985,5.755942031382183,0,0,0,0,0,SAFE
49.138692297047314,27.12410431064439,1,0,0,0,1,MIXED
55.11650052184494,-0.8901122220933804,2,0,1,1,0,UNSAFE
31.063011739907743,0.6437352549947732,1,0,0,1,0,MIXED
52.310856046160076,19.172244544195294,1,0,1,0,0,MIXED
42.64159373175777,17.296286938474474,0,0,0,0,0,SAFE
41.54577378289005,3.7885795259349493,1,0,0,1,0,MIXED
46.10538231827923,13.138614943463136,0,0,0,0,0,SAFE
32.39742789216565,20.742854453580577,0,0,0,0,0,SAFE
38.593698909819295,17.27483486841377,0,0,0,0,0,SAFE
41.0001667096158,23.913787722248085,0,0,0,0,0,SAFE
43.76130379383153,6.162998251431944,0,0,0,0,0,SAFE
44.57602578830826,18.546887244730623,0,0,0,0,0,SAFE
46.09066379231098,25.358742547319128,1,0,0,0,1,MIXED
37.07213771858262,21.679356671805323,0,0,0,0,0,SAFE
28.201462097273563,13.800151847116936,1,1,0,0,0,MIXED
39.802720921538864,29.4784522018028,1,0,0,0,1,MIXED
40.749316568188114,21.079887781716096,0,0,0,0,0,SAFE
27.905771017019546,11.482420353114183,1,1,0,0,0,MIXED
35.22912106053136,39.75511123295525,1,0,0,0,1,MIXED
36.66562594302914,15.732790726614521,0,0,0,0,0,SAFE
43.01260641820136,-0.8947829093665334,1,0,0,1,0,MIXED
37.791716715655085,19.04766512649255,0,0,0,0,0,SAFE
42.68577820193028,-8.004109720079366,1,0,0,1,0,MIXED
37.46406844396319,25.208216614468927,1,0,0,0,1,MIXED
46.70578341850348,27.18033351825204,1,0,0,0,1,MIXED
34.11482130061367,27.809295352790578,1,0,0,0,1,MIXED
41.644751613686545,30.922225009389393,1,0,0,0,1,MIXED
42.02643547267019,-5.474754927143131,1,0,0,1,0,MIXED
48.79403657045715,10.564863220253574,0,0,0,0,0,SAFE
38.990163109052126,0.46903568930230577,1,0,0,1,0,MIXED
54.97759599204834,9.788988261971527,1,0,1,0,0,MIXED
54.60028619930016,10.687568384071469,1,0,1,0,0,MIXED
34.57803838280577,28.19529174029814,1,0,0,0,1,MIXED
41.41332200799817,14.36427992644844,0,0,0,0,0,SAFE
31.74699247773504,10.423766453037437,0,0,0,0,0,SAFE
45.429566589047994,2.0082000624114755,1,0,0,1,0,MIXED
37.68729844662547,10.795535625925424,0,0,0,0,0,SAFE
42.53152643771198,29.79559645638264,1,0,0,0,1,MIXED
39.60037493613613,8.094993375874378,0,0,0,0,0,SAFE
63.97096505619737,10.668146464765702,1,0,1,0,0,MIXED
40.47473471064643,11.421536308089674,0,0,0,0,0,SAFE
39.785847191122976,15.777548630159611,0,0,0,0,0,SAFE
49.366371820746195,19.039877232734057,0,0,0,0,0,SAFE
50.61676450693137,25.44028674607433,2,0,1,0,1,UNSAFE
43.66841684492701,18.763119700637755,0,0,0,0,0,SAFE
50.86989341014898,3.8879007199751747,2,0,1,1,0,UNSAFE
61.9856896179064,9.874148694723932,1,0,1,0,0,MIXED
39.19228062744819,2.8809902532623433,1,0,0,1,0,MIXED
32.54279353636481,24.740340688897366,0,0,0,0,0,SAFE
60.16154622113801,9.327598891916523,1,0,1,0,0,MIXED
44.77853222502014,17.20166595712163,0,0,0,0,0,SAFE
50.00195649933407,37.18714464517398,2,0,1,0,1,UNSAFE
54.16778734385269,12.613407190192525,1,0,1,0,0,MIXED
46.23014108567708,21.280578427422267,0,0,0,0,0,SAFE
41.839274950659046,4.0406386650326915,1,0,0,1,0,MIXED
35.60979025149583,26.481526509292152,1,0,0,0,1,MIXED
52.010463966576395,12.924326351608133,1,0,1,0,0,MIXED
44.0884431524807,26.972638213296438,1,0,0,0,1,MIXED
28.365849023733613,10.536475691611436,1,1,0,0,0,MIXED
58.14297105186115,17.993077162033174,1,0,1,0,0,MIXED
32.96627132237253,16.172822935737145,0,0,0,0,0,SAFE
50.17148473814621,-10.0,2,0,1,1,0,UNSAFE
43.41028653752874,11.275854454075125,0,0,0,0,0,SAFE
28.86401498850442,15.81927255130309,1,1,0,0,0,MIXED
40.90815814591642,14.75909747802361,0,0,0,0,0,SAFE
39.2139150380419,4.786624480458599,1,0,0,1,0,MIXED
30.361577331214026,8.093100597253756,0,0,0,0,0,SAFE
48.87401691260852,17.330702937267453,0,0,0,0,0,SAFE
41.44661336442728,4.602318509285103,1,0,0,1,0,MIXED
39.00868053716631,22.371575583572124,0,0,0,0,0,SAFE
46.038270099883924,10.228011302272847,0,0,0,0,0,SAFE
21.108782788257585,8.251523698384187,1,1,0,0,0,MIXED
38.1384438591149,5.928940622972384,0,0,0,0,0,SAFE
38.69459373488236,23.16550128195218,0,0,0,0,0,SAFE
41.701628376347884,24.89696047904942,0,0,0,0,0,SAFE
29.933023314836767,11.949359420450563,1,1,0,0,0,MIXED
26.487823113239997,10.734224701631517,1,1,0,0,0,MIXED
33.63474035761861,27.812528334283822,1,0,0,0,1,MIXED
45.27769604674805,25.148294955930137,1,0,0,0,1,MIXED
38.56521739781656,4.80281902883357,1,0,0,1,0,MIXED
33.58749604369249,17.654392807708575,0,0,0,0,0,SAFE
56.4812919535474,19.12382292020488,1,0,1,0,0,MIXED
39.00185816569934,13.112291448734162,0,0,0,0,0,SAFE
41.74959734598562,35.26642560178159,1,0,0,0,1,MIXED
51.86886852667906,17.599590041503657,1,0,1,0,0,MIXED
42.87785574244885,17.99353390369876,0,0,0,0,0,SAFE
45.954205354264616,10.868020470244042,0,0,0,0,0,SAFE
35.24736842098691,25.322202605548654,1,0,0,0,1,MIXED
42.17586184457587,24.487279358149685,0,0,0,0,0,SAFE
55.169269990211546,20.2061473409956,1,0,1,0,0,MIXED
44.868387836560565,47.00242980517064,1,0,0,0,1,MIXED
43.65616102623854,4.094531921536518,1,0,0,1,0,MIXED
39.7501981426241,30.516847117455413,1,0,0,0,1,MIXED
31.646661197759627,7.475403958470196,0,0,0,0,0,SAFE
50.85141444774814,12.283793574869659,1,0,1,0,0,MIXED
41.118033704188036,25.733728201306292,1,0,0,0,1,MIXED
36.26543059476831,0.31397548477938564,1,0,0,1,0,MIXED
30.888912233099713,20.817804434096217,0,0,0,0,0,SAFE
44.07305675064636,8.074334867206701,0,0,0,0,0,SAFE
32.729667033542924,12.294268748511328,0,0,0,0,0,SAFE
50.93213829000378,6.641820461707441,1,0,1,0,0,MIXED
36.698527824379504,3.0947843265362103,1,0,0,1,0,MIXED
39.06069688718263,18.3807899071658,0,0,0,0,0,SAFE
58.92135325634472,17.17781512819937,1,0,1,0,0,MIXED
41.57057515810385,23.629366059851314,0,0,0,0,0,SAFE
47.569724414641954,9.22339185633317,0,0,0,0,0,SAFE
60.41648058744062,14.756166477060471,1,0,1,0,0,MIXED
43.89100256284637,20.51348587286132,0,0,0,0,0,SAFE
44.76697894090363,30.253976688745897,1,0,0,0,1,MIXED
37.28073008696025,22.83382248852705,0,0,0,0,0,SAFE
43.31654756307983,24.827231951095236,0,0,0,0,0,SAFE
40.280116400253775,11.495846438468792,0,0,0,0,0,SAFE
47.8565878994081,18.579932570899803,0,0,0,0,0,SAFE
35.43764558139785,28.456122864142582,1,0,0,0,1,MIXED
47.86007500086768,14.257958095039466,0,0,0,0,0,SAFE
38.25415110615107,18.641308968735853,0,0,0,0,0,SAFE
47.28388179221427,-0.9407507397082959,1,0,0,1,0,MIXED
45.00544738018266,21.525547024135346,0,0,0,0,0,SAFE
23.18041120025783,16.961896587452898,1,1,0,0,0,MIXED
47.55687307516463,20.80878314264546,0,0,0,0,0,SAFE
48.4195868382466,11.724334079817517,0,0,0,0,0,SAFE
33.68074852259635,-2.997443317653964,1,0,0,1,0,MIXED
50.73778592454446,22.03065493794343,1,0,1,0,0,MIXED
51.34791144662775,7.7485864115585565,1,0,1,0,0,MIXED
48.43069138100291,-0.02680951956798694,1,0,0,1,0,MIXED
35.04405153032151,16.259772165078367,0,0,0,0,0,SAFE
47.30566103861136,31.79012447897024,1,0,0,0,1,MIXED
40.07948747681276,6.3425027821093565,0,0,0,0,0,SAFE
34.66280897734857,8.12154054975707,0,0,0,0,0,SAFE
59.76821437180095,22.56873581134458,1,0,1,0,0,MIXED
50.900254802899674,12.610144128201057,1,0,1,0,0,MIXED
41.98681054081003,21.992645059585236,0,0,0,0,0,SAFE
37.95360995375248,12.086921134533238,0,0,0,0,0,SAFE
36.60236546988928,10.52507300242885,0,0,0,0,0,SAFE
42.39182890002658,6.782898738360402,0,0,0,0,0,SAFE
44.28783183303509,17.84581745551117,0,0,0,0,0,SAFE
40.56601085715054,6.72540144436579,0,0,0,0,0,SAFE
42.839704391614895,9.950954370482087,0,0,0,0,0,SAFE
42.37275333684828,25.98127467403435,1,0,0,0,1,MIXED
31.976479063167737,36.73486336893375,1,0,0,0,1,MIXED
41.41981126569807,19.118392739059207,0,0,0,0,0,SAFE
35.97799927806532,26.42211549541648,1,0,0,0,1,MIXED
40.99498824439464,11.058816902008264,0,0,0,0,0,SAFE
37.39587982979541,12.31507974210805,0,0,0,0,0,SAFE
45.34677858362327,16.728106906305754,0,0,0,0,0,SAFE
41.68112213511782,7.885785820501798,0,0,0,0,0,SAFE
35.84661220860019,10.391257174202693,0,0,0,0,0,SAFE
45.68220569728571,21.622598757704033,0,0,0,0,0,SAFE
48.376353575184154,14.985331064611918,0,0,0,0,0,SAFE
45.0684955273426,13.315492951170885,0,0,0,0,0,SAFE
28.061616072573052,12.840732104606019,1,1,0,0,0,MIXED
38.99738699713799,4.609547955709484,1,0,0,1,0,MIXED
37.460846593977564,16.350914142909776,0,0,0,0,0,SAFE
32.93402571451939,7.892145285841906,0,0,0,0,0,SAFE
54.38321612442174,-1.0270632588030608,2,0,1,1,0,UNSAFE
40.53454272314316,3.3369063423591516,1,0,0,1,0,MIXED
35.98690561739112,13.02262770381886,0,0,0,0,0,SAFE
34.09939101896985,20.73930615366428,0,0,0,0,0,SAFE
52.8092049581793,23.416781361027315,1,0,1,0,0,MIXED
50.196904941766945,1.2026432097118587,2,0,1,1,0,UNSAFE
40.05543182544693,19.674210673534322,0,0,0,0,0,SAFE
48.96952731291629,32.533529926098254,1,0,0,0,1,MIXED
50.55231673303156,23.96488623673884,1,0,1,0,0,MIXED
63.06876464431488,15.96309081607296,1,0,1,0,0,MIXED
39.68753249406745,16.773579036604488,0,0,0,0,0,SAFE
34.67957795450559,15.676337857678067,0,0,0,0,0,SAFE
28.185182449780143,9.704809634321945,1,1,0,0,0,MIXED
41.077328943475266,24.496352908530433,0,0,0,0,0,SAFE
50.888724355090886,5.363829352489184,1,0,1,0,0,MIXED
58.608267471708736,16.483734784395022,1,0,1,0,0,MIXED
43.920359728246154,-1.1769348498832706,1,0,0,1,0,MIXED
37.03954087903954,25.49823811532478,1,0,0,0,1,MIXED
43.35822770170479,16.07814726252874,0,0,0,0,0,SAFE
43.81737736460385,0.567956949139516,1,0,0,1,0,MIXED
41.227131572788096,29.08330355297622,1,0,0,0,1,MIXED
50.69366097652395,13.748005578844015,1,0,1,0,0,MIXED
54.50934939489244,2.409014932316058,2,0,1,1,0,UNSAFE
34.22641868114992,33.63622377157307,1,0,0,0,1,MIXED
46.623784946468184,12.111126578976856,0,0,0,0,0,SAFE
41.557451471718025,6.93368886872816,0,0,0,0,0,SAFE
44.212740814459565,16.973884463114707,0,0,0,0,0,SAFE
42.159077678901525,3.4024378478890416,1,0,0,1,0,MIXED
44.118048888551286,9.704885675779682,0,0,0,0,0,SAFE
34.1121819160865,27.667424915373616,1,0,0,0,1,MIXED
59.357770862682074,34.42620128819636,2,0,1,0,1,UNSAFE
47.20098211009827,12.344149209208098,0,0,0,0,0,SAFE
41.437155339163034,19.056022634622746,0,0,0,0,0,SAFE
38.63801798031049,28.188100601223958,1,0,0,0,1,MIXED
25.71418004537169,12.042744460125668,1,1,0,0,0,MIXED
48.408571936538564,6.548403527201792,0,0,0,0,0,SAFE
40.07880887057733,20.936434162432022,0,0,0,0,0,SAFE
54.146152856302365,2.060617178337555,2,0,1,1,0,UNSAFE
31.05540409796112,5.539698121601592,0,0,0,0,0,SAFE
29.69971319593472,0.3362154458852977,2,1,0,1,0,UNSAFE
34.2187104184424,27.334935482459915,1,0,0,0,1,MIXED
39.50338545544994,15.313751061566068,0,0,0,0,0,SAFE
34.35628594596657,21.335370750645822,0,0,0,0,0,SAFE
57.00611222266218,6.123701159605787,1,0,1,0,0,MIXED
55.797986968597876,18.644243831678455,1,0,1,0,0,MIXED
42.134907994309685,19.001238323252412,0,0,0,0,0,SAFE
45.124211991736125,33.57104419063244,1,0,0,0,1,MIXED
46.1617658545738,20.41107171140971,0,0,0,0,0,SAFE
38.62800144029964,23.39077136464404,0,0,0,0,0,SAFE
34.34522421101612,16.09003989579594,0,0,0,0,0,SAFE
65.06626844624662,-10.0,2,0,1,1,0,UNSAFE
43.86517597068361,17.71622920878897,0,0,0,0,0,SAFE
40.17528766010238,12.95480738932569,0,0,0,0,0,SAFE
42.73127818529186,12.479967245354686,0,0,0,0,0,SAFE
43.77583783056804,10.12389294183101,0,0,0,0,0,SAFE
58.17914254997663,12.479862567026483,1,0,1,0,0,MIXED
46.55689126099773,8.309639001567833,0,0,0,0,0,SAFE
49.465144243209174,22.334677873513346,0,0,0,0,0,SAFE
45.35408189225736,4.7266464378148,1,0,0,1,0,MIXED
35.980775675491834,31.861729857461807,1,0,0,0,1,MIXED
35.89221033831456,21.409021702125045,0,0,0,0,0,SAFE
34.44262935854958,25.08383235601769,1,0,0,0,1,MIXED
36.50882114002092,5.3681211246,0,0,0,0,0,SAFE
36.30126018642479,9.461974033389767,0,0,0,0,0,SAFE
45.23738683939376,15.693837061377833,0,0,0,0,0,SAFE
33.23875136069735,14.720529862011798,0,0,0,0,0,SAFE
32.85198874167123,21.435573650009793,0,0,0,0,0,SAFE
48.61522319097926,14.760526614506382,0,0,0,0,0,SAFE
44.17322722394209,32.5212411066441,1,0,0,0,1,MIXED
40.739176060863045,5.557420499491103,0,0,0,0,0,SAFE
46.633561887502324,3.673462342346552,1,0,0,1,0,MIXED
40.31544829381646,9.010099539164829,0,0,0,0,0,SAFE
36.38544133432904,12.499124043554893,0,0,0,0,0,SAFE
49.19913060971266,26.05668788324186,1,0,0,0,1,MIXED
49.40964690472536,18.363540891284146,0,0,0,0,0,SAFE
39.938267508898754,-8.578249953999574,1,0,0,1,0,MIXED
44.941287946218196,-7.79331724758887,1,0,0,1,0,MIXED
26.613061788215894,13.383323442130528,1,1,0,0,0,MIXED
44.11661795704398,10.489150961707395,0,0,0,0,0,SAFE
54.284249188751744,19.621016575185067,1,0,1,0,0,MIXED
40.00473674563794,28.863099451817956,1,0,0,0,1,MIXED
54.520906780512725,20.125586934746693,1,0,1,0,0,MIXED
35.79793872194003,9.497295689782678,0,0,0,0,0,SAFE
30.426090296053303,14.575831201994868,0,0,0,0,0,SAFE
33.59966846844374,11.709252308034817,0,0,0,0,0,SAFE
44.08480242444129,-4.837086420039391,1,0,0,1,0,MIXED
31.890069851830106,9.931519451646743,0,0,0,0,0,SAFE
41.57978105021462,10.06109200261892,0,0,0,0,0,SAFE
39.835856548908986,7.938128038744425,0,0,0,0,0,SAFE
30.404801265530992,9.652492226083014,0,0,0,0,0,SAFE
40.29465180055756,11.896098963937517,0,0,0,0,0,SAFE
42.894367350371624,19.188945704751973,0,0,0,0,0,SAFE
47.45380981517336,8.664491644886093,0,0,0,0,0,SAFE
29.39362556864172,27.715963657286068,2,1,0,0,1,UNSAFE
45.083567324888705,5.453376488260615,0,0,0,0,0,SAFE
44.22164045193937,25.679947332681238,1,0,0,0,1,MIXED
55.83341220191513,17.50610276157731,1,0,1,0,0,MIXED
50.477365098798884,2.9039792768527573,2,0,1,1,0,UNSAFE
41.71277798722659,11.649873507436805,0,0,0,0,0,SAFE
44.740558813633676,31.111939354362214,1,0,0,0,1,MIXED
43.99911515423407,5.623092607331232,0,0,0,0,0,SAFE
31.89249136092895,31.457800627539385,1,0,0,0,1,MIXED
46.11034729908186,19.48081346975057,0,0,0,0,0,SAFE
39.250148891534636,17.678617846678435,0,0,0,0,0,SAFE
34.10432075098552,18.87198355703652,0,0,0,0,0,SAFE
32.601038907407776,11.407115549722407,0,0,0,0,0,SAFE
36.856854810724755,-10.0,1,0,0,1,0,MIXED
39.22585098773275,6.011335755370714,0,0,0,0,0,SAFE
40.31688092887373,15.017228004818541,0,0,0,0,0,SAFE
56.143455543852674,18.04708997157509,1,0,1,0,0,MIXED
44.6729010638683,19.956138352192447,0,0,0,0,0,SAFE
48.974468097929005,19.54279453854518,0,0,0,0,0,SAFE
44.253704195392956,22.112469185631433,0,0,0,0,0,SAFE
22.586924633351167,35.89051583278826,2,1,0,0,1,UNSAFE
54.717838757707185,17.1713575185929,1,0,1,0,0,MIXED
30.695948396729868,27.103504324929446,1,0,0,0,1,MIXED
36.44898800748231,20.338410165749355,0,0,0,0,0,SAFE
31.73675518571627,37.26406898973123,1,0,0,0,1,MIXED
30.46226590313104,15.689860703165012,0,0,0,0,0,SAFE
25.022502283908057,14.587775478036779,1,1,0,0,0,MIXED
38.59771835889379,26.371833939059663,1,0,0,0,1,MIXED
38.596964547265074,26.3862358284633,1,0,0,0,1,MIXED
33.80703545929063,12.180383969552562,0,0,0,0,0,SAFE
39.90470321663595,19.955882556329172,0,0,0,0,0,SAFE
44.94699541125645,22.222251549233615,0,0,0,0,0,SAFE
44.13464482631792,21.613148266131155,0,0,0,0,0,SAFE
34.81708857045489,18.887986668812342,0,0,0,0,0,SAFE
54.86564741956545,-1.7999276738759704,2,0,1,1,0,UNSAFE
45.91206363975142,21.767797779381176,0,0,0,0,0,SAFE
53.68949101977346,22.260469332902094,1,0,1,0,0,MIXED
42.80252753726967,19.300731955100385,0,0,0,0,0,SAFE
36.11969732350928,11.120319276422542,0,0,0,0,0,SAFE
31.314377282384044,29.87029514344223,1,0,0,0,1,MIXED
45.60125855160677,5.838875396753862,0,0,0,0,0,SAFE
44.170855701300674,26.593477099943325,1,0,0,0,1,MIXED
49.94233860363507,5.7236138683359865,0,0,0,0,0,SAFE
16.929289472963617,18.9538608489638,1,1,0,0,0,MIXED
34.905042945294134,21.223275059805008,0,0,0,0,0,SAFE
49.60216310668993,26.136331111633822,1,0,0,0,1,MIXED
55.95792388782825,27.363569180773034,2,0,1,0,1,UNSAFE
55.996390630272174,28.790603432353308,2,0,1,0,1,UNSAFE
53.729740592177336,14.591318607022274,1,0,1,0,0,MIXED
31.68538855014098,39.822702544824125,1,0,0,0,1,MIXED
42.50362348172816,27.287080639742346,1,0,0,0,1,MIXED
37.597801351806226,24.63922442545639,0,0,0,0,0,SAFE
22.440293399680275,10.89556608999046,1,1,0,0,0,MIXED
41.212711332861694,19.626087683051864,0,0,0,0,0,SAFE
50.57619741280887,4.058570783696847,2,0,1,1,0,UNSAFE
47.27974551136163,27.266669766367414,1,0,0,0,1,MIXED
60.76729266203406,22.066279838375337,1,0,1,0,0,MIXED
38.32395214815023,2.2823534289173892,1,0,0,1,0,MIXED
56.63361838292184,22.373419355929418,1,0,1,0,0,MIXED
41.82419494735809,-1.1981829422181818,1,0,0,1,0,MIXED
34.55052839281558,21.313202887739365,0,0,0,0,0,SAFE
44.8306641930072,-4.463315589664539,1,0,0,1,0,MIXED
47.06090045201463,-0.6843644821995998,1,0,0,1,0,MIXED
52.832072548818076,17.085559149049573,1,0,1,0,0,MIXED
38.2926284100056,24.901543391106728,0,0,0,0,0,SAFE
44.82799430756628,28.249276085050184,1,0,0,0,1,MIXED
42.64380490711654,16.388193664057138,0,0,0,0,0,SAFE
39.71799653921673,17.62967142767163,0,0,0,0,0,SAFE
55.58360703831403,9.972358299389562,1,0,1,0,0,MIXED
47.183641194645084,6.195564169920489,0,0,0,0,0,SAFE
25.466143058572406,17.074587403701095,1,1,0,0,0,MIXED
44.963243387755384,13.899487305575159,0,0,0,0,0,SAFE
30.032120233822113,18.043010746416215,0,0,0,0,0,SAFE
44.13050907311557,6.112193689074266,0,0,0,0,0,SAFE
31.17206742821584,12.476120722940326,0,0,0,0,0,SAFE
47.22343397422215,19.166547317919907,0,0,0,0,0,SAFE
34.953304017327376,16.369250850220073,0,0,0,0,0,SAFE
49.09701124380454,3.2733429073318536,1,0,0,1,0,MIXED
42.505242944345554,28.39640980170873,1,0,0,0,1,MIXED
31.800542757648813,26.555262910495088,1,0,0,0,1,MIXED
54.95349961857908,12.777944748291135,1,0,1,0,0,MIXED
39.25593104786975,25.330944190195595,1,0,0,0,1,MIXED
40.51095699976385,-8.531267006950923,1,0,0,1,0,MIXED
41.20964324248337,19.704039681945627,0,0,0,0,0,SAFE
47.920670828659745,6.193708352480773,0,0,0,0,0,SAFE
39.84159104421913,24.769072641522996,0,0,0,0,0,SAFE
41.5200110286933,-0.287379939609135,1,0,0,1,0,MIXED
51.90110407696301,12.858889776227548,1,0,1,0,0,MIXED
50.72975021745104,1.0454330413345065,2,0,1,1,0,UNSAFE
41.03210601928732,20.097360236772346,0,0,0,0,0,SAFE
41.302841107992094,3.169937976790072,1,0,0,1,0,MIXED
22.905573545251883,30.232651295033598,2,1,0,0,1,UNSAFE
43.9843056152106,26.66801052791138,1,0,0,0,1,MIXED
49.42935279488359,20.96846826119579,0,0,0,0,0,SAFE
39.429301158823456,19.897669256391286,0,0,0,0,0,SAFE
53.4602955709658,15.83010928273757,1,0,1,0,0,MIXED
57.21360835519352,0.005781135331439202,2,0,1,1,0,UNSAFE
29.144731109900427,24.880752145193938,1,1,0,0,0,MIXED
35.450056507832976,35.433369204287786,1,0,0,0,1,MIXED
52.69873096986355,30.875715067580416,2,0,1,0,1,UNSAFE
49.07549044441001,5.784163763297057,0,0,0,0,0,SAFE
28.725267198918466,29.95294669189022,2,1,0,0,1,UNSAFE
30.003454351903542,30.848856877275203,1,0,0,0,1,MIXED
47.35691808183484,14.237473461798983,0,0,0,0,0,SAFE
45.536381474682486,19.652909354490994,0,0,0,0,0,SAFE
40.38071689130336,29.256872349193138,1,0,0,0,1,MIXED
53.13120688479627,16.556593018209412,1,0,1,0,0,MIXED
37.200044906397565,28.059540444042913,1,0,0,0,1,MIXED
25.819516958889444,19.43892607011323,1,1,0,0,0,MIXED
47.91660086567137,6.716481652219876,0,0,0,0,0,SAFE
49.790283899501176,14.736141386833733,0,0,0,0,0,SAFE
37.63439902440706,24.63223339663672,0,0,0,0,0,SAFE
33.31452457041801,23.691933365638796,0,0,0,0,0,SAFE
26.141230289445954,17.857044467311965,1,1,0,0,0,MIXED
42.35075164970795,9.603042331342397,0,0,0,0,0,SAFE
45.11699894311209,14.204298706322122,0,0,0,0,0,SAFE
50.437565018444374,20.60150988803435,1,0,1,0,0,MIXED
45.62155386299482,17.918612035602045,0,0,0,0,0,SAFE
38.22266834762367,11.981964500243027,0,0,0,0,0,SAFE
43.985726721767115,13.266405128928639,0,0,0,0,0,SAFE
50.89162264346397,15.93450189543753,1,0,1,0,0,MIXED
45.007732862601046,0.973160661044389,1,0,0,1,0,MIXED
49.54584217648302,9.188264063256565,0,0,0,0,0,SAFE
33.65877134162629,31.461860091125715,1,0,0,0,1,MIXED
47.58097217946073,24.770957188917752,0,0,0,0,0,SAFE
45.63596946325854,14.068492040962889,0,0,0,0,0,SAFE
39.763167935549895,22.7911018545667,0,0,0,0,0,SAFE
51.060152337906345,14.318162520741541,1,0,1,0,0,MIXED
58.580342917606416,13.026814502891906,1,0,1,0,0,MIXED
30.84793244088022,-2.215227409939768,1,0,0,1,0,MIXED
28.497797056965386,10.861882074275051,1,1,0,0,0,MIXED
40.14385583109774,21.825996376798916,0,0,0,0,0,SAFE
41.77113571796983,23.433710346341847,0,0,0,0,0,SAFE
42.35914266098262,15.13521426126866,0,0,0,0,0,SAFE
37.379881007932426,29.22588460397813,1,0,0,0,1,MIXED
29.74812562737604,18.01310290713882,1,1,0,0,0,MIXED
40.54679630600613,22.817545975045007,0,0,0,0,0,SAFE
41.83336479075321,15.086437056158983,0,0,0,0,0,SAFE
39.86688302152231,28.932564041319974,1,0,0,0,1,MIXED
42.01924708048232,34.69651211613473,1,0,0,0,1,MIXED
44.17797665302029,15.21759840797327,0,0,0,0,0,SAFE
40.83738432116449,20.642468996851782,0,0,0,0,0,SAFE
37.29285301674235,16.457423990390367,0,0,0,0,0,SAFE
42.06509611286255,18.252476992651896,0,0,0,0,0,SAFE
44.80024261009404,19.01994880183913,0,0,0,0,0,SAFE
42.759237969386334,30.68943492349374,1,0,0,0,1,MIXED
45.38055052945987,41.05986288359328,1,0,0,0,1,MIXED
42.398811268526984,24.58913292455175,0,0,0,0,0,SAFE
36.191606333002554,29.007892553113034,1,0,0,0,1,MIXED
36.36572850580424,19.558780179560948,0,0,0,0,0,SAFE
39.88458238748699,19.520077971168824,0,0,0,0,0,SAFE
40.12163010502808,7.10747106078784,0,0,0,0,0,SAFE
39.82726168161772,30.41580124141646,1,0,0,0,1,MIXED
45.73821014804118,2.111499701208688,1,0,0,1,0,MIXED
50.76306160992048,6.084858196727209,1,0,1,0,0,MIXED
47.94687430446522,20.53165147595906,0,0,0,0,0,SAFE
46.930483730010835,33.5318916616818,1,0,0,0,1,MIXED
35.370872600783876,21.10794775886829,0,0,0,0,0,SAFE
52.07670889945909,8.566582983751283,1,0,1,0,0,MIXED
36.03397135588004,12.128124612275656,0,0,0,0,0,SAFE
44.59786428657654,0.8952372603904823,1,0,0,1,0,MIXED
46.411215926866525,0.9161325825427333,1,0,0,1,0,MIXED
52.34664660645957,20.13766828090123,1,0,1,0,0,MIXED
57.30511897708483,21.68783760609298,1,0,1,0,0,MIXED
39.561916391032064,7.0132286478233645,0,0,0,0,0,SAFE
43.9111284646229,14.697494115221252,0,0,0,0,0,SAFE
51.489112279018215,5.713811836451507,1,0,1,0,0,MIXED
58.16721600368783,27.74776941714994,2,0,1,0,1,UNSAFE
40.37181095794285,32.978208976376195,1,0,0,0,1,MIXED
35.73497523954182,17.055897899152285,0,0,0,0,0,SAFE
31.788231587442766,33.4656925630141,1,0,0,0,1,MIXED
28.82090549535218,0.5955830373784217,2,1,0,1,0,UNSAFE
36.92229514351037,28.223236746761614,1,0,0,0,1,MIXED
49.63875908863108,16.220506282291066,0,0,0,0,0,SAFE
50.151409689338365,13.84586275288851,1,0,1,0,0,MIXED
45.37943023414397,31.51726075656116,1,0,0,0,1,MIXED
40.02704901436629,7.336273792282939,0,0,0,0,0,SAFE
45.762973714615924,22.402743074915506,0,0,0,0,0,SAFE
42.88358189716223,25.033813137060328,1,0,0,0,1,MIXED
40.389926910131905,16.27546009583492,0,0,0,0,0,SAFE
44.99659906050888,17.873610380374448,0,0,0,0,0,SAFE
54.9061730343108,18.695562500003323,1,0,1,0,0,MIXED
39.56878292062919,20.279817014910115,0,0,0,0,0,SAFE
50.07080672216101,22.742354415187954,1,0,1,0,0,MIXED
47.75046056930383,0.019498564859652845,1,0,0,1,0,MIXED
22.05989906527738,27.75264538620624,2,1,0,0,1,UNSAFE
45.51085956964906,14.784225833847302,0,0,0,0,0,SAFE
47.554504222241235,34.27309935665913,1,0,0,0,1,MIXED
53.30824932677128,24.622205728019576,1,0,1,0,0,MIXED
34.90619493733885,7.432091970301238,0,0,0,0,0,SAFE
22.908762549058345,21.3351347388492,1,1,0,0,0,MIXED
50.86901757968933,26.90178046191512,2,0,1,0,1,UNSAFE
47.40344377021421,13.459331417726862,0,0,0,0,0,SAFE
37.48578030471885,6.746352039092351,0,0,0,0,0,SAFE
40.692601206678404,5.221737461035513,0,0,0,0,0,SAFE
56.047632520068696,1.976284469343991,2,0,1,1,0,UNSAFE
40.423573784886216,-4.362184134308741,1,0,0,1,0,MIXED
44.37243889038452,14.976162902428698,0,0,0,0,0,SAFE
39.14567717088369,5.672167339699461,0,0,0,0,0,SAFE
42.01969468470093,9.555391099857623,0,0,0,0,0,SAFE
40.90505688506665,34.57430001917993,1,0,0,0,1,MIXED
43.37741772714055,20.32867207974033,0,0,0,0,0,SAFE
38.28428179455604,7.155644903252379,0,0,0,0,0,SAFE
41.81633829241082,40.039260048522245,1,0,0,0,1,MIXED
39.70057844084832,18.614378033648226,0,0,0,0,0,SAFE
35.37281187927568,-10.0,1,0,0,1,0,MIXED
35.68134934454675,38.80709527353761,1,0,0,0,1,MIXED
46.763122357798125,31.409242010534516,1,0,0,0,1,MIXED
39.21822212054419,-8.568311037566612,1,0,0,1,0,MIXED
33.130327972300435,18.970247610441685,0,0,0,0,0,SAFE
43.900910887491605,14.895762034217709,0,0,0,0,0,SAFE
37.75800790050945,24.39715686803244,0,0,0,0,0,SAFE
37.98922660799231,18.078168701627,0,0,0,0,0,SAFE
43.56262532026083,11.314975566377875,0,0,0,0,0,SAFE
34.94963159168349,10.726699132770388,0,0,0,0,0,SAFE
56.98897426158197,26.124478632661784,2,0,1,0,1,UNSAFE
50.16310985025583,7.13536293225185,1,0,1,0,0,MIXED
30.498485816264882,25.964942157586208,1,0,0,0,1,MIXED
49.23813808359955,16.372489766825524,0,0,0,0,0,SAFE
39.03568089933231,0.36055345764968294,1,0,0,1,0,MIXED
48.939203555028016,26.861351149659097,1,0,0,0,1,MIXED
36.567260572070445,7.37400399260377,0,0,0,0,0,SAFE
51.928495400070425,8.581355371065182,1,0,1,0,0,MIXED
56.23248166285106,13.9094824213429,1,0,1,0,0,MIXED
38.9075063450668,15.451080012133966,0,0,0,0,0,SAFE
38.90694612508784,26.262123863476816,1,0,0,0,1,MIXED
49.086481116603096,25.881062927508317,1,0,0,0,1,MIXED
43.4761579255525,10.43645501691637,0,0,0,0,0,SAFE
41.92748794057814,10.743032084297258,0,0,0,0,0,SAFE
53.73277210546368,25.022737237986014,2,0,1,0,1,UNSAFE
41.26781546514232,5.735250432287293,0,0,0,0,0,SAFE
54.32671750563054,16.366841355443007,1,0,1,0,0,MIXED
40.958660318426126,30.49652719718958,1,0,0,0,1,MIXED
37.92040949297546,11.810730986704652,0,0,0,0,0,SAFE
40.153928412993885,1.8343082835815885,1,0,0,1,0,MIXED
44.525882923407586,7.3765525532154905,0,0,0,0,0,SAFE
37.43422614151102,7.955645205983361,0,0,0,0,0,SAFE
37.303438373568454,6.610855359841855,0,0,0,0,0,SAFE
43.97771342095977,13.444069075142856,0,0,0,0,0,SAFE
42.384065105664924,38.53788076462313,1,0,0,0,1,MIXED
40.75551055120642,21.049476222363666,0,0,0,0,0,SAFE
47.74999679468783,14.371433756357261,0,0,0,0,0,SAFE
44.19039305236031,15.206981902624257,0,0,0,0,0,SAFE
43.62046716569183,9.13483210651863,0,0,0,0,0,SAFE
38.04630952336141,15.169222532830762,0,0,0,0,0,SAFE
26.22477084919205,29.960727897653246,2,1,0,0,1,UNSAFE
59.286864143993036,16.703502599247145,1,0,1,0,0,MIXED
47.32375341800804,25.810576700504967,1,0,0,0,1,MIXED
31.40264208337385,24.282779452844235,0,0,0,0,0,SAFE
38.5884816445262,37.90724229816844,1,0,0,0,1,MIXED
40.49392344001044,24.0818222317166,0,0,0,0,0,SAFE
40.57269655711894,36.966927563304466,1,0,0,0,1,MIXED
37.901198263688755,26.65088787327389,1,0,0,0,1,MIXED
47.01342305961557,19.043099616641605,0,0,0,0,0,SAFE
43.83205920835818,8.329874823031371,0,0,0,0,0,SAFE
21.311549516527382,25.743921084616147,2,1,0,0,1,UNSAFE
38.089287117245725,26.696001436820296,1,0,0,0,1,MIXED
44.81358214332532,27.002567810201207,1,0,0,0,1,MIXED
48.41514016087579,-9.646951804792007,1,0,0,1,0,MIXED
46.91916492998398,11.56324514385516,0,0,0,0,0,SAFE
51.32008949814541,20.912074951367998,1,0,1,0,0,MIXED
46.82375230372486,12.277572042917496,0,0,0,0,0,SAFE
34.69915046313767,10.671130410294744,0,0,0,0,0,SAFE
27.60086190775241,9.096562654533544,1,1,0,0,0,MIXED
30.286727203684542,0.6225919624218932,1,0,0,1,0,MIXED
42.93183077780967,20.340489395039608,0,0,0,0,0,SAFE
41.745652158598276,10.012095026615981,0,0,0,0,0,SAFE
34.420734702088595,11.828070076352892,0,0,0,0,0,SAFE
35.42221567017803,14.371692578786888,0,0,0,0,0,SAFE
29.827745807368757,22.01317578205728,1,1,0,0,0,MIXED
37.463751023394465,18.762569002823383,0,0,0,0,0,SAFE
49.097775965049536,18.27870881931,0,0,0,0,0,SAFE
48.39301431678466,-5.666392628540713,1,0,0,1,0,MIXED
38.05714669036891,26.030766667890838,1,0,0,0,1,MIXED
46.07383630652977,33.48463265551463,1,0,0,0,1,MIXED
55.63504383973614,17.995921344506367,1,0,1,0,0,MIXED
39.984171048921546,5.415612869330102,0,0,0,0,0,SAFE
38.19353147571802,10.917530915106338,0,0,0,0,0,SAFE
37.25400646094628,5.816622522589537,0,0,0,0,0,SAFE
45.21261270017636,31.966396781422343,1,0,0,0,1,MIXED
49.46605414584207,11.775799417296767,0,0,0,0,0,SAFE
50.112230780805675,18.466508668388823,1,0,1,0,0,MIXED
41.674365192505256,13.968772743525957,0,0,0,0,0,SAFE
40.40047889609389,21.5106612273727,0,0,0,0,0,SAFE
43.11736065821137,7.7157720242301,0,0,0,0,0,SAFE
35.785183127197186,18.059039812816682,0,0,0,0,0,SAFE
45.4292097254662,11.868673556832157,0,0,0,0,0,SAFE
32.943955018030046,27.50965117085132,1,0,0,0,1,MIXED
50.3088368762168,-4.873765009734981,2,0,1,1,0,UNSAFE
52.716663386508245,12.910242026669861,1,0,1,0,0,MIXED
43.51989664021714,26.38223060052627,1,0,0,0,1,MIXED
55.220310293032426,25.028652850455302,2,0,1,0,1,UNSAFE
43.928243991604475,1.2435931369700164,1,0,0,1,0,MIXED
25.790145408122093,23.78158939024504,1,1,0,0,0,MIXED
52.736242765955815,6.85355139161952,1,0,1,0,0,MIXED
39.84176028209016,9.42734111614545,0,0,0,0,0,SAFE
37.328799412087974,25.74961183891965,1,0,0,0,1,MIXED
43.74698506202914,12.708216886043308,0,0,0,0,0,SAFE
63.260160164082976,0.655791009924398,2,0,1,1,0,UNSAFE
46.38328865196628,4.51021714827805,1,0,0,1,0,MIXED
40.740505024046065,16.48638384462673,0,0,0,0,0,SAFE
48.756765757080736,12.388181048389777,0,0,0,0,0,SAFE
39.06441521762527,12.20914902186492,0,0,0,0,0,SAFE
33.360378509590596,21.323098020916866,0,0,0,0,0,SAFE
44.25067496625527,19.3516867131505,0,0,0,0,0,SAFE
41.443655979735354,13.071220401099069,0,0,0,0,0,SAFE
51.40480270584681,25.217864701570157,2,0,1,0,1,UNSAFE
53.3184046894751,18.725943514958704,1,0,1,0,0,MIXED
52.821312757243355,10.83917360279586,1,0,1,0,0,MIXED
40.39318571086935,26.951007536819613,1,0,0,0,1,MIXED
48.747372306081914,12.095495930851035,0,0,0,0,0,SAFE
33.62993411184232,12.960357930075272,0,0,0,0,0,SAFE
36.52105246978372,32.245034824886744,1,0,0,0,1,MIXED
48.08032514815801,7.340774226132343,0,0,0,0,0,SAFE
33.6400723146799,7.2168672621544445,0,0,0,0,0,SAFE
37.529398092269325,13.332996062028057,0,0,0,0,0,SAFE
50.916371927047095,5.334831086469965,1,0,1,0,0,MIXED
60.316297958772395,5.566997631713454,1,0,1,0,0,MIXED
30.727618151243206,31.88304825323471,1,0,0,0,1,MIXED
52.57004479869565,13.176512022437148,1,0,1,0,0,MIXED
45.050658520996215,19.06569119102014,0,0,0,0,0,SAFE
43.09369942994847,2.035204615295269,1,0,0,1,0,MIXED
22.14426253866998,6.55273817676583,1,1,0,0,0,MIXED
56.52923529096758,33.55413502726656,2,0,1,0,1,UNSAFE
39.90530428406153,5.420357774763286,0,0,0,0,0,SAFE
44.22496975783504,19.389811954670257,0,0,0,0,0,SAFE
46.80575615435246,-10.0,1,0,0,1,0,MIXED
67.2620494706013,26.324746680436323,2,0,1,0,1,UNSAFE
40.41709037008267,7.815223698391468,0,0,0,0,0,SAFE
49.89844555263684,19.953946150345413,0,0,0,0,0,SAFE
42.73717990427609,19.583346336408116,0,0,0,0,0,SAFE
41.09824316620308,19.01862265717302,0,0,0,0,0,SAFE
47.810902807628025,18.43316874082027,0,0,0,0,0,SAFE
44.32737518657535,28.92860133211181,1,0,0,0,1,MIXED
29.22314304465235,7.021177214415694,1,1,0,0,0,MIXED
42.212485487848184,7.701324170707591,0,0,0,0,0,SAFE
38.83173969404847,27.87741782890044,1,0,0,0,1,MIXED
40.8082322083382,-3.292110277139738,1,0,0,1,0,MIXED
38.61326616532577,15.581131741338721,0,0,0,0,0,SAFE
42.31751625965062,20.560374413464146,0,0,0,0,0,SAFE
45.79510859804379,13.611739014740142,0,0,0,0,0,SAFE
32.455681934036534,10.588607483624376,0,0,0,0,0,SAFE
37.01778754702561,12.148961973137439,0,0,0,0,0,SAFE
47.5293482820631,19.041027495637522,0,0,0,0,0,SAFE
48.59204570993349,11.159167963972061,0,0,0,0,0,SAFE
54.06688614627787,21.7283851259672,1,0,1,0,0,MIXED
42.89787745473566,21.033465843779695,0,0,0,0,0,SAFE
36.59391668295175,-6.087542159604212,1,0,0,1,0,MIXED
37.14642904744177,22.474569572421686,0,0,0,0,0,SAFE
42.641728317511706,13.631655273221266,0,0,0,0,0,SAFE
35.217279433778174,-4.558258259165356,1,0,0,1,0,MIXED
53.39876496651832,12.921052581883927,1,0,1,0,0,MIXED
38.56369614482247,8.283537329081277,0,0,0,0,0,SAFE
52.036179821013036,23.813508123793845,1,0,1,0,0,MIXED
34.26208428631237,26.645429650435347,1,0,0,0,1,MIXED
40.839436648629864,8.894578120127727,0,0,0,0,0,SAFE
39.65110090561959,7.16702749485103,0,0,0,0,0,SAFE
31.43298317800968,22.761309655085892,0,0,0,0,0,SAFE
40.23436112774826,21.172095336452706,0,0,0,0,0,SAFE
44.29770664903637,20.485411113532397,0,0,0,0,0,SAFE
25.632105556743305,6.33239750642983,1,1,0,0,0,MIXED
46.55491804321478,2.2516930586403205,1,0,0,1,0,MIXED
44.98452067049785,1.0929541998142511,1,0,0,1,0,MIXED
42.131551867957555,31.099903939360566,1,0,0,0,1,MIXED
48.196800922653,-3.5074094744073427,1,0,0,1,0,MIXED
48.786971234529474,33.22238226729583,1,0,0,0,1,MIXED
64.37612808129391,19.75075737468689,1,0,1,0,0,MIXED
31.084640608917162,19.346779780244294,0,0,0,0,0,SAFE
54.76826878673172,13.129118202496965,1,0,1,0,0,MIXED
50.344871383060465,6.6039700112231206,1,0,1,0,0,MIXED
44.978826025014804,-9.895795151701275,1,0,0,1,0,MIXED
34.39731694530626,14.93879352718144,0,0,0,0,0,SAFE
39.09314615538852,1.9938250572425353,1,0,0,1,0,MIXED
38.00275041532035,18.29655048467997,0,0,0,0,0,SAFE
41.31017930311825,15.60937569870869,0,0,0,0,0,SAFE
47.85575042468591,11.568372992667534,0,0,0,0,0,SAFE
52.87342306441532,5.107289338985874,1,0,1,0,0,MIXED
57.424020424476154,26.130386304942625,2,0,1,0,1,UNSAFE
39.15201775590222,12.106812957689195,0,0,0,0,0,SAFE
43.653884732893886,20.986709298719767,0,0,0,0,0,SAFE
50.756386201867656,1.5940875198491682,2,0,1,1,0,UNSAFE
45.499540976489975,-6.16514252462715,1,0,0,1,0,MIXED
40.58159611331613,29.53912503787458,1,0,0,0,1,MIXED
30.65912774225201,-0.9923778603166244,1,0,0,1,0,MIXED
43.76636079638381,28.874291641726018,1,0,0,0,1,MIXED
44.60316360868258,-4.046178968815511,1,0,0,1,0,MIXED
28.534972695629808,15.977464329294193,1,1,0,0,0,MIXED
32.56606064563386,16.36686293905656,0,0,0,0,0,SAFE
43.56796090613551,10.102424893422892,0,0,0,0,0,SAFE
56.5180343515905,20.90467204934292,1,0,1,0,0,MIXED
51.69272703035341,24.20581758271622,1,0,1,0,0,MIXED
40.79941150440106,13.05552748660652,0,0,0,0,0,SAFE
39.619039705369836,21.81102252500244,0,0,0,0,0,SAFE
36.79707858102509,32.25032942034568,1,0,0,0,1,MIXED
36.03304557062086,17.144750722970286,0,0,0,0,0,SAFE
40.16735350363241,10.492066856134734,0,0,0,0,0,SAFE
59.3787748197089,10.609456585875368,1,0,1,0,0,MIXED
39.56223055206059,8.358664015441102,0,0,0,0,0,SAFE
42.32832492551138,13.98693632657306,0,0,0,0,0,SAFE
33.04597495436556,10.756301356523437,0,0,0,0,0,SAFE
46.877492342271694,25.26986849421954,1,0,0,0,1,MIXED
42.19200490372384,15.589947906532094,0,0,0,0,0,SAFE
39.11203942587779,9.97558298042117,0,0,0,0,0,SAFE
34.64341576094158,-0.5664945423895134,1,0,0,1,0,MIXED
36.380426607147704,24.040528673405134,0,0,0,0,0,SAFE
38.60466445842258,11.53981316305958,0,0,0,0,0,SAFE
39.07611840228282,27.44707665832734,1,0,0,0,1,MIXED
34.5729394357493,17.770533383899934,0,0,0,0,0,SAFE
41.45227093143869,15.679268250947688,0,0,0,0,0,SAFE
43.954803256931605,15.5716494026807,0,0,0,0,0,SAFE
48.344175093207355,14.70742672037071,0,0,0,0,0,SAFE
55.95501114740558,15.44479938966846,1,0,1,0,0,MIXED
28.37226493919784,21.383103581437318,1,1,0,0,0,MIXED
45.136774442078256,15.325450317619243,0,0,0,0,0,SAFE
39.923429475030844,-6.14619066459786,1,0,0,1,0,MIXED
26.425247501874598,31.47519220497481,2,1,0,0,1,UNSAFE
37.3159791752049,24.656204275522086,0,0,0,0,0,SAFE
29.175733814076306,4.531417046317344,2,1,0,1,0,UNSAFE
47.42912757505373,13.97498964301367,0,0,0,0,0,SAFE
46.30133737591503,14.863674340701923,0,0,0,0,0,SAFE
40.338624287947134,8.199561718251097,0,0,0,0,0,SAFE
32.44797875255999,29.027012897324987,1,0,0,0,1,MIXED
54.53847284903905,4.6129704525581605,2,0,1,1,0,UNSAFE
33.167367183944414,11.522268575779076,0,0,0,0,0,SAFE
44.723480118905215,13.181817920433307,0,0,0,0,0,SAFE
45.99616052198177,14.507510523886344,0,0,0,0,0,SAFE
41.08295086840613,39.13078736769869,1,0,0,0,1,MIXED
37.79837398723755,31.399468928245472,1,0,0,0,1,MIXED
53.57490454144691,20.04093506584649,1,0,1,0,0,MIXED
26.590945308403796,15.310574903629618,1,1,0,0,0,MIXED
37.882441940835626,15.200906914404737,0,0,0,0,0,SAFE
33.49626566089694,22.562579490500525,0,0,0,0,0,SAFE
49.87988021688852,26.700243020669415,1,0,0,0,1,MIXED
38.94257026892373,4.405748979532266,1,0,0,1,0,MIXED
44.81345133176628,32.560743221487414,1,0,0,0,1,MIXED
42.55511707690827,19.522970861121,0,0,0,0,0,SAFE
40.120612432944014,9.96529794104237,0,0,0,0,0,SAFE
47.26620750883599,13.939332326611343,0,0,0,0,0,SAFE
45.22818329223464,20.075068572770277,0,0,0,0,0,SAFE
44.780134713111266,20.5785531938774,0,0,0,0,0,SAFE
35.17595413791927,5.859706436531685,0,0,0,0,0,SAFE
41.65902714714195,14.814386797387524,0,0,0,0,0,SAFE
37.82141738624297,17.410002964146756,0,0,0,0,0,SAFE
49.26573944667232,26.875118741534862,1,0,0,0,1,MIXED
53.29809498117725,1.8519833694281491,2,0,1,1,0,UNSAFE
32.696011410332595,12.103546065583537,0,0,0,0,0,SAFE
42.64229232805901,12.615819961430113,0,0,0,0,0,SAFE
37.5788853585396,11.955817598026279,0,0,0,0,0,SAFE
45.86651057946003,1.7037755320796766,1,0,0,1,0,MIXED
60.746857380696824,15.209935433842993,1,0,1,0,0,MIXED
50.4067791538298,9.199951050354924,1,0,1,0,0,MIXED
46.59479674019815,16.000910728285756,0,0,0,0,0,SAFE
48.85446715110635,13.01353082176248,0,0,0,0,0,SAFE
54.412508536717425,0.07944152512956038,2,0,1,1,0,UNSAFE
49.59499064158419,16.18719755533048,0,0,0,0,0,SAFE
33.85338641301645,34.5206587004711,1,0,0,0,1,MIXED
56.78958181254063,-5.738707448234553,2,0,1,1,0,UNSAFE
43.414275098766595,22.056625547307366,0,0,0,0,0,SAFE
45.53363846654252,30.155296082784332,1,0,0,0,1,MIXED
52.46106166011692,17.65187356317182,1,0,1,0,0,MIXED
60.21682889929309,24.36846522707577,1,0,1,0,0,MIXED
39.18868403857662,9.476524051716485,0,0,0,0,0,SAFE
51.94673202378886,7.070457734695581,1,0,1,0,0,MIXED
38.72209376433218,12.60428108545152,0,0,0,0,0,SAFE
44.845227146209204,13.065416370384183,0,0,0,0,0,SAFE
31.46423282815889,26.620797379907636,1,0,0,0,1,MIXED
38.76481080971908,35.19935268799492,1,0,0,0,1,MIXED
44.43192005807872,27.672074844021594,1,0,0,0,1,MIXED
47.04689211344634,28.150562714566263,1,0,0,0,1,MIXED
46.56271197011546,17.351688339918063,0,0,0,0,0,SAFE
50.745872734852135,39.859721145920524,2,0,1,0,1,UNSAFE
39.841624491161,22.94926987725014,0,0,0,0,0,SAFE
41.95804061991881,20.060590204930346,0,0,0,0,0,SAFE
42.33726846061227,-6.577428857104032,1,0,0,1,0,MIXED
40.398506258094585,24.99555072808534,0,0,0,0,0,SAFE
35.87834701385144,24.209464430715432,0,0,0,0,0,SAFE
43.46887331512276,13.085094691457908,0,0,0,0,0,SAFE
49.24652308226694,21.810315435642615,0,0,0,0,0,SAFE
45.36437656958428,25.159002027804142,1,0,0,0,1,MIXED
43.62478655670864,-1.4466603298902392,1,0,0,1,0,MIXED
38.975033014941445,-3.0440242277986584,1,0,0,1,0,MIXED
47.258918609669074,23.96199839292968,0,0,0,0,0,SAFE
49.533617937064335,19.89094699229804,0,0,0,0,0,SAFE
49.74340103511439,-0.7660333826746086,1,0,0,1,0,MIXED
41.1394646256457,0.8508401119178508,1,0,0,1,0,MIXED
39.13336309755289,31.162517359327573,1,0,0,0,1,MIXED
50.74589745883755,21.622854064744217,1,0,1,0,0,MIXED
40.547038171194856,5.064052155544182,0,0,0,0,0,SAFE
43.49622147027543,26.106758318223065,1,0,0,0,1,MIXED
45.27897191407387,-0.8569078918456192,1,0,0,1,0,MIXED
42.83688717692668,-4.133281920663482,1,0,0,1,0,MIXED
48.43347066484806,8.069922519332849,0,0,0,0,0,SAFE
32.21502880117654,23.179306627322035,0,0,0,0,0,SAFE
46.47502269747189,17.323989624142108,0,0,0,0,0,SAFE
59.53366357720841,21.34999836255956,1,0,1,0,0,MIXED
36.840344560581066,20.192038674849417,0,0,0,0,0,SAFE
39.71138125282846,27.66758821897002,1,0,0,0,1,MIXED
44.24781765464343,18.799232868004484,0,0,0,0,0,SAFE
30.46105271843765,15.613516195029522,0,0,0,0,0,SAFE
41.549873165877926,4.757865447894488,1,0,0,1,0,MIXED
40.22798810888924,19.357524435840784,0,0,0,0,0,SAFE
41.965203205247896,0.8790030841596632,1,0,0,1,0,MIXED
39.814265334424455,10.319752109601257,0,0,0,0,0,SAFE
43.548108184249465,15.855325618944224,0,0,0,0,0,SAFE
38.70709550310522,10.493365565766487,0,0,0,0,0,SAFE
42.537780703875995,24.629767549865626,0,0,0,0,0,SAFE
44.22912418166548,29.230693252907137,1,0,0,0,1,MIXED
51.06552783073512,29.966824962091522,2,0,1,0,1,UNSAFE
52.94902121442445,30.629495167407228,2,0,1,0,1,UNSAFE
32.77485751623013,21.474262779104684,0,0,0,0,0,SAFE
51.74656442291117,28.990273218566188,2,0,1,0,1,UNSAFE
35.83424949588838,21.57380524931438,0,0,0,0,0,SAFE
42.601624519603355,33.47060233007612,1,0,0,0,1,MIXED
30.901667004844395,7.307104185771345,0,0,0,0,0,SAFE
27.51492940030124,16.446162870330824,1,1,0,0,0,MIXED
60.110722154157216,14.556583814667079,1,0,1,0,0,MIXED
42.80826658019404,20.502387706232046,0,0,0,0,0,SAFE
41.069676119941676,18.660260191440802,0,0,0,0,0,SAFE
45.13769335462251,6.5444334790647325,0,0,0,0,0,SAFE
41.24762630760265,22.419329264902462,0,0,0,0,0,SAFE
49.428608932504766,27.98501656194275,1,0,0,0,1,MIXED
44.68348853426235,18.557857112444406,0,0,0,0,0,SAFE
48.001478921717,9.05229786428692,0,0,0,0,0,SAFE
36.9137675840867,13.752021423456014,0,0,0,0,0,SAFE
31.79985840356717,19.06900771699909,0,0,0,0,0,SAFE
50.39265628934611,7.899563551616458,1,0,1,0,0,MIXED
45.48119351908217,8.708689490580067,0,0,0,0,0,SAFE
33.86739598404059,35.55561043759667,1,0,0,0,1,MIXED
33.98213491186206,2.2068068191215495,1,0,0,1,0,MIXED
43.717723176442504,17.685214784607663,0,0,0,0,0,SAFE
47.33785712951953,35.012280535099066,1,0,0,0,1,MIXED
35.78296147844296,9.215631620260996,0,0,0,0,0,SAFE
54.87044397845486,24.391237655057843,1,0,1,0,0,MIXED
48.400650702093856,9.10131304492681,0,0,0,0,0,SAFE
51.007105763298014,23.031828201810356,1,0,1,0,0,MIXED
43.51629814495492,9.150721897665077,0,0,0,0,0,SAFE
42.853564435107565,31.484868884832718,1,0,0,0,1,MIXED
33.24825797917056,7.0020093193653,0,0,0,0,0,SAFE
36.977580519434674,10.891788439902552,0,0,0,0,0,SAFE
41.87410650783178,24.58571028201906,0,0,0,0,0,SAFE
45.6913129153397,15.608410505034287,0,0,0,0,0,SAFE
44.215947800642766,21.239909603631794,0,0,0,0,0,SAFE
28.546352430163243,25.71584191754601,2,1,0,0,1,UNSAFE
35.38869645690878,10.564896288225121,0,0,0,0,0,SAFE
44.723482573628694,14.245941719960825,0,0,0,0,0,SAFE
45.89544352874672,16.418279184564057,0,0,0,0,0,SAFE
39.68534170350703,30.287581693762817,1,0,0,0,1,MIXED
47.66452425608108,18.021173251356196,0,0,0,0,0,SAFE
47.540158726874935,7.9467050729250435,0,0,0,0,0,SAFE
59.398173934533474,4.123627989168616,2,0,1,1,0,UNSAFE
42.905349266347216,12.135737213822598,0,0,0,0,0,SAFE
39.40468499658361,10.457432436852406,0,0,0,0,0,SAFE
35.82631999201199,26.883422048081194,1,0,0,0,1,MIXED
32.36237764333693,24.835638986838198,0,0,0,0,0,SAFE
47.188301877767856,11.191088683206539,0,0,0,0,0,SAFE
46.26085827035082,13.421009823034254,0,0,0,0,0,SAFE
33.191949291925184,4.0956634532909355,1,0,0,1,0,MIXED
47.243532131757526,21.035703236850228,0,0,0,0,0,SAFE
43.93609131455376,11.084834606594933,0,0,0,0,0,SAFE
40.47654773095183,11.744468428359735,0,0,0,0,0,SAFE
28.024446918585063,15.612532502562793,1,1,0,0,0,MIXED
46.179638889676006,15.676087987782058,0,0,0,0,0,SAFE
56.15319337615362,4.954378551700199,2,0,1,1,0,UNSAFE
36.71117026485024,16.3301899568367,0,0,0,0,0,SAFE
43.95013448153945,-4.012086250262723,1,0,0,1,0,MIXED
46.82158399900482,17.483168395555985,0,0,0,0,0,SAFE
25.04485644933527,13.832907311150782,1,1,0,0,0,MIXED
35.53166782449066,10.466767356862098,0,0,0,0,0,SAFE
31.295193722577096,19.161886786735725,0,0,0,0,0,SAFE
56.09421104456181,17.650235741702826,1,0,1,0,0,MIXED
24.724927185890827,17.85596037332799,1,1,0,0,0,MIXED
40.442889662407715,3.989874652458969,1,0,0,1,0,MIXED
44.828990651128215,23.797647281273555,0,0,0,0,0,SAFE
36.6520521448549,-1.4373281081189084,1,0,0,1,0,MIXED
25.906622083657044,8.343149064146779,1,1,0,0,0,MIXED
40.75597224592153,9.839944363625207,0,0,0,0,0,SAFE
36.533743258700945,20.67899527128155,0,0,0,0,0,SAFE
45.70260836916739,16.995934027601923,0,0,0,0,0,SAFE
48.53190227475285,8.436926472046817,0,0,0,0,0,SAFE
33.24352611953145,9.776663257726282,0,0,0,0,0,SAFE
37.269577826545834,-5.512894560470265,1,0,0,1,0,MIXED
37.63545088362423,26.048505551822252,1,0,0,0,1,MIXED
48.4068274449429,20.2518385695608,0,0,0,0,0,SAFE
43.05294434589583,29.48898526142031,1,0,0,0,1,MIXED
33.51865684105631,5.351728780371335,0,0,0,0,0,SAFE
50.994362189508266,15.276048968387087,1,0,1,0,0,MIXED
36.63057354364657,20.519246267564704,0,0,0,0,0,SAFE
38.49226430649612,6.624745045272652,0,0,0,0,0,SAFE
35.077185497063276,18.21549361026016,0,0,0,0,0,SAFE
43.6465239730453,30.16746766655951,1,0,0,0,1,MIXED
39.67928602718798,11.928505512020877,0,0,0,0,0,SAFE
53.51706824421533,24.856467932775907,1,0,1,0,0,MIXED
43.15918643010191,-0.6101272258131036,1,0,0,1,0,MIXED
35.50516174173414,4.459052026122636,1,0,0,1,0,MIXED
42.291614215194954,9.916588854584559,0,0,0,0,0,SAFE
54.8232391427384,-0.7143721377400869,2,0,1,1,0,UNSAFE
32.709282264698295,17.44628784879852,0,0,0,0,0,SAFE
46.17148839811336,-10.0,1,0,0,1,0,MIXED
28.11671872667805,12.363963068593858,1,1,0,0,0,MIXED
52.84834905187974,33.8776088521697,2,0,1,0,1,UNSAFE
38.684020078695795,13.293530225795838,0,0,0,0,0,SAFE
35.30507394172286,21.332063998861223,0,0,0,0,0,SAFE
54.22823667595145,27.560207373800495,2,0,1,0,1,UNSAFE
41.76799509875667,6.614682948647756,0,0,0,0,0,SAFE
42.06557603447857,28.807867044335772,1,0,0,0,1,MIXED
38.79586321322705,-3.15429029347753,1,0,0,1,0,MIXED
39.119925973460255,12.209742465116609,0,0,0,0,0,SAFE
27.429614709844017,17.32037331998319,1,1,0,0,0,MIXED
46.048037306043184,33.5989261481831,1,0,0,0,1,MIXED
31.3409843452551,22.30521431288764,0,0,0,0,0,SAFE
49.734689209407016,20.196209309353097,0,0,0,0,0,SAFE
33.945586937247,4.350733192574882,1,0,0,1,0,MIXED
42.77757401827052,15.90177659846292,0,0,0,0,0,SAFE
37.52452940297035,27.916370135332556,1,0,0,0,1,MIXED
38.79398734006352,-3.9370074411903673,1,0,0,1,0,MIXED
40.207547883961304,19.802733482457057,0,0,0,0,0,SAFE
44.73568921648837,18.342225871399464,0,0,0,0,0,SAFE
53.95191211485342,3.852094282978758,2,0,1,1,0,UNSAFE
38.6103332131946,30.450540380104027,1,0,0,0,1,MIXED
26.26120090428573,14.463055527972307,1,1,0,0,0,MIXED
51.83136892189627,27.140162509340595,2,0,1,0,1,UNSAFE
47.280930982770826,21.85439301761694,0,0,0,0,0,SAFE
33.67181501555892,28.731770839291855,1,0,0,0,1,MIXED
32.399506309713644,3.5958698062662506,1,0,0,1,0,MIXED
45.102993049309966,10.069855042828005,0,0,0,0,0,SAFE
43.65357359231807,19.30767079280227,0,0,0,0,0,SAFE
56.22487791500439,19.337245855664094,1,0,1,0,0,MIXED
37.05172556673233,21.76487958186135,0,0,0,0,0,SAFE
35.345966399343105,24.13155524376041,0,0,0,0,0,SAFE
42.51702335655404,19.005438161569483,0,0,0,0,0,SAFE
27.754768183082557,-7.507455951814876,2,1,0,1,0,UNSAFE
29.98860614069254,32.45770855698467,2,1,0,0,1,UNSAFE
32.814761417223274,22.323098019889315,0,0,0,0,0,SAFE
36.86473760871436,12.599699007807597,0,0,0,0,0,SAFE
41.64223795944592,31.43778427811496,1,0,0,0,1,MIXED
46.6760442463314,18.850331403203512,0,0,0,0,0,SAFE
52.37358745688957,8.66803136238418,1,0,1,0,0,MIXED
50.546743815611464,24.013025951587313,1,0,1,0,0,MIXED
49.11919490594826,13.449832970884923,0,0,0,0,0,SAFE
38.50148083378057,6.301763548305846,0,0,0,0,0,SAFE
35.542541080267696,5.82986848941508,0,0,0,0,0,SAFE
44.93478209460861,12.716636867299279,0,0,0,0,0,SAFE
45.45120158144015,19.87882019652804,0,0,0,0,0,SAFE
33.521951565693335,4.102314678907707,1,0,0,1,0,MIXED
40.1707169346135,7.2487927638621885,0,0,0,0,0,SAFE
34.95670288378972,31.956870090748705,1,0,0,0,1,MIXED
29.733161824980698,35.230644272780104,2,1,0,0,1,UNSAFE
44.31101106687271,24.86238283017926,0,0,0,0,0,SAFE
48.94666253864185,21.16959177266036,0,0,0,0,0,SAFE
55.294654393145485,4.175833115232182,2,0,1,1,0,UNSAFE
40.74897297777273,6.471530874992526,0,0,0,0,0,SAFE
28.43136375174094,8.387588814417763,1,1,0,0,0,MIXED
56.98038222579057,13.265333025822853,1,0,1,0,0,MIXED
57.86812570666848,35.85827163443204,2,0,1,0,1,UNSAFE
65.96104290956866,34.05493019098306,2,0,1,0,1,UNSAFE
60.86505492267045,18.25167541055724,1,0,1,0,0,MIXED
43.826625869493384,17.948393612153502,0,0,0,0,0,SAFE
42.00049763688291,16.49663135167543,0,0,0,0,0,SAFE
48.01746052122734,10.341821447034615,0,0,0,0,0,SAFE
30.979006097530316,18.636187975725264,0,0,0,0,0,SAFE
36.45756132540147,9.107265025286614,0,0,0,0,0,SAFE
40.85797415748663,11.278567804661252,0,0,0,0,0,SAFE
50.88033994013354,13.332584604766563,1,0,1,0,0,MIXED
51.28359710301374,17.060162489421536,1,0,1,0,0,MIXED
41.291767984514635,16.58220486286794,0,0,0,0,0,SAFE
31.66696108783413,18.380771894706957,0,0,0,0,0,SAFE
48.79351437051969,24.90850426846225,0,0,0,0,0,SAFE
31.182607316977055,-0.18980202242976318,1,0,0,1,0,MIXED
37.705451799353305,28.84662357992878,1,0,0,0,1,MIXED
43.76780314864197,7.253047602517977,0,0,0,0,0,SAFE
30.376484264556957,8.160106955463839,0,0,0,0,0,SAFE
35.98759097189538,24.356177186452562,0,0,0,0,0,SAFE
50.100353995096356,4.500981278090636,2,0,1,1,0,UNSAFE
48.0253284926528,21.50756898675428,0,0,0,0,0,SAFE
32.56255348189654,14.161813011720982,0,0,0,0,0,SAFE
44.726559905259336,16.63235418717359,0,0,0,0,0,SAFE
28.315671385531548,16.311824545166186,1,1,0,0,0,MIXED
47.090119131453406,30.795941688675235,1,0,0,0,1,MIXED
36.64967039882281,9.54546843471108,0,0,0,0,0,SAFE
40.32906587301912,17.912159213168895,0,0,0,0,0,SAFE
42.77614214098284,21.043079879670906,0,0,0,0,0,SAFE
32.99850766227886,18.968536892965492,0,0,0,0,0,SAFE
36.062276958194765,13.566660979444213,0,0,0,0,0,SAFE
55.66410901804965,1.017571912339914,2,0,1,1,0,UNSAFE
39.76426025248504,2.253542276893752,1,0,0,1,0,MIXED
43.22454379641418,25.482329153900174,1,0,0,0,1,MIXED
43.35724095075416,13.83284146664337,0,0,0,0,0,SAFE
52.627218632416415,18.305024347721446,1,0,1,0,0,MIXED
48.55652845049448,22.15257386845135,0,0,0,0,0,SAFE
18.99007676674591,14.233311943790515,1,1,0,0,0,MIXED
33.37540424894918,6.706831058431382,0,0,0,0,0,SAFE
53.796688858602344,11.25194454677408,1,0,1,0,0,MIXED
57.14054556644806,0.9231157972914446,2,0,1,1,0,UNSAFE
33.33063375778106,22.6235066095197,0,0,0,0,0,SAFE
39.26902784193193,18.073273366010497,0,0,0,0,0,SAFE
41.101545389042,13.574237620339924,0,0,0,0,0,SAFE
39.56611145014339,16.794933604077368,0,0,0,0,0,SAFE
47.133106300223226,31.144221509724762,1,0,0,0,1,MIXED
40.37989971725746,11.063617043641244,0,0,0,0,0,SAFE
37.820307548326944,29.697838550324988,1,0,0,0,1,MIXED
47.522599176910546,-3.9903342643817012,1,0,0,1,0,MIXED
26.455034377628944,6.699421205019146,1,1,0,0,0,MIXED
43.841163552435,14.665298607813094,0,0,0,0,0,SAFE
46.118228414749446,13.2455655781672,0,0,0,0,0,SAFE
53.179350171031544,22.72111378774016,1,0,1,0,0,MIXED
42.62061285692549,26.45339430534105,1,0,0,0,1,MIXED
28.808750205478233,14.149252873347761,1,1,0,0,0,MIXED
43.10009844902388,21.020364999525093,0,0,0,0,0,SAFE
28.278671977371033,12.395930931255183,1,1,0,0,0,MIXED
45.2036863708086,19.77162126397336,0,0,0,0,0,SAFE
51.48903873163361,22.61505332406745,1,0,1,0,0,MIXED
41.51323160502367,21.749737489487547,0,0,0,0,0,SAFE
40.38909091556294,16.467739527628527,0,0,0,0,0,SAFE
48.3584188011789,14.546992068119575,0,0,0,0,0,SAFE
44.8959174362547,24.613087693170126,0,0,0,0,0,SAFE
47.69731888591242,27.334718558813695,1,0,0,0,1,MIXED
60.62758638362328,22.029277733569433,1,0,1,0,0,MIXED
38.30965958876196,20.118230478198008,0,0,0,0,0,SAFE
45.750547331923336,21.135106935103813,0,0,0,0,0,SAFE
53.96012997789897,-1.8411150898400628,2,0,1,1,0,UNSAFE
54.110703930637875,33.50416868058113,2,0,1,0,1,UNSAFE
46.544565306161715,20.92135081223133,0,0,0,0,0,SAFE
40.066841541924006,15.06323989816705,0,0,0,0,0,SAFE
47.58361727318522,21.335523927703242,0,0,0,0,0,SAFE
47.7656778400271,21.266685716032836,0,0,0,0,0,SAFE
49.18711979313896,22.866486699856473,0,0,0,0,0,SAFE
33.80521067791895,23.3226804350788,0,0,0,0,0,SAFE
56.86869293132982,14.733732480445976,1,0,1,0,0,MIXED
53.99583958385982,5.82704700088409,1,0,1,0,0,MIXED
41.76189904311652,8.588418481901417,0,0,0,0,0,SAFE
53.03377001939039,31.404765544088512,2,0,1,0,1,UNSAFE
41.2064310392995,26.710615226618508,1,0,0,0,1,MIXED
55.20501302322667,14.670811420383306,1,0,1,0,0,MIXED
43.03801289437587,22.33615369626984,0,0,0,0,0,SAFE
35.25969614783772,16.100975952145607,0,0,0,0,0,SAFE
59.142296849615505,9.999864797497032,1,0,1,0,0,MIXED
48.83060992565211,20.23804446137012,0,0,0,0,0,SAFE
40.68987273037638,17.21655092909392,0,0,0,0,0,SAFE
56.02095939631543,20.53597146579301,1,0,1,0,0,MIXED
47.67854898609011,31.008622962517563,1,0,0,0,1,MIXED
39.68471650401465,4.530850901621548,1,0,0,1,0,MIXED
56.14677913272223,16.365217826184306,1,0,1,0,0,MIXED
49.14880680119211,7.376708143806397,0,0,0,0,0,SAFE
45.10821044196932,4.030672151381427,1,0,0,1,0,MIXED
42.50991871782474,8.520768148217204,0,0,0,0,0,SAFE
34.97876532069959,11.968773306340765,0,0,0,0,0,SAFE
23.65287485625435,3.400975622224669,2,1,0,1,0,UNSAFE
48.25931325008263,18.47666389547727,0,0,0,0,0,SAFE
33.40650442429914,20.478735694650663,0,0,0,0,0,SAFE
34.97429542278492,22.219638704134184,0,0,0,0,0,SAFE
41.074887412305394,11.748768496076728,0,0,0,0,0,SAFE
41.27149101018036,40.595284566657085,1,0,0,0,1,MIXED
35.929587843821196,17.265586662663786,0,0,0,0,0,SAFE
48.25094967593897,5.375871509110654,0,0,0,0,0,SAFE
29.245937300752544,8.98901857037827,1,1,0,0,0,MIXED
48.07570560887094,11.57996548271717,0,0,0,0,0,SAFE
40.1511525491118,24.107696512920796,0,0,0,0,0,SAFE
35.54925536404112,14.112446888538837,0,0,0,0,0,SAFE
29.88927166946545,18.207190607257957,1,1,0,0,0,MIXED
43.83605659654728,22.955362981672174,0,0,0,0,0,SAFE
32.83795094662891,13.081124192275832,0,0,0,0,0,SAFE
31.772237116334505,12.538933138442012,0,0,0,0,0,SAFE
53.8543046035298,11.792472440260173,1,0,1,0,0,MIXED
31.072641406040773,8.201207350251838,0,0,0,0,0,SAFE
29.11238533266231,2.0422712119278064,2,1,0,1,0,UNSAFE
47.3678955799632,0.5371676263789649,1,0,0,1,0,MIXED
44.49862872283902,15.257426758825734,0,0,0,0,0,SAFE
37.74777400725333,17.273499800577767,0,0,0,0,0,SAFE
34.49870792522196,23.408444008270465,0,0,0,0,0,SAFE
36.41327761142135,11.136331113931131,0,0,0,0,0,SAFE
37.957191956823145,21.89473564407766,0,0,0,0,0,SAFE
46.35555130807119,-10.0,1,0,0,1,0,MIXED
44.03394349022543,-2.4459283182558096,1,0,0,1,0,MIXED
39.26942630248669,13.918259782533,0,0,0,0,0,SAFE
39.18353416374531,20.008192220989166,0,0,0,0,0,SAFE
47.76061252863626,7.265342071807094,0,0,0,0,0,SAFE
35.52162398002143,14.64030446347483,0,0,0,0,0,SAFE
29.650143355470753,10.230220248123214,1,1,0,0,0,MIXED
52.78462266709886,-0.06300565210715448,2,0,1,1,0,UNSAFE
39.27906112549274,9.076991870698834,0,0,0,0,0,SAFE
58.042143051102066,9.621387933303467,1,0,1,0,0,MIXED
38.16151291713203,4.692350721982695,1,0,0,1,0,MIXED
42.07457442853801,17.701670550236877,0,0,0,0,0,SAFE
34.91344121904325,24.887228007219655,0,0,0,0,0,SAFE
44.16850867430807,23.518992687651817,0,0,0,0,0,SAFE
39.37491577728065,17.431843308913333,0,0,0,0,0,SAFE
40.29522804100735,29.576815494911493,1,0,0,0,1,MIXED
42.9301130989685,15.087539483149989,0,0,0,0,0,SAFE
38.33406400783269,9.840363695278361,0,0,0,0,0,SAFE
43.901776598590615,23.195874593727144,0,0,0,0,0,SAFE
36.523535216719296,16.265792771761287,0,0,0,0,0,SAFE
43.47335592815292,18.583635163756103,0,0,0,0,0,SAFE
28.34002878511425,5.752673002890118,1,1,0,0,0,MIXED
31.073243839024794,15.328844266517455,0,0,0,0,0,SAFE
34.79221304087751,10.037588815732523,0,0,0,0,0,SAFE
32.44575580871323,10.967634628321974,0,0,0,0,0,SAFE
33.00717119024985,22.579084420329508,0,0,0,0,0,SAFE
45.83382375836462,16.502292814743527,0,0,0,0,0,SAFE
39.58446456255545,-5.376867663027252,1,0,0,1,0,MIXED
38.33434699604123,7.385434563126259,0,0,0,0,0,SAFE
43.978193738124176,21.197071688043717,0,0,0,0,0,SAFE
44.59706129994469,27.630383091265884,1,0,0,0,1,MIXED
37.45348612491928,8.902241186793564,0,0,0,0,0,SAFE
50.303025831220616,16.66216394538134,1,0,1,0,0,MIXED
40.02401007566227,33.46521144894783,1,0,0,0,1,MIXED
46.62184437906146,13.094558260659166,0,0,0,0,0,SAFE
36.5124414908216,28.26512671583869,1,0,0,0,1,MIXED
43.65597616711735,15.245169195384271,0,0,0,0,0,SAFE
47.41021141964072,23.800878568539744,0,0,0,0,0,SAFE
46.398959875927176,23.83975575631944,0,0,0,0,0,SAFE
45.61099487122146,20.548905834302268,0,0,0,0,0,SAFE
36.14689716125252,33.103538816175586,1,0,0,0,1,MIXED
32.13058672807438,18.09377614497474,0,0,0,0,0,SAFE
31.305863534571138,14.018712611640447,0,0,0,0,0,SAFE
37.42965089705532,16.357558713439836,0,0,0,0,0,SAFE
44.73406145086116,5.43666297005408,0,0,0,0,0,SAFE
41.76468436038739,28.93674222456282,1,0,0,0,1,MIXED
31.501879219988314,6.4594623083793365,0,0,0,0,0,SAFE
48.88603718332268,15.7755481324642,0,0,0,0,0,SAFE
43.20923943859651,25.223023486923275,1,0,0,0,1,MIXED
35.64745038561366,9.806647699024044,0,0,0,0,0,SAFE
36.85886506826529,11.517969526644373,0,0,0,0,0,SAFE
52.71617667958142,-2.01080095524512,2,0,1,1,0,UNSAFE
32.44624951271942,1.3431693270682068,1,0,0,1,0,MIXED
53.213551605487744,8.856000653002367,1,0,1,0,0,MIXED
39.38661083132001,-1.146341779209365,1,0,0,1,0,MIXED
39.90091171067265,23.66521720841967,0,0,0,0,0,SAFE
44.0236563861837,13.921359487013744,0,0,0,0,0,SAFE
29.48091579638607,11.720479126920281,1,1,0,0,0,MIXED
43.17531811140706,5.081751429666953,0,0,0,0,0,SAFE
47.239129263823045,23.8506854664507,0,0,0,0,0,SAFE
37.77081033076724,22.258321937717042,0,0,0,0,0,SAFE
41.122083220127735,26.471379815788133,1,0,0,0,1,MIXED
58.273205280464644,4.0633451806675325,2,0,1,1,0,UNSAFE
48.155875228373326,28.049645661627274,1,0,0,0,1,MIXED
34.23455727718534,9.248793317813398,0,0,0,0,0,SAFE
37.30898321416637,13.67218761463878,0,0,0,0,0,SAFE
39.14907595023503,13.017154119449179,0,0,0,0,0,SAFE
48.70390662622535,-3.958117218861563,1,0,0,1,0,MIXED
34.20885262686899,21.699280762098667,0,0,0,0,0,SAFE
46.422209188966995,4.414578059666095,1,0,0,1,0,MIXED
46.47761560242935,28.26866956819776,1,0,0,0,1,MIXED
41.60778788427592,4.920389779361136,1,0,0,1,0,MIXED
48.999634050513976,32.23045430970873,1,0,0,0,1,MIXED
34.910877572483486,15.392520739500336,0,0,0,0,0,SAFE
50.721245079096164,16.153587149631864,1,0,1,0,0,MIXED
28.021629335935316,19.434177187857983,1,1,0,0,0,MIXED
34.16953090941681,2.2927740100598637,1,0,0,1,0,MIXED
28.17801607211364,26.904072931656806,2,1,0,0,1,UNSAFE
35.32230944786059,18.33336180247872,0,0,0,0,0,SAFE
46.63163544463522,16.618189898152,0,0,0,0,0,SAFE
44.37256623979177,18.810480873994965,0,0,0,0,0,SAFE
43.10478149316315,7.398404856839761,0,0,0,0,0,SAFE
35.205302702787286,13.950184558240737,0,0,0,0,0,SAFE
40.99068761560787,19.293197324265748,0,0,0,0,0,SAFE
50.81320053732128,18.439053605694905,1,0,1,0,0,MIXED
35.51293024706271,-6.811558147306162,1,0,0,1,0,MIXED
35.84850235296541,1.5550963847347443,1,0,0,1,0,MIXED
36.157022381113606,17.422769888652113,0,0,0,0,0,SAFE
42.67512406270941,33.581776169382096,1,0,0,0,1,MIXED
45.86465241665749,34.091672833147015,1,0,0,0,1,MIXED
47.72111523191941,25.857067433050346,1,0,0,0,1,MIXED
39.128781827032334,4.254907166707083,1,0,0,1,0,MIXED
38.40832087359296,14.881304693220011,0,0,0,0,0,SAFE
36.97472892795983,4.988575755291487,1,0,0,1,0,MIXED
45.33470153936608,4.946028338027478,1,0,0,1,0,MIXED
29.732064415051756,3.779138861024043,2,1,0,1,0,UNSAFE
40.12515609389401,5.090808922354768,0,0,0,0,0,SAFE
40.17528077345192,21.004443052792098,0,0,0,0,0,SAFE
46.59554437490681,8.39174090910689,0,0,0,0,0,SAFE
31.568467303688404,9.243765348507926,0,0,0,0,0,SAFE
47.2451584782684,23.891962290445683,0,0,0,0,0,SAFE
44.82311936826682,27.0143605099542,1,0,0,0,1,MIXED
55.833616956954984,10.167720718704722,1,0,1,0,0,MIXED
53.89250603189192,12.394504792082563,1,0,1,0,0,MIXED
50.158789578080516,22.085724686727623,1,0,1,0,0,MIXED
26.183532645979007,5.337728650732098,1,1,0,0,0,MIXED
32.22969666951714,-2.820470316258877,1,0,0,1,0,MIXED
49.034519867165244,35.68771855120066,1,0,0,0,1,MIXED
39.93861996240757,23.541566653663793,0,0,0,0,0,SAFE
53.877002541525954,17.083317001827595,1,0,1,0,0,MIXED
41.79749548067968,12.543120722579078,0,0,0,0,0,SAFE
46.30047105763979,23.746940500325806,0,0,0,0,0,SAFE
45.694439248313444,19.27463075816867,0,0,0,0,0,SAFE
41.59037679033636,-0.9295452507277666,1,0,0,1,0,MIXED
49.18173111005277,2.1537488038515207,1,0,0,1,0,MIXED
46.95508513668657,22.557366499929543,0,0,0,0,0,SAFE
32.87654316407419,8.921992093948454,0,0,0,0,0,SAFE
58.97179641111796,14.205177621306184,1,0,1,0,0,MIXED
32.23829059652385,23.008792397130406,0,0,0,0,0,SAFE
35.81859835541455,-4.205240224540955,1,0,0,1,0,MIXED
46.158156384371736,5.833821842168716,0,0,0,0,0,SAFE
44.569506737779506,6.873099618976358,0,0,0,0,0,SAFE
47.65763355415748,16.834983246059355,0,0,0,0,0,SAFE
21.286331288328153,18.82012540704588,1,1,0,0,0,MIXED
39.68214937255688,29.167176421908053,1,0,0,0,1,MIXED
45.16166279212681,22.56157843753015,0,0,0,0,0,SAFE
36.3156735918326,7.099322491820367,0,0,0,0,0,SAFE
41.79480535151548,11.393838732061507,0,0,0,0,0,SAFE
52.70407241768065,13.466809412766725,1,0,1,0,0,MIXED
32.20142600013017,6.724190863113392,0,0,0,0,0,SAFE
49.72040867691204,13.327426557370732,0,0,0,0,0,SAFE
40.23430585640191,25.601875692177963,1,0,0,0,1,MIXED
34.68189448907567,-7.351762984273304,1,0,0,1,0,MIXED
35.17706682914686,17.42089088546341,0,0,0,0,0,SAFE
40.00390783729529,-0.6042962008443276,1,0,0,1,0,MIXED
50.128476250812405,16.634969460844484,1,0,1,0,0,MIXED
45.11211755770793,19.1961025978337,0,0,0,0,0,SAFE
31.61180603320084,18.028789164294906,0,0,0,0,0,SAFE
49.25963026561605,26.403102303706543,1,0,0,0,1,MIXED
47.77010660010362,20.131296585920246,0,0,0,0,0,SAFE
28.10062988183669,14.850653472225295,1,1,0,0,0,MIXED
34.347405204508426,27.821678819463585,1,0,0,0,1,MIXED
51.0430359390164,5.494711892798067,1,0,1,0,0,MIXED
41.632174530351875,17.48509443507107,0,0,0,0,0,SAFE
49.20633005991227,-1.7561824986745336,1,0,0,1,0,MIXED
24.32302148929894,15.381485108408215,1,1,0,0,0,MIXED
21.748665420996556,16.585724098120643,1,1,0,0,0,MIXED
46.737662188661936,27.360799083277733,1,0,0,0,1,MIXED
37.019453989952055,16.611816461351562,0,0,0,0,0,SAFE
47.212078717282594,3.242799915856425,1,0,0,1,0,MIXED
49.32278238201279,17.7434232522765,0,0,0,0,0,SAFE
37.15642935435352,16.41380572225596,0,0,0,0,0,SAFE
40.88532411856208,22.80073950247865,0,0,0,0,0,SAFE
39.11631927882454,17.270904933788593,0,0,0,0,0,SAFE
37.0325470547735,5.621571613082674,0,0,0,0,0,SAFE
43.37226233527879,6.0323233298143055,0,0,0,0,0,SAFE
48.40464233159059,20.922325321771236,0,0,0,0,0,SAFE
35.879084349248906,17.137804318731824,0,0,0,0,0,SAFE
35.84240079732787,-1.0431280580167588,1,0,0,1,0,MIXED
37.22219866042371,14.496831707272896,0,0,0,0,0,SAFE
46.17126979930827,16.49479930470339,0,0,0,0,0,SAFE
49.26139692022583,5.188338285834259,0,0,0,0,0,SAFE
38.986412896702724,31.443667017663252,1,0,0,0,1,MIXED
26.551359576393402,10.480456940740055,1,1,0,0,0,MIXED
33.42804841789881,13.046015957459211,0,0,0,0,0,SAFE
38.524420100511065,21.02155438090083,0,0,0,0,0,SAFE
44.044165275276036,1.9438242808971964,1,0,0,1,0,MIXED
37.2947034145673,14.998829508743135,0,0,0,0,0,SAFE
47.91504707231211,39.32956284679926,1,0,0,0,1,MIXED
47.62236631164333,4.875000794505144,1,0,0,1,0,MIXED
41.249237956806425,16.80976195033809,0,0,0,0,0,SAFE
37.84487303725183,19.702578059345438,0,0,0,0,0,SAFE
23.828983292796106,20.531496213279993,1,1,0,0,0,MIXED
38.18890062055622,13.902947683044752,0,0,0,0,0,SAFE
53.725783512212004,2.3848282439107784,2,0,1,1,0,UNSAFE
44.18175422883064,22.939215790064473,0,0,0,0,0,SAFE
43.36269166629041,-1.1419230552017616,1,0,0,1,0,MIXED
52.80317301841062,12.886459495936439,1,0,1,0,0,MIXED
37.77967319937577,11.895171178070804,0,0,0,0,0,SAFE
38.942828871955335,3.0982032725022375,1,0,0,1,0,MIXED
43.31960468861855,9.027669920859992,0,0,0,0,0,SAFE
47.367106177198636,20.175954936151804,0,0,0,0,0,SAFE
55.00535529411048,12.883668566273194,1,0,1,0,0,MIXED
35.57400199164147,0.3025766484728525,1,0,0,1,0,MIXED
59.54674708859851,21.621079965161336,1,0,1,0,0,MIXED
36.46064063056167,31.93155089267136,1,0,0,0,1,MIXED
52.849299071088254,1.4872249754486262,2,0,1,1,0,UNSAFE
35.97220099932822,13.6767515483963,0,0,0,0,0,SAFE
33.4393192319843,14.03420537089146,0,0,0,0,0,SAFE
47.69569557151831,1.2673914167770661,1,0,0,1,0,MIXED
44.3440043837915,26.684979754327053,1,0,0,0,1,MIXED
45.20176191416418,14.243836452199085,0,0,0,0,0,SAFE
36.65518592338995,23.30841872099351,0,0,0,0,0,SAFE
32.584639103615714,17.427918110951225,0,0,0,0,0,SAFE
42.20412586442652,26.25611026209709,1,0,0,0,1,MIXED
37.33800991144888,10.022641881068827,0,0,0,0,0,SAFE
32.06508103494861,19.37284274600409,0,0,0,0,0,SAFE
38.60947325574201,6.3792602273014865,0,0,0,0,0,SAFE
35.86546986658175,20.37105496462909,0,0,0,0,0,SAFE
33.176316002215486,4.85834035020317,1,0,0,1,0,MIXED
49.17089140413906,13.338794241705278,0,0,0,0,0,SAFE
49.643560687874455,11.406441846908344,0,0,0,0,0,SAFE
41.990992804826945,16.562992719362168,0,0,0,0,0,SAFE
53.09829013717459,28.0587282621027,2,0,1,0,1,UNSAFE
51.22589630553868,8.71181130064608,1,0,1,0,0,MIXED
34.10536344493426,22.607914630609066,0,0,0,0,0,SAFE
53.01407761840653,26.62818732118737,2,0,1,0,1,UNSAFE
42.10439405866736,22.2780854487415,0,0,0,0,0,SAFE
47.96310122468103,16.489427913794046,0,0,0,0,0,SAFE
43.538988997896,15.981953368028046,0,0,0,0,0,SAFE
35.69522773376878,8.139475624440474,0,0,0,0,0,SAFE
36.388077107922896,-0.9923677678250407,1,0,0,1,0,MIXED
43.14287941878728,14.594266271624408,0,0,0,0,0,SAFE
48.09571308546962,27.60717282979112,1,0,0,0,1,MIXED
52.59435491877223,29.184654583097515,2,0,1,0,1,UNSAFE
35.94335178168794,0.680407220128366,1,0,0,1,0,MIXED
49.44594862452346,28.821334382009006,1,0,0,0,1,MIXED
54.44793957768341,19.849962096923758,1,0,1,0,0,MIXED
26.026368419170986,18.656094634335926,1,1,0,0,0,MIXED
46.44352694327528,27.520750212585895,1,0,0,0,1,MIXED
53.43702955186587,24.096334033853346,1,0,1,0,0,MIXED
37.30176881363316,4.708826854473418,1,0,0,1,0,MIXED
46.271689214530454,7.075848895744347,0,0,0,0,0,SAFE
53.801096854738965,-2.0455893735192134,2,0,1,1,0,UNSAFE
46.53509289915734,18.19534974742489,0,0,0,0,0,SAFE
40.3458666597507,5.748837256952585,0,0,0,0,0,SAFE
25.5057895804555,9.685713139273165,1,1,0,0,0,MIXED
37.888934550128106,26.117366588484558,1,0,0,0,1,MIXED
35.73715489375899,19.527706135637917,0,0,0,0,0,SAFE
31.662081572465638,19.80248194083588,0,0,0,0,0,SAFE
24.098397182522657,35.952961779306946,2,1,0,0,1,UNSAFE
40.87145978561718,-10.0,1,0,0,1,0,MIXED
36.25800419552099,6.2433776691413385,0,0,0,0,0,SAFE
36.75345494506959,11.353586042011571,0,0,0,0,0,SAFE
36.69906277339526,6.835879229317875,0,0,0,0,0,SAFE
32.730536384009255,23.21789423933087,0,0,0,0,0,SAFE
51.60908492188997,12.45426176763712,1,0,1,0,0,MIXED
41.858906799741796,3.736691398074221,1,0,0,1,0,MIXED
42.5681655866914,17.299637621538196,0,0,0,0,0,SAFE
40.244811122289406,18.96074977769448,0,0,0,0,0,SAFE
44.4696702564082,4.4586061090942035,1,0,0,1,0,MIXED
51.54438010983166,12.923537401704246,1,0,1,0,0,MIXED
55.40457281533588,19.20420589419226,1,0,1,0,0,MIXED
57.76746504297466,26.752691693064463,2,0,1,0,1,UNSAFE
43.8175170251269,7.7689313338037636,0,0,0,0,0,SAFE
36.387460201844036,20.330342849825215,0,0,0,0,0,SAFE
43.14500867032734,9.109737640089143,0,0,0,0,0,SAFE
48.66447958088033,15.387713303560323,0,0,0,0,0,SAFE
48.71207852240581,5.245299332984425,0,0,0,0,0,SAFE
49.99577334406535,20.0099556934728,0,0,0,0,0,SAFE
51.58055731569523,24.774305007163385,1,0,1,0,0,MIXED
41.32037279433669,13.346254593566847,0,0,0,0,0,SAFE
56.264247940727536,12.094315306180413,1,0,1,0,0,MIXED
47.98746959070275,11.18613007810258,0,0,0,0,0,SAFE
27.104935358898807,2.726609021940467,2,1,0,1,0,UNSAFE
45.24736707889587,22.011316996051043,0,0,0,0,0,SAFE
45.27370727376128,26.459495013935026,1,0,0,0,1,MIXED
45.13008124187303,7.247652936659153,0,0,0,0,0,SAFE
46.75441745179011,16.69607960929963,0,0,0,0,0,SAFE
37.395535960403684,19.725193014668612,0,0,0,0,0,SAFE
42.63496132813957,8.949994491126523,0,0,0,0,0,SAFE
40.577073811496156,29.13567135542141,1,0,0,0,1,MIXED
53.047102528557176,16.881441392705412,1,0,1,0,0,MIXED
42.45813726309829,0.6695401273615929,1,0,0,1,0,MIXED
55.754920906930266,25.36341887367967,2,0,1,0,1,UNSAFE
48.01561256563461,-7.747307170906392,1,0,0,1,0,MIXED
42.32738120524637,13.728712916809123,0,0,0,0,0,SAFE
47.462523506404786,10.489691864542039,0,0,0,0,0,SAFE
40.14631826837185,21.194129389547033,0,0,0,0,0,SAFE
35.81137306329057,9.259573165906797,0,0,0,0,0,SAFE
43.54661311808769,28.384857033495734,1,0,0,0,1,MIXED
48.467757897786775,25.75404068932498,1,0,0,0,1,MIXED
42.506534449722324,29.95078023782975,1,0,0,0,1,MIXED
28.070540603989528,35.22239218401347,2,1,0,0,1,UNSAFE
59.214071801440284,19.566163495368905,1,0,1,0,0,MIXED
48.6581010994841,14.620001359947215,0,0,0,0,0,SAFE
40.323453095413306,8.891296246356628,0,0,0,0,0,SAFE
41.607903869884616,20.559334756057037,0,0,0,0,0,SAFE
45.35907077730737,34.86603071691238,1,0,0,0,1,MIXED
42.80219636642042,0.11171438654969457,1,0,0,1,0,MIXED
55.15448496978733,2.7904572174023095,2,0,1,1,0,UNSAFE
37.52487259595661,17.71743141350903,0,0,0,0,0,SAFE
45.3374006581058,0.5456168106944776,1,0,0,1,0,MIXED
36.02822210901104,0.1921753872746521,1,0,0,1,0,MIXED
46.97370450658048,26.833798847028856,1,0,0,0,1,MIXED
32.22529564602789,24.956599530478652,0,0,0,0,0,SAFE
49.4462299545973,8.409292100884969,0,0,0,0,0,SAFE
26.139367713057386,4.287439808052708,2,1,0,1,0,UNSAFE
37.237939304729665,30.416708468091937,1,0,0,0,1,MIXED
41.05357939987023,4.931720240096961,1,0,0,1,0,MIXED
43.18278843961552,2.046523291344176,1,0,0,1,0,MIXED
46.11472040165079,5.223359407282359,0,0,0,0,0,SAFE
35.339810078475395,18.754920484318923,0,0,0,0,0,SAFE
56.00186946241776,36.977875602358964,2,0,1,0,1,UNSAFE
33.68107595376366,9.033936732846808,0,0,0,0,0,SAFE
46.124258280298875,26.687893483087052,1,0,0,0,1,MIXED
24.687330483298215,15.873368189062992,1,1,0,0,0,MIXED
38.10285618748884,-4.240211990303109,1,0,0,1,0,MIXED
31.302657760061038,9.322255403590532,0,0,0,0,0,SAFE
42.47052015985964,25.081028602641446,1,0,0,0,1,MIXED
44.83478492065652,24.47539437167653,0,0,0,0,0,SAFE
42.2137946867781,7.9505405306300165,0,0,0,0,0,SAFE
40.530000369035406,21.95517347469211,0,0,0,0,0,SAFE
50.260497354614266,13.521253155561531,1,0,1,0,0,MIXED
34.56707790093569,18.356581594872363,0,0,0,0,0,SAFE
45.823847710737766,27.327190860531175,1,0,0,0,1,MIXED
36.56989701632316,8.322027457343129,0,0,0,0,0,SAFE
48.0492815803166,10.92566428990891,0,0,0,0,0,SAFE
38.402526538567166,27.541398701402436,1,0,0,0,1,MIXED
31.03195514975062,35.56203139775511,1,0,0,0,1,MIXED
37.09891669513738,23.66728402800712,0,0,0,0,0,SAFE
41.129602704597005,17.71362284872136,0,0,0,0,0,SAFE
39.897708001905904,23.56576652032974,0,0,0,0,0,SAFE
39.22140900784347,9.270535281548987,0,0,0,0,0,SAFE
56.50673460695993,15.29382697013692,1,0,1,0,0,MIXED
36.59443551184368,0.09713410088101426,1,0,0,1,0,MIXED
56.92462424828784,9.480746235447484,1,0,1,0,0,MIXED
58.49470590800918,18.98854351412882,1,0,1,0,0,MIXED
43.14308160241961,16.698438123279978,0,0,0,0,0,SAFE
59.72760751421356,-6.922185694208615,2,0,1,1,0,UNSAFE
43.714732156060045,12.347963924699428,0,0,0,0,0,SAFE
40.295252919335496,16.49311852141904,0,0,0,0,0,SAFE
39.86996680403099,16.881306671883056,0,0,0,0,0,SAFE
41.81138030275957,1.86441821815351,1,0,0,1,0,MIXED
45.05092830248703,22.160544516995806,0,0,0,0,0,SAFE
37.66347505993533,33.67896078224071,1,0,0,0,1,MIXED
52.68457396531275,23.439522991711712,1,0,1,0,0,MIXED
48.65456595222411,15.300969526098877,0,0,0,0,0,SAFE
51.130976837875366,30.707546120621018,2,0,1,0,1,UNSAFE
48.46419210249559,9.297166581876347,0,0,0,0,0,SAFE
41.682548493707195,20.736700329760897,0,0,0,0,0,SAFE
48.701959232369155,14.225227854564492,0,0,0,0,0,SAFE
37.46553162314343,30.84206987377832,1,0,0,0,1,MIXED
33.421442283848336,5.586682443670817,0,0,0,0,0,SAFE
31.38297752398869,5.564491803756759,0,0,0,0,0,SAFE
51.978759016952026,27.808327565132032,2,0,1,0,1,UNSAFE
41.40763572427864,19.963143955567805,0,0,0,0,0,SAFE
41.91596337900867,3.080231740470449,1,0,0,1,0,MIXED
59.74485606139547,28.74739965069977,2,0,1,0,1,UNSAFE
44.83535524263767,6.4411007760773025,0,0,0,0,0,SAFE
40.20052498264177,8.07574448580031,0,0,0,0,0,SAFE
42.780657927427754,18.099231745993485,0,0,0,0,0,SAFE
39.2709960495171,0.45587247092997885,1,0,0,1,0,MIXED
59.05647188572707,17.37526746831351,1,0,1,0,0,MIXED
45.65273600155542,10.775906139250143,0,0,0,0,0,SAFE
29.50391107736629,14.166994691021634,1,1,0,0,0,MIXED
39.414223928104796,22.09534380719577,0,0,0,0,0,SAFE
49.248620587009356,22.650294797093707,0,0,0,0,0,SAFE
49.90617868733719,33.03665807476598,1,0,0,0,1,MIXED
45.118813916284445,25.992158208098346,1,0,0,0,1,MIXED
45.950884590685824,-4.000353999779172,1,0,0,1,0,MIXED
40.76383773849833,6.322884930962164,0,0,0,0,0,SAFE
43.851466645634886,7.08989840686363,0,0,0,0,0,SAFE
46.845447120242696,24.810280981395948,0,0,0,0,0,SAFE
51.628560368161274,31.192615615242673,2,0,1,0,1,UNSAFE
28.59180732743286,3.0099996505318156,2,1,0,1,0,UNSAFE
65.42252148986495,25.095237198595438,2,0,1,0,1,UNSAFE
43.7955837683761,15.320375103118954,0,0,0,0,0,SAFE
41.54511882324065,-4.3374655753542015,1,0,0,1,0,MIXED
35.82136716301206,13.881524054953411,0,0,0,0,0,SAFE
36.273120996316905,9.14864009450585,0,0,0,0,0,SAFE
62.46985137584495,12.483469584335992,1,0,1,0,0,MIXED
44.224960066133846,17.425362850037217,0,0,0,0,0,SAFE
46.71567598898467,10.227172341298978,0,0,0,0,0,SAFE
51.97584998430946,19.435621936067356,1,0,1,0,0,MIXED
31.70268501020267,13.924960007703714,0,0,0,0,0,SAFE
40.62281343462568,12.818345446693773,0,0,0,0,0,SAFE
46.074374417784675,21.347251891792208,0,0,0,0,0,SAFE
46.133224662511886,18.38915358077563,0,0,0,0,0,SAFE
42.6851016612494,-6.512070041123074,1,0,0,1,0,MIXED
48.223141031505385,19.883540951064766,0,0,0,0,0,SAFE
34.12190978663007,17.805822783966413,0,0,0,0,0,SAFE
47.18350784864179,26.71247065225061,1,0,0,0,1,MIXED
46.082411545391096,18.216018068163674,0,0,0,0,0,SAFE
49.574178540005946,11.934599798058837,0,0,0,0,0,SAFE
45.29602575676042,8.788868057961771,0,0,0,0,0,SAFE
50.88237366097043,-1.097111142566721,2,0,1,1,0,UNSAFE
48.533897393202594,15.177089618480071,0,0,0,0,0,SAFE
49.723098645810346,7.194556296087022,0,0,0,0,0,SAFE
42.71986863053037,15.606300897312781,0,0,0,0,0,SAFE
45.471068480403645,4.524380493520194,1,0,0,1,0,MIXED
47.08972070467483,-3.458941280723568,1,0,0,1,0,MIXED
36.65726354306109,-0.6273000713919892,1,0,0,1,0,MIXED
48.625755197485006,19.00130777509036,0,0,0,0,0,SAFE
45.648309175189894,29.731893962485593,1,0,0,0,1,MIXED
39.472466646705584,21.095856814126602,0,0,0,0,0,SAFE
42.5281787774118,14.13765445331392,0,0,0,0,0,SAFE
52.45300665663117,35.81879363402041,2,0,1,0,1,UNSAFE
38.548266697092686,23.33719591519883,0,0,0,0,0,SAFE
44.552935301174486,18.311124224504418,0,0,0,0,0,SAFE
43.9774218322679,11.669220085388421,0,0,0,0,0,SAFE
13.320155512626382,30.348093245984884,2,1,0,0,1,UNSAFE
36.44213929862081,12.584428550493918,0,0,0,0,0,SAFE
40.237656799855294,7.161966067466222,0,0,0,0,0,SAFE
43.92192113596497,14.556875645779153,0,0,0,0,0,SAFE
36.2677121693637,16.49302016651355,0,0,0,0,0,SAFE
41.73562645633309,24.278385712881022,0,0,0,0,0,SAFE
31.27693769854614,6.946106791082169,0,0,0,0,0,SAFE
47.80238088669924,8.60257056551777,0,0,0,0,0,SAFE
34.772781899639334,9.09709058991389,0,0,0,0,0,SAFE
41.192170266484936,14.028210639329583,0,0,0,0,0,SAFE
40.320332511181334,4.714348515513503,1,0,0,1,0,MIXED
48.18527141802825,28.262197622576775,1,0,0,0,1,MIXED
26.716570508906152,-0.5354061742352627,2,1,0,1,0,UNSAFE
50.0228557981999,30.69796340625739,2,0,1,0,1,UNSAFE
24.966568226362106,23.15436501278834,1,1,0,0,0,MIXED
55.10303909159023,6.375877341671885,1,0,1,0,0,MIXED
54.637342615145684,13.22005719119994,1,0,1,0,0,MIXED
44.51709672458496,7.807666854529112,0,0,0,0,0,SAFE
50.00822820817111,23.344521176154668,1,0,1,0,0,MIXED
55.797674845838586,29.406073691102247,2,0,1,0,1,UNSAFE
41.92679964626212,46.08378615181897,1,0,0,0,1,MIXED
52.8063411877896,20.40516035045657,1,0,1,0,0,MIXED
34.02276481877111,-0.30032729227635,1,0,0,1,0,MIXED
30.439777143386713,5.663345130754543,0,0,0,0,0,SAFE
53.01842124712182,19.870889133375233,1,0,1,0,0,MIXED
37.09301453305233,13.641309891032925,0,0,0,0,0,SAFE
39.938028776576914,23.00050670523663,0,0,0,0,0,SAFE
34.969617900513356,18.496863861162428,0,0,0,0,0,SAFE
44.4006862075736,6.511319898470882,0,0,0,0,0,SAFE
54.70404823368279,12.044287934768716,1,0,1,0,0,MIXED
34.057999003550115,23.52879979520193,0,0,0,0,0,SAFE
42.43596461723714,19.084283126590545,0,0,0,0,0,SAFE
32.52256159846768,23.124162516419723,0,0,0,0,0,SAFE
59.37942691619644,2.371662702155369,2,0,1,1,0,UNSAFE
44.83367044791623,7.146903046499875,0,0,0,0,0,SAFE
63.5168484767797,27.3963247815025,2,0,1,0,1,UNSAFE
44.256858744239764,2.721325241305795,1,0,0,1,0,MIXED
34.11155140178994,22.462745056817887,0,0,0,0,0,SAFE
31.100062418260073,1.6888615525793185,1,0,0,1,0,MIXED
42.07065012134302,16.334166695435744,0,0,0,0,0,SAFE
45.04025125755435,10.604747021828864,0,0,0,0,0,SAFE
49.36117236904868,6.381852870235733,0,0,0,0,0,SAFE
47.01315482845153,17.141206786681252,0,0,0,0,0,SAFE
46.80519268502826,26.819980519255385,1,0,0,0,1,MIXED
38.357341239160945,8.389224681805715,0,0,0,0,0,SAFE
28.49284995078733,-5.190020959228363,2,1,0,1,0,UNSAFE
40.59220673544418,13.924771191303863,0,0,0,0,0,SAFE
33.31133500844939,6.289003001315583,0,0,0,0,0,SAFE
54.18763085836743,23.75839780302813,1,0,1,0,0,MIXED
31.90714500222701,10.576519488810948,0,0,0,0,0,SAFE
45.248021533251226,8.735489756394587,0,0,0,0,0,SAFE
35.53043747675654,11.617542162174683,0,0,0,0,0,SAFE
50.72528708265979,26.814013025187393,2,0,1,0,1,UNSAFE
36.11642545766184,19.605510946343113,0,0,0,0,0,SAFE
41.948705976978,4.917645075139493,1,0,0,1,0,MIXED
39.62340389399965,2.3576581200236078,1,0,0,1,0,MIXED
51.30444189722476,30.52472042655303,2,0,1,0,1,UNSAFE
38.71541534740728,8.509206874556869,0,0,0,0,0,SAFE
50.43675550118861,27.16148940980018,2,0,1,0,1,UNSAFE
33.08470878485988,13.519553312473498,0,0,0,0,0,SAFE
41.52849289703013,7.292237263450811,0,0,0,0,0,SAFE
45.087853552699585,8.000546649160489,0,0,0,0,0,SAFE
37.677914037148994,13.986572701649589,0,0,0,0,0,SAFE
30.087501742197126,-5.564532699766428,1,0,0,1,0,MIXED
49.346178933106614,7.59676910888153,0,0,0,0,0,SAFE
59.07891266420032,34.718379250836605,2,0,1,0,1,UNSAFE
37.94817102624756,38.39052995582627,1,0,0,0,1,MIXED
49.50059623510061,8.546861970569235,0,0,0,0,0,SAFE
21.345282081501804,21.881551376003266,1,1,0,0,0,MIXED
42.25036699904916,19.31361585743699,0,0,0,0,0,SAFE
40.169310587964404,3.5614306940113565,1,0,0,1,0,MIXED
38.58378668463061,22.066372859450397,0,0,0,0,0,SAFE
39.16499706100631,11.395821426573926,0,0,0,0,0,SAFE
29.84490329553883,15.912004817782751,1,1,0,0,0,MIXED
33.10454446809976,24.185261996981126,0,0,0,0,0,SAFE
36.127192798158546,12.04295909504243,0,0,0,0,0,SAFE
59.31186852595498,11.934257772994123,1,0,1,0,0,MIXED
38.475401470935395,20.856219858989306,0,0,0,0,0,SAFE
27.717905582194774,27.50809321778526,2,1,0,0,1,UNSAFE
49.95152034764476,20.244517448747253,0,0,0,0,0,SAFE
14.983220052189523,12.405883015242233,1,1,0,0,0,MIXED
31.817070191957335,26.241067839595402,1,0,0,0,1,MIXED
50.42048869804809,18.880098898307736,1,0,1,0,0,MIXED
32.3751104228799,29.942942105249305,1,0,0,0,1,MIXED
39.901910887844096,33.05371066900565,1,0,0,0,1,MIXED
44.12309653490119,20.06808018916648,0,0,0,0,0,SAFE
38.31756492349976,29.06955577781809,1,0,0,0,1,MIXED
46.86747107434887,29.428916925146215,1,0,0,0,1,MIXED
43.42032958837632,14.529613407442005,0,0,0,0,0,SAFE
46.76104130319049,29.42540509091208,1,0,0,0,1,MIXED
50.13387445791338,16.382238071542726,1,0,1,0,0,MIXED
27.1422519389768,23.103860393713234,1,1,0,0,0,MIXED
30.490361620368066,15.350057561523382,0,0,0,0,0,SAFE
41.0738705010354,0.8223151693438684,1,0,0,1,0,MIXED
44.98002471899066,36.54317740207277,1,0,0,0,1,MIXED
39.49915575056064,22.6587966241313,0,0,0,0,0,SAFE
60.84551870993687,23.626132190088736,1,0,1,0,0,MIXED
36.84125353873817,17.37014796122748,0,0,0,0,0,SAFE
45.846241464874524,29.338131332739618,1,0,0,0,1,MIXED
51.71240272510468,-10.0,2,0,1,1,0,UNSAFE
35.150363582430586,14.299732773863985,0,0,0,0,0,SAFE
33.87770349969844,-10.0,1,0,0,1,0,MIXED
36.19505209799458,14.963893925123383,0,0,0,0,0,SAFE
37.797722537508484,5.030567449236594,0,0,0,0,0,SAFE
42.33171699827863,18.4308817525213,0,0,0,0,0,SAFE
38.25122308827623,28.717438224736718,1,0,0,0,1,MIXED
42.46171532703581,6.284863303651196,0,0,0,0,0,SAFE
33.00370142120133,12.870301967413383,0,0,0,0,0,SAFE
50.90736522829964,6.763112908568663,1,0,1,0,0,MIXED
46.76703587197361,15.945569100143128,0,0,0,0,0,SAFE
57.94586375603741,18.902514636605694,1,0,1,0,0,MIXED
36.41419008459312,22.363695287646863,0,0,0,0,0,SAFE
48.160175927167764,11.029889877041853,0,0,0,0,0,SAFE
32.68803436535992,20.360351912265706,0,0,0,0,0,SAFE
42.50812141412001,-0.1655009173755353,1,0,0,1,0,MIXED
44.036167991924906,8.630071019787938,0,0,0,0,0,SAFE
29.875183665100153,11.478836566116982,1,1,0,0,0,MIXED
52.2633498736549,27.08061500088057,2,0,1,0,1,UNSAFE
49.57401681605894,17.692328900921233,0,0,0,0,0,SAFE
46.76637762684079,15.986445814780016,0,0,0,0,0,SAFE
33.15959339028425,5.9449810114756545,0,0,0,0,0,SAFE
37.14255259553836,29.013590766363293,1,0,0,0,1,MIXED
50.613525848963555,4.201224366731747,2,0,1,1,0,UNSAFE
42.4271289233296,10.973928572472724,0,0,0,0,0,SAFE
40.759195685594534,9.63957181047773,0,0,0,0,0,SAFE
53.24553298245022,14.810934631263647,1,0,1,0,0,MIXED
43.72925443681019,17.24258206133323,0,0,0,0,0,SAFE
33.77783860031184,16.085536978405273,0,0,0,0,0,SAFE
50.49853457429473,29.726909854807058,2,0,1,0,1,UNSAFE
32.81748025824446,-0.1860123738872872,1,0,0,1,0,MIXED
42.497076640332175,26.09187575735034,1,0,0,0,1,MIXED
44.8767716342695,21.802960760798054,0,0,0,0,0,SAFE
31.11800783274782,9.280125157300056,0,0,0,0,0,SAFE
24.431101553656784,13.575119507540416,1,1,0,0,0,MIXED
24.686244473253826,28.326617018404775,2,1,0,0,1,UNSAFE
54.43857174327148,16.406434920617656,1,0,1,0,0,MIXED
29.899415138576558,18.757126539131768,1,1,0,0,0,MIXED
56.87306046768754,19.757354996869275,1,0,1,0,0,MIXED
51.47987192392736,10.148346883037801,1,0,1,0,0,MIXED
35.03031961733293,14.291379908373507,0,0,0,0,0,SAFE
26.58635716047416,37.640885613139446,2,1,0,0,1,UNSAFE
43.11720037184394,23.667729543670077,0,0,0,0,0,SAFE
38.307931772830344,-0.4308636985828773,1,0,0,1,0,MIXED
53.40651864544701,3.758997187233682,2,0,1,1,0,UNSAFE
44.79071010855394,19.430848113194525,0,0,0,0,0,SAFE
42.59161042943107,7.154157638178015,0,0,0,0,0,SAFE
40.80294210379015,5.499491739576197,0,0,0,0,0,SAFE
48.4734215404715,20.71546927498214,0,0,0,0,0,SAFE
41.82878053521682,9.316485283049696,0,0,0,0,0,SAFE
58.85854319825613,1.9793601384666388,2,0,1,1,0,UNSAFE
29.643095225113264,14.17994019371977,1,1,0,0,0,MIXED
39.93562138743275,25.975824547543823,1,0,0,0,1,MIXED
47.16893163957338,15.295255869820396,0,0,0,0,0,SAFE
46.002702262555786,19.821657482496583,0,0,0,0,0,SAFE
58.828453761455606,17.533633904954346,1,0,1,0,0,MIXED
36.551382938564046,16.985010998282107,0,0,0,0,0,SAFE
21.05056469383807,14.673524585796377,1,1,0,0,0,MIXED
50.743859768847905,21.021841188704215,1,0,1,0,0,MIXED
44.3884483491654,21.49239155570494,0,0,0,0,0,SAFE
50.82605235902173,29.252334072981874,2,0,1,0,1,UNSAFE
45.57964720231567,11.838885654873087,0,0,0,0,0,SAFE
23.491824075521794,24.78173427007729,1,1,0,0,0,MIXED
46.12162010883122,16.526594875158008,0,0,0,0,0,SAFE
36.4955880384461,24.65152003340556,0,0,0,0,0,SAFE
39.94210859337495,14.65577888954016,0,0,0,0,0,SAFE
41.552091286654054,19.498517181654982,0,0,0,0,0,SAFE
32.81094391175897,20.62551861907346,0,0,0,0,0,SAFE
36.23289314553578,8.141962931008443,0,0,0,0,0,SAFE
49.081920380461995,5.0497153890442945,0,0,0,0,0,SAFE
49.06753920808372,16.01366724708905,0,0,0,0,0,SAFE
28.813786009039422,28.644758516464996,2,1,0,0,1,UNSAFE
44.482029818107954,18.9412586588987,0,0,0,0,0,SAFE
50.057938484678075,29.992207445612983,2,0,1,0,1,UNSAFE
43.60821516972902,21.172873224960682,0,0,0,0,0,SAFE
44.96948744493941,11.571322932983204,0,0,0,0,0,SAFE
29.332509576838845,17.149220591042084,1,1,0,0,0,MIXED
53.03150264515645,20.833329633576568,1,0,1,0,0,MIXED
33.46061447218847,25.975215056449056,1,0,0,0,1,MIXED
39.52424118514928,-5.920258724950045,1,0,0,1,0,MIXED
50.14323052146017,5.546193759068872,1,0,1,0,0,MIXED
56.24582698494328,26.477734005974185,2,0,1,0,1,UNSAFE
40.17760581069472,19.59359845754463,0,0,0,0,0,SAFE
61.39134852524083,25.00007037836985,2,0,1,0,1,UNSAFE
43.905600198276716,43.8915399420627,1,0,0,0,1,MIXED
42.94064808765191,20.818148188788363,0,0,0,0,0,SAFE
34.510294487525925,-1.7471886559488965,1,0,0,1,0,MIXED
39.69758166441317,15.384080843685187,0,0,0,0,0,SAFE
44.63410867527887,0.802289532257527,1,0,0,1,0,MIXED
47.28539457694358,6.696144759563232,0,0,0,0,0,SAFE
46.86987487515532,24.349264828436507,0,0,0,0,0,SAFE
38.83592727957897,5.361810677324005,0,0,0,0,0,SAFE
54.349194539069025,23.72912094299196,1,0,1,0,0,MIXED
43.215810670779256,29.68427763679853,1,0,0,0,1,MIXED
42.66609379180411,8.79492789805349,0,0,0,0,0,SAFE
33.986383485017924,13.92200864646357,0,0,0,0,0,SAFE
48.173763823852745,28.897592151078182,1,0,0,0,1,MIXED
42.1880817282758,27.131249279356773,1,0,0,0,1,MIXED
40.28584454798375,7.1840198134414575,0,0,0,0,0,SAFE
31.549494129596894,9.937600376581337,0,0,0,0,0,SAFE
31.85074058040276,35.095116311902004,1,0,0,0,1,MIXED
45.514371410474766,14.043851508356884,0,0,0,0,0,SAFE
55.77601409876459,1.9773263102849512,2,0,1,1,0,UNSAFE
40.90285731283405,34.996737921018614,1,0,0,0,1,MIXED
40.84767594620266,39.468137784045275,1,0,0,0,1,MIXED
48.28483871553231,28.059259086322328,1,0,0,0,1,MIXED
52.679158587638966,15.016024602480377,1,0,1,0,0,MIXED
38.09430668323539,13.845596801195867,0,0,0,0,0,SAFE
34.104539973490986,14.34037116770206,0,0,0,0,0,SAFE
41.964751606040316,31.89234995319204,1,0,0,0,1,MIXED
46.74620568581982,38.62617557786872,1,0,0,0,1,MIXED
24.723647218848413,2.829562999700574,2,1,0,1,0,UNSAFE
39.15723737867707,29.92494464014205,1,0,0,0,1,MIXED
41.123382397733224,0.3217316434874853,1,0,0,1,0,MIXED
40.0390045108083,3.0240174224508607,1,0,0,1,0,MIXED
30.85099385480156,34.988278176539,1,0,0,0,1,MIXED
39.18712906655479,16.731528628025135,0,0,0,0,0,SAFE
41.25634922265531,12.485043753915518,0,0,0,0,0,SAFE
35.27471174169893,11.89365395828353,0,0,0,0,0,SAFE
44.69788382819318,29.186353120639538,1,0,0,0,1,MIXED
49.57948509243259,2.8093310254491666,1,0,0,1,0,MIXED
49.90825934589284,19.75438011527369,0,0,0,0,0,SAFE
37.00223199509203,16.820970961865687,0,0,0,0,0,SAFE
46.57829746919919,15.470529478228755,0,0,0,0,0,SAFE
45.84194667325377,6.3704898307619935,0,0,0,0,0,SAFE
57.942656353972104,-4.292847289782252,2,0,1,1,0,UNSAFE
46.62280978662513,18.667634630103226,0,0,0,0,0,SAFE
47.14354714761372,7.916296483517378,0,0,0,0,0,SAFE
51.353576226664444,13.920193183216877,1,0,1,0,0,MIXED
32.510280487440525,4.051896117240437,1,0,0,1,0,MIXED
42.9976405507007,-0.9652152346149112,1,0,0,1,0,MIXED
56.40404786753937,25.489212805426362,2,0,1,0,1,UNSAFE
56.61475456680798,32.214234891089006,2,0,1,0,1,UNSAFE
39.18474828158726,6.306705373498234,0,0,0,0,0,SAFE
20.577818542686515,10.937658751070346,1,1,0,0,0,MIXED
56.12522284668762,6.721493425027955,1,0,1,0,0,MIXED
40.32063204108995,9.45429750917117,0,0,0,0,0,SAFE
44.99996122886172,27.860846842143108,1,0,0,0,1,MIXED
29.686315059883867,1.5222401836940733,2,1,0,1,0,UNSAFE
53.89296031419484,22.330668744518096,1,0,1,0,0,MIXED
39.92495550921233,32.0708276192641,1,0,0,0,1,MIXED
31.079768908880766,24.312134911910327,0,0,0,0,0,SAFE
41.454095129088,21.06543836012893,0,0,0,0,0,SAFE
22.902783102997812,12.392966401056507,1,1,0,0,0,MIXED
47.89437372829097,14.36669781605171,0,0,0,0,0,SAFE
52.04238218240681,27.218050071407866,2,0,1,0,1,UNSAFE
34.33149099823527,23.239926513336805,0,0,0,0,0,SAFE
34.05869874217408,15.540154411547565,0,0,0,0,0,SAFE
47.249025994460965,6.647170687394182,0,0,0,0,0,SAFE
48.29540948451506,9.94644253848097,0,0,0,0,0,SAFE
37.354419780701214,22.066509835397156,0,0,0,0,0,SAFE
35.31221645053265,6.13164530636905,0,0,0,0,0,SAFE
50.32924832024066,16.08557151924934,1,0,1,0,0,MIXED
30.367044037573642,23.556413783882107,0,0,0,0,0,SAFE
38.74719014205244,0.9698666043853486,1,0,0,1,0,MIXED
21.94147991070688,24.034142970324087,1,1,0,0,0,MIXED
35.12065547110743,2.5615522870149867,1,0,0,1,0,MIXED
47.11522264308793,23.05791596308854,0,0,0,0,0,SAFE
35.70317601124297,24.12640659605978,0,0,0,0,0,SAFE
58.43914336890502,28.46663270971097,2,0,1,0,1,UNSAFE
51.52845676157565,18.1412912213253,1,0,1,0,0,MIXED
38.45025435576862,14.44113947103244,0,0,0,0,0,SAFE
45.5259328293021,2.424880413450998,1,0,0,1,0,MIXED
35.844944739148325,0.7224985701741549,1,0,0,1,0,MIXED
43.8814929783313,15.83053922395537,0,0,0,0,0,SAFE
36.778330676251095,23.20499205379741,0,0,0,0,0,SAFE
33.64319707257353,8.101652598227602,0,0,0,0,0,SAFE
48.244211879300046,24.288157801261377,0,0,0,0,0,SAFE
35.63419037832925,17.320426047432406,0,0,0,0,0,SAFE
35.769542073767745,13.026604664226959,0,0,0,0,0,SAFE
43.15069915321251,20.603661988159345,0,0,0,0,0,SAFE
44.54047210794488,17.731623405402427,0,0,0,0,0,SAFE
33.37201330314396,18.882766393074977,0,0,0,0,0,SAFE
46.40852280957039,21.889345300871327,0,0,0,0,0,SAFE
36.2438385642329,24.155856165836077,0,0,0,0,0,SAFE
31.4621211057854,10.69181845955951,0,0,0,0,0,SAFE
39.795847341646684,2.3759093749670086,1,0,0,1,0,MIXED
39.67431190796157,17.21480914344801,0,0,0,0,0,SAFE
27.393822545333315,11.053116162291545,1,1,0,0,0,MIXED
28.01279254189341,35.41538784316944,2,1,0,0,1,UNSAFE
43.69992973547187,16.258292838310076,0,0,0,0,0,SAFE
43.85658729327313,21.045206306008325,0,0,0,0,0,SAFE
49.825238798676224,-0.6355392881466315,1,0,0,1,0,MIXED
52.48142077941406,27.458252940172546,2,0,1,0,1,UNSAFE
41.46922711313967,13.812713093168004,0,0,0,0,0,SAFE
17.177913627007417,2.5600883779841137,2,1,0,1,0,UNSAFE
46.15079421010526,27.006174663098918,1,0,0,0,1,MIXED
47.83069537693438,14.242849342217106,0,0,0,0,0,SAFE
57.40698160454755,25.051755563671385,2,0,1,0,1,UNSAFE
38.84938865004076,36.82110651953414,1,0,0,0,1,MIXED
33.2306621223472,0.2815977946254371,1,0,0,1,0,MIXED
38.631156903008616,7.413598219794149,0,0,0,0,0,SAFE
39.08054708410481,22.980906964011155,0,0,0,0,0,SAFE
41.72816342716257,14.917032323802147,0,0,0,0,0,SAFE
42.47051852967123,-8.123254929747866,1,0,0,1,0,MIXED
29.877915936655462,11.146887345705784,1,1,0,0,0,MIXED
35.2565695892181,12.682125128538821,0,0,0,0,0,SAFE
53.23302703686472,14.255505026068025,1,0,1,0,0,MIXED
31.422654258216113,7.069002127353264,0,0,0,0,0,SAFE
55.68460727193803,30.32493971459015,2,0,1,0,1,UNSAFE
46.76701948519106,-0.6248307069533006,1,0,0,1,0,MIXED
44.454439480833194,18.83697099150702,0,0,0,0,0,SAFE
42.204321667121924,9.299889443906405,0,0,0,0,0,SAFE
39.09895164904204,8.602850928129278,0,0,0,0,0,SAFE
32.83940833312781,28.65987835468244,1,0,0,0,1,MIXED
49.05851036023756,12.1507055741669,0,0,0,0,0,SAFE
44.81742646694216,18.897008903905352,0,0,0,0,0,SAFE
60.7430684646085,23.725686809157047,1,0,1,0,0,MIXED
48.67815694982484,15.379810130693345,0,0,0,0,0,SAFE
38.52460833271859,28.82710252661615,1,0,0,0,1,MIXED
47.218176940529474,6.7045804594560074,0,0,0,0,0,SAFE
45.6309324347187,23.37386088420812,0,0,0,0,0,SAFE
25.233352349657107,5.7761320741533275,1,1,0,0,0,MIXED
44.90211860831925,-4.244613038287561,1,0,0,1,0,MIXED
27.87095067291765,12.295382596057387,1,1,0,0,0,MIXED
45.93235407275954,20.377837069011182,0,0,0,0,0,SAFE
54.65919642153169,15.82263887889499,1,0,1,0,0,MIXED
39.01877717231583,1.9264041384475163,1,0,0,1,0,MIXED
38.922979068583714,22.075293079967274,0,0,0,0,0,SAFE
48.021777627896945,17.646190067284927,0,0,0,0,0,SAFE
46.376919482357735,27.763835590745916,1,0,0,0,1,MIXED
42.60217474495967,28.67318837750235,1,0,0,0,1,MIXED
36.18682528560523,14.267089554595094,0,0,0,0,0,SAFE
38.15333416111664,22.92705131739008,0,0,0,0,0,SAFE
33.88412442726841,11.782345244965091,0,0,0,0,0,SAFE
27.122588073418772,20.943760855698613,1,1,0,0,0,MIXED
51.974322205803865,24.107079513000965,1,0,1,0,0,MIXED
48.50102090775822,23.394003959799484,0,0,0,0,0,SAFE
47.59755062749204,21.143956225060794,0,0,0,0,0,SAFE
47.43130766102901,8.443178700924411,0,0,0,0,0,SAFE
40.39845245184123,15.702432607085129,0,0,0,0,0,SAFE
39.31435889040389,-0.6630963603483977,1,0,0,1,0,MIXED
32.1199281048485,17.29976115023474,0,0,0,0,0,SAFE
49.24620726977535,15.093419091597065,0,0,0,0,0,SAFE
64.11857489483356,5.802375698447298,1,0,1,0,0,MIXED
45.559537136525584,27.912026106494416,1,0,0,0,1,MIXED
50.52541696932463,21.550668617746183,1,0,1,0,0,MIXED
50.56203179073688,15.553943476577,1,0,1,0,0,MIXED
55.303053958564405,27.831591063542618,2,0,1,0,1,UNSAFE
35.18217919431563,18.215679376343868,0,0,0,0,0,SAFE
29.621626963785182,30.217889732357094,2,1,0,0,1,UNSAFE
43.793851528253875,28.48772844067013,1,0,0,0,1,MIXED
41.125139961857364,-3.5626749876531107,1,0,0,1,0,MIXED
63.09894032855993,16.3108854718724,1,0,1,0,0,MIXED
33.9983310127856,26.457622883908886,1,0,0,0,1,MIXED
58.28685824995436,12.975618255429865,1,0,1,0,0,MIXED
41.206060714184225,17.38046234711579,0,0,0,0,0,SAFE
33.1122349475832,8.093325504186305,0,0,0,0,0,SAFE
56.25540691492017,13.677935621004853,1,0,1,0,0,MIXED
35.29954417579832,10.479581036367254,0,0,0,0,0,SAFE
50.58258949864108,-4.758968851249389,2,0,1,1,0,UNSAFE
44.0371991788308,39.62218745042462,1,0,0,0,1,MIXED
58.24850101831224,20.73202780818673,1,0,1,0,0,MIXED
52.53154088035184,28.06826284796275,2,0,1,0,1,UNSAFE
40.99318397208721,24.247938033643067,0,0,0,0,0,SAFE
56.30866415029885,2.3623775687586885,2,0,1,1,0,UNSAFE
46.61320701985277,18.61475448088552,0,0,0,0,0,SAFE
42.82531587979369,15.146333056653804,0,0,0,0,0,SAFE
43.85335978024343,18.15572197849485,0,0,0,0,0,SAFE
50.948922342905426,19.7651466322718,1,0,1,0,0,MIXED
40.57698724258903,6.600785425089708,0,0,0,0,0,SAFE
38.2204598573837,17.611661028790305,0,0,0,0,0,SAFE
36.35143409694138,24.45877088714622,0,0,0,0,0,SAFE
45.44044112538284,26.435274200570102,1,0,0,0,1,MIXED
36.88944623226379,6.68932335351751,0,0,0,0,0,SAFE
51.08845781014132,16.29953956667554,1,0,1,0,0,MIXED
40.37986296878488,21.986604956523962,0,0,0,0,0,SAFE
47.29159390916582,2.442362632667079,1,0,0,1,0,MIXED
53.07716098468872,10.895930565846262,1,0,1,0,0,MIXED
55.60014438193524,1.6645138643633732,2,0,1,1,0,UNSAFE
44.53919105984249,13.14378799061524,0,0,0,0,0,SAFE
26.19812258852653,21.582079780516633,1,1,0,0,0,MIXED
26.608503786039954,12.083331390329741,1,1,0,0,0,MIXED
50.8342038217295,9.699640227049612,1,0,1,0,0,MIXED
34.770126787875846,23.0035647056201,0,0,0,0,0,SAFE
40.003855595764804,10.94940305310178,0,0,0,0,0,SAFE
52.19993981735458,3.3272126484542284,2,0,1,1,0,UNSAFE
38.323141956236626,23.66447011069771,0,0,0,0,0,SAFE
32.14442115592386,32.75347159736194,1,0,0,0,1,MIXED
40.26522011946582,23.74527381412365,0,0,0,0,0,SAFE
48.979481424180335,13.477120760375724,0,0,0,0,0,SAFE
38.16790310522753,14.570354380458038,0,0,0,0,0,SAFE
47.701473979923,5.135751560391423,0,0,0,0,0,SAFE
32.37393129015117,29.84202721753623,1,0,0,0,1,MIXED
36.12115943653683,18.54083882028403,0,0,0,0,0,SAFE
40.38236632880717,13.421343887765877,0,0,0,0,0,SAFE
53.44311777110116,14.148308122424762,1,0,1,0,0,MIXED
39.14539097425698,12.302843637251073,0,0,0,0,0,SAFE
37.97233264737996,8.29909307374956,0,0,0,0,0,SAFE
38.00442509667296,31.632101128886156,1,0,0,0,1,MIXED
47.691910616483405,11.548034511403277,0,0,0,0,0,SAFE
49.85324507695058,-0.8719380138737023,1,0,0,1,0,MIXED
53.005426813725364,27.951557698269227,2,0,1,0,1,UNSAFE
59.89067211218913,25.11551439078657,2,0,1,0,1,UNSAFE
45.49787635092137,27.911403848681488,1,0,0,0,1,MIXED
36.99352454901123,11.045835082978499,0,0,0,0,0,SAFE
41.48604145237249,28.688815309003928,1,0,0,0,1,MIXED
35.152973177742126,5.37938302430341,0,0,0,0,0,SAFE
43.89230462565614,22.175304970758656,0,0,0,0,0,SAFE
36.37535539247939,21.704179527719333,0,0,0,0,0,SAFE
52.94719473640323,27.004616934835248,2,0,1,0,1,UNSAFE
44.82634214822593,14.094022511110223,0,0,0,0,0,SAFE
55.88498908517931,15.15403994491451,1,0,1,0,0,MIXED
49.52283695692164,34.58281479185577,1,0,0,0,1,MIXED
48.68214463703947,5.029087670929872,0,0,0,0,0,SAFE
32.0878177495337,12.023705799368996,0,0,0,0,0,SAFE
47.6759929876658,19.447858668440134,0,0,0,0,0,SAFE
59.65665652370939,19.35056287761407,1,0,1,0,0,MIXED
39.38047026599493,3.6665789689010975,1,0,0,1,0,MIXED
51.44349902317876,14.939387707917488,1,0,1,0,0,MIXED
29.950881854138146,15.222606029152695,1,1,0,0,0,MIXED
34.03409511098394,10.743624896501846,0,0,0,0,0,SAFE
42.04953581154133,5.948219516650093,0,0,0,0,0,SAFE
38.099006648349146,7.558801658866811,0,0,0,0,0,SAFE
36.261686429438114,4.919794828684399,1,0,0,1,0,MIXED
38.13788348317502,6.053015582260468,0,0,0,0,0,SAFE
46.69267292780676,17.008000535302905,0,0,0,0,0,SAFE
51.557721799926306,33.86703390437603,2,0,1,0,1,UNSAFE
47.418600111374154,19.49587024633308,0,0,0,0,0,SAFE
47.92269817835915,19.66588817002159,0,0,0,0,0,SAFE
42.40159476341274,14.706741936526013,0,0,0,0,0,SAFE
33.82664028750375,23.389195543048395,0,0,0,0,0,SAFE
41.749641521133356,29.495189742906422,1,0,0,0,1,MIXED
49.32108722868253,8.740483777240225,0,0,0,0,0,SAFE
51.97352837519004,-10.0,2,0,1,1,0,UNSAFE
57.4418059596625,1.6155472225033485,2,0,1,1,0,UNSAFE
45.96089743336696,19.27416166147528,0,0,0,0,0,SAFE
50.989734894734,11.71303192695588,1,0,1,0,0,MIXED
24.835852225103555,11.72712088619444,1,1,0,0,0,MIXED
40.246701580002735,-5.491920166173038,1,0,0,1,0,MIXED
42.362972871685905,4.241485113354546,1,0,0,1,0,MIXED
47.192680824747626,12.53920264173486,0,0,0,0,0,SAFE
57.688759084157866,12.43821343159518,1,0,1,0,0,MIXED
45.443130130729564,12.869284935404966,0,0,0,0,0,SAFE
29.01385449231673,12.952869948625043,1,1,0,0,0,MIXED
48.02730752937183,21.019898056649623,0,0,0,0,0,SAFE
39.65385809737706,0.4324388308403506,1,0,0,1,0,MIXED
47.15566870186629,19.194865854634887,0,0,0,0,0,SAFE
48.74728683082079,12.258878047653774,0,0,0,0,0,SAFE
28.52500165752354,20.337601830766953,1,1,0,0,0,MIXED
41.926857879412125,28.916837734001128,1,0,0,0,1,MIXED
42.22986425957134,14.545331108104984,0,0,0,0,0,SAFE
45.338035774927846,9.030689311988688,0,0,0,0,0,SAFE
36.838914231011444,14.02104733662058,0,0,0,0,0,SAFE
34.636749533840224,12.709045345340346,0,0,0,0,0,SAFE
57.516490859589595,25.42633726726367,2,0,1,0,1,UNSAFE
44.4643035311972,30.516772609549182,1,0,0,0,1,MIXED
35.40083121594684,39.90439869879995,1,0,0,0,1,MIXED
38.31597985952218,35.0380589550918,1,0,0,0,1,MIXED
57.99522438223719,-2.5322980679720537,2,0,1,1,0,UNSAFE
53.73673714513451,12.160908595473234,1,0,1,0,0,MIXED
37.45625234145544,20.24638120164986,0,0,0,0,0,SAFE
33.93667740196193,20.019970879162784,0,0,0,0,0,SAFE
34.47364414161947,16.770792792618188,0,0,0,0,0,SAFE
52.682900632721186,18.865179354324532,1,0,1,0,0,MIXED
39.121667301750826,20.4141111083792,0,0,0,0,0,SAFE
30.7481580639608,6.611392158039658,0,0,0,0,0,SAFE
38.55783951594388,22.868502461181258,0,0,0,0,0,SAFE
45.24639003057143,20.351664545013417,0,0,0,0,0,SAFE
41.78093960871653,7.1190035399743525,0,0,0,0,0,SAFE
53.904935492554685,8.0220654553234,1,0,1,0,0,MIXED
45.35231159764656,13.8789534684625,0,0,0,0,0,SAFE
46.50394533627725,8.945130147830636,0,0,0,0,0,SAFE
50.421417287096396,28.782779158359368,2,0,1,0,1,UNSAFE
49.93058465997097,16.576253259736482,0,0,0,0,0,SAFE
38.518998031170526,43.22111783859559,1,0,0,0,1,MIXED
34.06700364190425,23.812295517201328,0,0,0,0,0,SAFE
44.66227910461299,14.374625578212786,0,0,0,0,0,SAFE
43.48130351787212,9.897846966386977,0,0,0,0,0,SAFE
45.416444345961985,18.168244859600676,0,0,0,0,0,SAFE
63.42122578340138,25.70822215083761,2,0,1,0,1,UNSAFE
46.12706217701126,20.75558933309626,0,0,0,0,0,SAFE
56.71630124396596,5.295734352597281,1,0,1,0,0,MIXED
40.53813804990584,-4.071388276787275,1,0,0,1,0,MIXED
46.47019073729521,23.481737505443,0,0,0,0,0,SAFE
34.03519958212133,29.350800180007035,1,0,0,0,1,MIXED
36.24896005900171,11.575318909834369,0,0,0,0,0,SAFE
42.956527324960255,30.94196362759815,1,0,0,0,1,MIXED
35.13441745535281,17.91247125365683,0,0,0,0,0,SAFE
48.198702038339384,20.684701636794856,0,0,0,0,0,SAFE
46.84320826453363,22.61500222173941,0,0,0,0,0,SAFE
37.56221820315903,31.877797868303247,1,0,0,0,1,MIXED
41.110804814620586,12.56151797017595,0,0,0,0,0,SAFE
52.78100401051003,8.694331331230298,1,0,1,0,0,MIXED
44.56222552559217,7.77165376004763,0,0,0,0,0,SAFE
62.15388652356013,38.086545167267886,2,0,1,0,1,UNSAFE
41.11807214850763,20.198571735005324,0,0,0,0,0,SAFE
42.04159844037905,11.514005115916014,0,0,0,0,0,SAFE
42.95705199284693,14.593985647775405,0,0,0,0,0,SAFE
29.834660740544287,17.630233215655903,1,1,0,0,0,MIXED
41.66165701989885,18.122004566335367,0,0,0,0,0,SAFE
41.37985777788415,11.396606365214543,0,0,0,0,0,SAFE
48.99928048220559,20.33134403708407,0,0,0,0,0,SAFE
53.168378399485505,19.947297644723307,1,0,1,0,0,MIXED
40.41914758547893,21.167685261844355,0,0,0,0,0,SAFE
26.15509472608823,36.03679888730786,2,1,0,0,1,UNSAFE
44.19504115022054,36.84455894125754,1,0,0,0,1,MIXED
35.045239522554944,3.8235461738593575,1,0,0,1,0,MIXED
44.926666341314515,18.62534742766659,0,0,0,0,0,SAFE
44.705958195495555,16.858262032504808,0,0,0,0,0,SAFE
36.97506271258889,0.14644205921478637,1,0,0,1,0,MIXED
44.265204453205484,2.1740799970161895,1,0,0,1,0,MIXED
30.983949618090186,11.193682015317629,0,0,0,0,0,SAFE
45.44527188262707,34.87759237256293,1,0,0,0,1,MIXED
49.83407442603035,29.332175871290808,1,0,0,0,1,MIXED
47.229293500344575,18.66853718943732,0,0,0,0,0,SAFE
62.04632251884874,1.771443861076074,2,0,1,1,0,UNSAFE
38.69415746884604,11.648202304175882,0,0,0,0,0,SAFE
49.148456170866574,5.212232423139122,0,0,0,0,0,SAFE
48.10743686061281,20.796498317694024,0,0,0,0,0,SAFE
48.50677947957438,22.952230468450978,0,0,0,0,0,SAFE
54.30655709306077,14.507905370626245,1,0,1,0,0,MIXED
46.24126327593249,7.634507144370918,0,0,0,0,0,SAFE
34.28163991785946,32.64828784603602,1,0,0,0,1,MIXED
35.5030497011434,21.41312076952888,0,0,0,0,0,SAFE
46.24834239605986,26.749808943372717,1,0,0,0,1,MIXED
